------- FILE FNAF_2.0.bas.asm LEVEL 1 PASS 3
      1  10000 ????						; Provided under the CC0 license. See the included LICENSE.txt for details.
      2  10000 ????
      3  10000 ????				       processor	6502
------- FILE vcs.h LEVEL 2 PASS 3
      0  10000 ????				       include	"vcs.h"
      1  10000 ????						; Provided under the CC0 license. See the included LICENSE.txt for details.
      2  10000 ????
      3  10000 ????						; VCS.H
      4  10000 ????						; Version 1.05, 13/November/2003
      5  10000 ????
      6  10000 ????		00 69	    VERSION_VCS =	105
      7  10000 ????
      8  10000 ????						; THIS IS A PRELIMINARY RELEASE OF *THE* "STANDARD" VCS.H
      9  10000 ????						; THIS FILE IS EXPLICITLY SUPPORTED AS A DASM-PREFERRED COMPANION FILE
     10  10000 ????						; PLEASE DO *NOT* REDISTRIBUTE THIS FILE!
     11  10000 ????						;
     12  10000 ????						; This file defines hardware registers and memory mapping for the
     13  10000 ????						; Atari 2600. It is distributed as a companion machine-specific support package
     14  10000 ????						; for the DASM compiler. Updates to this file, DASM, and associated tools are
     15  10000 ????						; available at at http://www.atari2600.org/dasm
     16  10000 ????						;
     17  10000 ????						; Many thanks to the original author(s) of this file, and to everyone who has
     18  10000 ????						; contributed to understanding the Atari 2600.  If you take issue with the
     19  10000 ????						; contents, or naming of registers, please write to me (atari2600@taswegian.com)
     20  10000 ????						; with your views.  Please contribute, if you think you can improve this
     21  10000 ????						; file!
     22  10000 ????						;
     23  10000 ????						; Latest Revisions...
     24  10000 ????						; 1.05  13/NOV/2003	  - Correction to 1.04 - now functions as requested by MR.
     25  10000 ????						;			  - Added VERSION_VCS equate (which will reflect 100x version #)
     26  10000 ????						;			    This will allow conditional code to verify VCS.H being
     27  10000 ????						;			    used for code assembly.
     28  10000 ????						; 1.04  12/NOV/2003	 Added TIA_BASE_WRITE_ADDRESS and TIA_BASE_READ_ADDRESS for
     29  10000 ????						;			 convenient disassembly/reassembly compatibility for hardware
     30  10000 ????						;			 mirrored reading/writing differences.	This is more a 
     31  10000 ????						;			 readability issue, and binary compatibility with disassembled
     32  10000 ????						;			 and reassembled sources.  Per Manuel Rotschkar's suggestion.
     33  10000 ????						; 1.03  12/MAY/2003	 Added SEG segment at end of file to fix old-code compatibility
     34  10000 ????						;			 which was broken by the use of segments in this file, as
     35  10000 ????						;			 reported by Manuel Polik on [stella] 11/MAY/2003
     36  10000 ????						; 1.02  22/MAR/2003	 Added TIMINT($285)
     37  10000 ????						; 1.01				Constant offset added to allow use for 3F-style bankswitching
     38  10000 ????						;						 - define TIA_BASE_ADDRESS as $40 for Tigervision carts, otherwise
     39  10000 ????						;						   it is safe to leave it undefined, and the base address will
     40  10000 ????						;						   be set to 0.  Thanks to Eckhard Stolberg for the suggestion.
     41  10000 ????						;			    Note, may use -DLABEL=EXPRESSION to define TIA_BASE_ADDRESS
     42  10000 ????						;			  - register definitions are now generated through assignment
     43  10000 ????						;			    in uninitialised segments.	This allows a changeable base
     44  10000 ????						;			    address architecture.
     45  10000 ????						; 1.0	22/MAR/2003		Initial release
     46  10000 ????
     47  10000 ????
     48  10000 ????						;-------------------------------------------------------------------------------
     49  10000 ????
     50  10000 ????						; TIA_BASE_ADDRESS
     51  10000 ????						; The TIA_BASE_ADDRESS defines the base address of access to TIA registers.
     52  10000 ????						; Normally 0, the base address should (externally, before including this file)
     53  10000 ????						; be set to $40 when creating 3F-bankswitched (and other?) cartridges.
     54  10000 ????						; The reason is that this bankswitching scheme treats any access to locations
     55  10000 ????						; < $40 as a bankswitch.
     56  10000 ????
     57  10000 ????			   -	       IFNCONST	TIA_BASE_ADDRESS
     58  10000 ????			   -TIA_BASE_ADDRESS =	0
     59  10000 ????				       ENDIF
     60  10000 ????
     61  10000 ????						; Note: The address may be defined on the command-line using the -D switch, eg:
     62  10000 ????						; dasm.exe code.asm -DTIA_BASE_ADDRESS=$40 -f3 -v5 -ocode.bin
     63  10000 ????						; *OR* by declaring the label before including this file, eg:
     64  10000 ????						; TIA_BASE_ADDRESS = $40
     65  10000 ????						;   include "vcs.h"
     66  10000 ????
     67  10000 ????						; Alternate read/write address capability - allows for some disassembly compatibility
     68  10000 ????						; usage ; to allow reassembly to binary perfect copies).  This is essentially catering
     69  10000 ????						; for the mirrored ROM hardware registers.
     70  10000 ????
     71  10000 ????						; Usage: As per above, define the TIA_BASE_READ_ADDRESS and/or TIA_BASE_WRITE_ADDRESS
     72  10000 ????						; using the -D command-line switch, as required.  If the addresses are not defined, 
     73  10000 ????						; they defaut to the TIA_BASE_ADDRESS.
     74  10000 ????
     75  10000 ????			   -	       IFNCONST	TIA_BASE_READ_ADDRESS
     76  10000 ????			   -TIA_BASE_READ_ADDRESS =	TIA_BASE_ADDRESS
     77  10000 ????				       ENDIF
     78  10000 ????
     79  10000 ????			   -	       IFNCONST	TIA_BASE_WRITE_ADDRESS
     80  10000 ????			   -TIA_BASE_WRITE_ADDRESS =	TIA_BASE_ADDRESS
     81  10000 ????				       ENDIF
     82  10000 ????
     83  10000 ????						;-------------------------------------------------------------------------------
     84  10000 ????
     85 U002d ????				      SEG.U	TIA_REGISTERS_WRITE
     86 U0000					      ORG	TIA_BASE_WRITE_ADDRESS
     87 U0000
     88 U0000							; DO NOT CHANGE THE RELATIVE ORDERING OF REGISTERS!
     89 U0000
     90 U0000		       00	   VSYNC      ds	1	; $00	 0000 00x0   Vertical Sync Set-Clear
     91 U0001		       00	   VBLANK     ds	1	; $01	 xx00 00x0   Vertical Blank Set-Clear
     92 U0002		       00	   WSYNC      ds	1	; $02	 ---- ----   Wait for Horizontal Blank
     93 U0003		       00	   RSYNC      ds	1	; $03	 ---- ----   Reset Horizontal Sync Counter
     94 U0004		       00	   NUSIZ0     ds	1	; $04	 00xx 0xxx   Number-Size player/missle 0
     95 U0005		       00	   NUSIZ1     ds	1	; $05	 00xx 0xxx   Number-Size player/missle 1
     96 U0006		       00	   COLUP0     ds	1	; $06	 xxxx xxx0   Color-Luminance Player 0
     97 U0007		       00	   COLUP1     ds	1	; $07	 xxxx xxx0   Color-Luminance Player 1
     98 U0008		       00	   COLUPF     ds	1	; $08	 xxxx xxx0   Color-Luminance Playfield
     99 U0009		       00	   COLUBK     ds	1	; $09	 xxxx xxx0   Color-Luminance Background
    100 U000a		       00	   CTRLPF     ds	1	; $0A	 00xx 0xxx   Control Playfield, Ball, Collisions
    101 U000b		       00	   REFP0      ds	1	; $0B	 0000 x000   Reflection Player 0
    102 U000c		       00	   REFP1      ds	1	; $0C	 0000 x000   Reflection Player 1
    103 U000d		       00	   PF0	      ds	1	; $0D	 xxxx 0000   Playfield Register Byte 0
    104 U000e		       00	   PF1	      ds	1	; $0E	 xxxx xxxx   Playfield Register Byte 1
    105 U000f		       00	   PF2	      ds	1	; $0F	 xxxx xxxx   Playfield Register Byte 2
    106 U0010		       00	   RESP0      ds	1	; $10	 ---- ----   Reset Player 0
    107 U0011		       00	   RESP1      ds	1	; $11	 ---- ----   Reset Player 1
    108 U0012		       00	   RESM0      ds	1	; $12	 ---- ----   Reset Missle 0
    109 U0013		       00	   RESM1      ds	1	; $13	 ---- ----   Reset Missle 1
    110 U0014		       00	   RESBL      ds	1	; $14	 ---- ----   Reset Ball
    111 U0015		       00	   AUDC0      ds	1	; $15	 0000 xxxx   Audio Control 0
    112 U0016		       00	   AUDC1      ds	1	; $16	 0000 xxxx   Audio Control 1
    113 U0017		       00	   AUDF0      ds	1	; $17	 000x xxxx   Audio Frequency 0
    114 U0018		       00	   AUDF1      ds	1	; $18	 000x xxxx   Audio Frequency 1
    115 U0019		       00	   AUDV0      ds	1	; $19	 0000 xxxx   Audio Volume 0
    116 U001a		       00	   AUDV1      ds	1	; $1A	 0000 xxxx   Audio Volume 1
    117 U001b		       00	   GRP0       ds	1	; $1B	 xxxx xxxx   Graphics Register Player 0
    118 U001c		       00	   GRP1       ds	1	; $1C	 xxxx xxxx   Graphics Register Player 1
    119 U001d		       00	   ENAM0      ds	1	; $1D	 0000 00x0   Graphics Enable Missle 0
    120 U001e		       00	   ENAM1      ds	1	; $1E	 0000 00x0   Graphics Enable Missle 1
    121 U001f		       00	   ENABL      ds	1	; $1F	 0000 00x0   Graphics Enable Ball
    122 U0020		       00	   HMP0       ds	1	; $20	 xxxx 0000   Horizontal Motion Player 0
    123 U0021		       00	   HMP1       ds	1	; $21	 xxxx 0000   Horizontal Motion Player 1
    124 U0022		       00	   HMM0       ds	1	; $22	 xxxx 0000   Horizontal Motion Missle 0
    125 U0023		       00	   HMM1       ds	1	; $23	 xxxx 0000   Horizontal Motion Missle 1
    126 U0024		       00	   HMBL       ds	1	; $24	 xxxx 0000   Horizontal Motion Ball
    127 U0025		       00	   VDELP0     ds	1	; $25	 0000 000x   Vertical Delay Player 0
    128 U0026		       00	   VDELP1     ds	1	; $26	 0000 000x   Vertical Delay Player 1
    129 U0027		       00	   VDELBL     ds	1	; $27	 0000 000x   Vertical Delay Ball
    130 U0028		       00	   RESMP0     ds	1	; $28	 0000 00x0   Reset Missle 0 to Player 0
    131 U0029		       00	   RESMP1     ds	1	; $29	 0000 00x0   Reset Missle 1 to Player 1
    132 U002a		       00	   HMOVE      ds	1	; $2A	 ---- ----   Apply Horizontal Motion
    133 U002b		       00	   HMCLR      ds	1	; $2B	 ---- ----   Clear Horizontal Move Registers
    134 U002c		       00	   CXCLR      ds	1	; $2C	 ---- ----   Clear Collision Latches
    135 U002d
    136 U002d							;-------------------------------------------------------------------------------
    137 U002d
    138 U000e ????				      SEG.U	TIA_REGISTERS_READ
    139 U0000					      ORG	TIA_BASE_READ_ADDRESS
    140 U0000
    141 U0000							;											bit 7	 bit 6
    142 U0000		       00	   CXM0P      ds	1	; $00	     xx00 0000	     Read Collision  M0-P1   M0-P0
    143 U0001		       00	   CXM1P      ds	1	; $01	     xx00 0000			     M1-P0   M1-P1
    144 U0002		       00	   CXP0FB     ds	1	; $02	     xx00 0000			     P0-PF   P0-BL
    145 U0003		       00	   CXP1FB     ds	1	; $03	     xx00 0000			     P1-PF   P1-BL
    146 U0004		       00	   CXM0FB     ds	1	; $04	     xx00 0000			     M0-PF   M0-BL
    147 U0005		       00	   CXM1FB     ds	1	; $05	     xx00 0000			     M1-PF   M1-BL
    148 U0006		       00	   CXBLPF     ds	1	; $06	     x000 0000			     BL-PF   -----
    149 U0007		       00	   CXPPMM     ds	1	; $07	     xx00 0000			     P0-P1   M0-M1
    150 U0008		       00	   INPT0      ds	1	; $08	     x000 0000	     Read Pot Port 0
    151 U0009		       00	   INPT1      ds	1	; $09	     x000 0000	     Read Pot Port 1
    152 U000a		       00	   INPT2      ds	1	; $0A	     x000 0000	     Read Pot Port 2
    153 U000b		       00	   INPT3      ds	1	; $0B	     x000 0000	     Read Pot Port 3
    154 U000c		       00	   INPT4      ds	1	; $0C		x000 0000	 Read Input (Trigger) 0
    155 U000d		       00	   INPT5      ds	1	; $0D		x000 0000	 Read Input (Trigger) 1
    156 U000e
    157 U000e							;-------------------------------------------------------------------------------
    158 U000e
    159 U0298 ????				      SEG.U	RIOT
    160 U0280					      ORG	$280
    161 U0280
    162 U0280							; RIOT MEMORY MAP
    163 U0280
    164 U0280		       00	   SWCHA      ds	1	; $280      Port A data register for joysticks:
    165 U0281							;			Bits 4-7 for player 1.  Bits 0-3 for player 2.
    166 U0281
    167 U0281		       00	   SWACNT     ds	1	; $281      Port A data direction register (DDR)
    168 U0282		       00	   SWCHB      ds	1	; $282		Port B data (console switches)
    169 U0283		       00	   SWBCNT     ds	1	; $283      Port B DDR
    170 U0284		       00	   INTIM      ds	1	; $284		Timer output
    171 U0285
    172 U0285		       00	   TIMINT     ds	1	; $285
    173 U0286
    174 U0286							; Unused/undefined registers ($285-$294)
    175 U0286
    176 U0286		       00		      ds	1	; $286
    177 U0287		       00		      ds	1	; $287
    178 U0288		       00		      ds	1	; $288
    179 U0289		       00		      ds	1	; $289
    180 U028a		       00		      ds	1	; $28A
    181 U028b		       00		      ds	1	; $28B
    182 U028c		       00		      ds	1	; $28C
    183 U028d		       00		      ds	1	; $28D
    184 U028e		       00		      ds	1	; $28E
    185 U028f		       00		      ds	1	; $28F
    186 U0290		       00		      ds	1	; $290
    187 U0291		       00		      ds	1	; $291
    188 U0292		       00		      ds	1	; $292
    189 U0293		       00		      ds	1	; $293
    190 U0294
    191 U0294		       00	   TIM1T      ds	1	; $294		set 1 clock interval
    192 U0295		       00	   TIM8T      ds	1	; $295      set 8 clock interval
    193 U0296		       00	   TIM64T     ds	1	; $296      set 64 clock interval
    194 U0297		       00	   T1024T     ds	1	; $297      set 1024 clock interval
    195 U0298
    196 U0298							;-------------------------------------------------------------------------------
    197 U0298							; The following required for back-compatibility with code which does not use
    198 U0298							; segments.
    199 U0298
    200  10000 ????				       SEG
    201  10000 ????
    202  10000 ????						; EOF
------- FILE FNAF_2.0.bas.asm
------- FILE macro.h LEVEL 2 PASS 3
      0  10000 ????				       include	"macro.h"
      1  10000 ????						; Provided under the CC0 license. See the included LICENSE.txt for details.
      2  10000 ????
      3  10000 ????						; MACRO.H
      4  10000 ????						; Version 1.05, 13/NOVEMBER/2003
      5  10000 ????
      6  10000 ????		00 69	    VERSION_MACRO =	105
      7  10000 ????
      8  10000 ????						;
      9  10000 ????						; THIS FILE IS EXPLICITLY SUPPORTED AS A DASM-PREFERRED COMPANION FILE
     10  10000 ????						; PLEASE DO *NOT* REDISTRIBUTE MODIFIED VERSIONS OF THIS FILE!
     11  10000 ????						;
     12  10000 ????						; This file defines DASM macros useful for development for the Atari 2600.
     13  10000 ????						; It is distributed as a companion machine-specific support package
     14  10000 ????						; for the DASM compiler. Updates to this file, DASM, and associated tools are
     15  10000 ????						; available at at http://www.atari2600.org/dasm
     16  10000 ????						;
     17  10000 ????						; Many thanks to the people who have contributed.  If you take issue with the
     18  10000 ????						; contents, or would like to add something, please write to me
     19  10000 ????						; (atari2600@taswegian.com) with your contribution.
     20  10000 ????						;
     21  10000 ????						; Latest Revisions...
     22  10000 ????						;
     23  10000 ????						; 1.05  14/NOV/2003	  - Added VERSION_MACRO equate (which will reflect 100x version #)
     24  10000 ????						;			    This will allow conditional code to verify MACRO.H being
     25  10000 ????						;			    used for code assembly.
     26  10000 ????						; 1.04  13/NOV/2003	 - SET_POINTER macro added (16-bit address load)
     27  10000 ????						;
     28  10000 ????						; 1.03  23/JUN/2003	 - CLEAN_START macro added - clears TIA, RAM, registers
     29  10000 ????						;
     30  10000 ????						; 1.02  14/JUN/2003	 - VERTICAL_SYNC macro added
     31  10000 ????						;			   (standardised macro for vertical synch code)
     32  10000 ????						; 1.01  22/MAR/2003	 - SLEEP macro added. 
     33  10000 ????						;			 - NO_ILLEGAL_OPCODES switch implemented
     34  10000 ????						; 1.0	22/MAR/2003		Initial release
     35  10000 ????
     36  10000 ????						; Note: These macros use illegal opcodes.  To disable illegal opcode usage, 
     37  10000 ????						;   define the symbol NO_ILLEGAL_OPCODES (-DNO_ILLEGAL_OPCODES=1 on command-line).
     38  10000 ????						;   If you do not allow illegal opcode usage, you must include this file 
     39  10000 ????						;   *after* including VCS.H (as the non-illegal opcodes access hardware
     40  10000 ????						;   registers and require them to be defined first).
     41  10000 ????
     42  10000 ????						; Available macros...
     43  10000 ????						;   SLEEP n		 - sleep for n cycles
     44  10000 ????						;   VERTICAL_SYNC	 - correct 3 scanline vertical synch code
     45  10000 ????						;   CLEAN_START	 - set machine to known state on startup
     46  10000 ????						;   SET_POINTER	 - load a 16-bit absolute to a 16-bit variable
     47  10000 ????
     48  10000 ????						;-------------------------------------------------------------------------------
     49  10000 ????						; SLEEP duration
     50  10000 ????						; Original author: Thomas Jentzsch
     51  10000 ????						; Inserts code which takes the specified number of cycles to execute.	This is
     52  10000 ????						; useful for code where precise timing is required.
     53  10000 ????						; ILLEGAL-OPCODE VERSION DOES NOT AFFECT FLAGS OR REGISTERS.
     54  10000 ????						; LEGAL OPCODE VERSION MAY AFFECT FLAGS
     55  10000 ????						; Uses illegal opcode (DASM 2.20.01 onwards).
     56  10000 ????
     57  10000 ????				       MAC	sleep
     58  10000 ????			    .CYCLES    SET	{1}
     59  10000 ????
     60  10000 ????				       IF	.CYCLES < 2
     61  10000 ????				       ECHO	"MACRO ERROR: 'SLEEP': Duration must be > 1"
     62  10000 ????				       ERR
     63  10000 ????				       ENDIF
     64  10000 ????
     65  10000 ????				       IF	.CYCLES & 1
     66  10000 ????				       IFNCONST	NO_ILLEGAL_OPCODES
     67  10000 ????				       nop	0
     68  10000 ????				       ELSE
     69  10000 ????				       bit	VSYNC
     70  10000 ????				       ENDIF
     71  10000 ????			    .CYCLES    SET	.CYCLES - 3
     72  10000 ????				       ENDIF
     73  10000 ????
     74  10000 ????				       REPEAT	.CYCLES / 2
     75  10000 ????				       nop
     76  10000 ????				       REPEND
     77  10000 ????				       ENDM		;usage: SLEEP n (n>1)
     78  10000 ????
     79  10000 ????						;-------------------------------------------------------------------------------
     80  10000 ????						; VERTICAL_SYNC
     81  10000 ????						; Original author: Manuel Polik
     82  10000 ????						; Inserts the code required for a proper 3 scannline 
     83  10000 ????						; vertical sync sequence
     84  10000 ????						;
     85  10000 ????						; Note: Alters the accumulator
     86  10000 ????						;
     87  10000 ????						; IN:
     88  10000 ????						; OUT: A = 1
     89  10000 ????
     90  10000 ????				       MAC	vertical_sync
     91  10000 ????				       LDA	#$02	; A = VSYNC enable
     92  10000 ????				       STA	WSYNC	; Finish current line
     93  10000 ????				       STA	VSYNC	; Start vertical sync
     94  10000 ????				       STA	WSYNC	; 1st line vertical sync
     95  10000 ????				       STA	WSYNC	; 2nd line vertical sync
     96  10000 ????				       LSR		; A = VSYNC disable
     97  10000 ????				       STA	WSYNC	; 3rd line vertical sync
     98  10000 ????				       STA	VSYNC	; Stop vertical sync
     99  10000 ????				       ENDM
    100  10000 ????
    101  10000 ????						;-------------------------------------------------------------------------------
    102  10000 ????						; CLEAN_START
    103  10000 ????						; Original author: Andrew Davie
    104  10000 ????						; Standardised start-up code, clears stack, all TIA registers and RAM to 0
    105  10000 ????						; Sets stack pointer to $FF, and all registers to 0
    106  10000 ????						; Sets decimal mode off, sets interrupt flag (kind of un-necessary)
    107  10000 ????						; Use as very first section of code on boot (ie: at reset)
    108  10000 ????						; Code written to minimise total ROM usage - uses weird 6502 knowledge :)
    109  10000 ????
    110  10000 ????				       MAC	clean_start
    111  10000 ????				       sei
    112  10000 ????				       cld
    113  10000 ????
    114  10000 ????				       ldx	#0
    115  10000 ????				       txa
    116  10000 ????				       tay
    117  10000 ????			    .CLEAR_STACK dex
    118  10000 ????				       txs
    119  10000 ????				       pha
    120  10000 ????				       bne	.CLEAR_STACK	; SP=$FF, X = A = Y = 0
    121  10000 ????
    122  10000 ????				       ENDM
    123  10000 ????
    124  10000 ????						;-------------------------------------------------------
    125  10000 ????						; SET_POINTER
    126  10000 ????						; Original author: Manuel Rotschkar
    127  10000 ????						;
    128  10000 ????						; Sets a 2 byte RAM pointer to an absolute address.
    129  10000 ????						;
    130  10000 ????						; Usage: SET_POINTER pointer, address
    131  10000 ????						; Example: SET_POINTER SpritePTR, SpriteData
    132  10000 ????						;
    133  10000 ????						; Note: Alters the accumulator, NZ flags
    134  10000 ????						; IN 1: 2 byte RAM location reserved for pointer
    135  10000 ????						; IN 2: absolute address
    136  10000 ????
    137  10000 ????				       MAC	set_pointer
    138  10000 ????			    .POINTER   SET	{1}
    139  10000 ????			    .ADDRESS   SET	{2}
    140  10000 ????
    141  10000 ????				       LDA	#<.ADDRESS	; Get Lowbyte of Address
    142  10000 ????				       STA	.POINTER	; Store in pointer
    143  10000 ????				       LDA	#>.ADDRESS	; Get Hibyte of Address
    144  10000 ????				       STA	.POINTER+1	; Store in pointer+1
    145  10000 ????
    146  10000 ????				       ENDM
    147  10000 ????
    148  10000 ????						; EOF
------- FILE FNAF_2.0.bas.asm
------- FILE 2600basic.h LEVEL 2 PASS 3
      0  10000 ????				       include	"2600basic.h"
      1  10000 ????						; Provided under the CC0 license. See the included LICENSE.txt for details.
      2  10000 ????
      3  10000 ????				       processor	6502
------- FILE vcs.h LEVEL 3 PASS 3
      0  10000 ????				       include	"vcs.h"
      1  10000 ????						; Provided under the CC0 license. See the included LICENSE.txt for details.
      2  10000 ????
      3  10000 ????						; VCS.H
      4  10000 ????						; Version 1.05, 13/November/2003
      5  10000 ????
      6  10000 ????		00 69	    VERSION_VCS =	105
      7  10000 ????
      8  10000 ????						; THIS IS A PRELIMINARY RELEASE OF *THE* "STANDARD" VCS.H
      9  10000 ????						; THIS FILE IS EXPLICITLY SUPPORTED AS A DASM-PREFERRED COMPANION FILE
     10  10000 ????						; PLEASE DO *NOT* REDISTRIBUTE THIS FILE!
     11  10000 ????						;
     12  10000 ????						; This file defines hardware registers and memory mapping for the
     13  10000 ????						; Atari 2600. It is distributed as a companion machine-specific support package
     14  10000 ????						; for the DASM compiler. Updates to this file, DASM, and associated tools are
     15  10000 ????						; available at at http://www.atari2600.org/dasm
     16  10000 ????						;
     17  10000 ????						; Many thanks to the original author(s) of this file, and to everyone who has
     18  10000 ????						; contributed to understanding the Atari 2600.  If you take issue with the
     19  10000 ????						; contents, or naming of registers, please write to me (atari2600@taswegian.com)
     20  10000 ????						; with your views.  Please contribute, if you think you can improve this
     21  10000 ????						; file!
     22  10000 ????						;
     23  10000 ????						; Latest Revisions...
     24  10000 ????						; 1.05  13/NOV/2003	  - Correction to 1.04 - now functions as requested by MR.
     25  10000 ????						;			  - Added VERSION_VCS equate (which will reflect 100x version #)
     26  10000 ????						;			    This will allow conditional code to verify VCS.H being
     27  10000 ????						;			    used for code assembly.
     28  10000 ????						; 1.04  12/NOV/2003	 Added TIA_BASE_WRITE_ADDRESS and TIA_BASE_READ_ADDRESS for
     29  10000 ????						;			 convenient disassembly/reassembly compatibility for hardware
     30  10000 ????						;			 mirrored reading/writing differences.	This is more a 
     31  10000 ????						;			 readability issue, and binary compatibility with disassembled
     32  10000 ????						;			 and reassembled sources.  Per Manuel Rotschkar's suggestion.
     33  10000 ????						; 1.03  12/MAY/2003	 Added SEG segment at end of file to fix old-code compatibility
     34  10000 ????						;			 which was broken by the use of segments in this file, as
     35  10000 ????						;			 reported by Manuel Polik on [stella] 11/MAY/2003
     36  10000 ????						; 1.02  22/MAR/2003	 Added TIMINT($285)
     37  10000 ????						; 1.01				Constant offset added to allow use for 3F-style bankswitching
     38  10000 ????						;						 - define TIA_BASE_ADDRESS as $40 for Tigervision carts, otherwise
     39  10000 ????						;						   it is safe to leave it undefined, and the base address will
     40  10000 ????						;						   be set to 0.  Thanks to Eckhard Stolberg for the suggestion.
     41  10000 ????						;			    Note, may use -DLABEL=EXPRESSION to define TIA_BASE_ADDRESS
     42  10000 ????						;			  - register definitions are now generated through assignment
     43  10000 ????						;			    in uninitialised segments.	This allows a changeable base
     44  10000 ????						;			    address architecture.
     45  10000 ????						; 1.0	22/MAR/2003		Initial release
     46  10000 ????
     47  10000 ????
     48  10000 ????						;-------------------------------------------------------------------------------
     49  10000 ????
     50  10000 ????						; TIA_BASE_ADDRESS
     51  10000 ????						; The TIA_BASE_ADDRESS defines the base address of access to TIA registers.
     52  10000 ????						; Normally 0, the base address should (externally, before including this file)
     53  10000 ????						; be set to $40 when creating 3F-bankswitched (and other?) cartridges.
     54  10000 ????						; The reason is that this bankswitching scheme treats any access to locations
     55  10000 ????						; < $40 as a bankswitch.
     56  10000 ????
     57  10000 ????			   -	       IFNCONST	TIA_BASE_ADDRESS
     58  10000 ????			   -TIA_BASE_ADDRESS =	0
     59  10000 ????				       ENDIF
     60  10000 ????
     61  10000 ????						; Note: The address may be defined on the command-line using the -D switch, eg:
     62  10000 ????						; dasm.exe code.asm -DTIA_BASE_ADDRESS=$40 -f3 -v5 -ocode.bin
     63  10000 ????						; *OR* by declaring the label before including this file, eg:
     64  10000 ????						; TIA_BASE_ADDRESS = $40
     65  10000 ????						;   include "vcs.h"
     66  10000 ????
     67  10000 ????						; Alternate read/write address capability - allows for some disassembly compatibility
     68  10000 ????						; usage ; to allow reassembly to binary perfect copies).  This is essentially catering
     69  10000 ????						; for the mirrored ROM hardware registers.
     70  10000 ????
     71  10000 ????						; Usage: As per above, define the TIA_BASE_READ_ADDRESS and/or TIA_BASE_WRITE_ADDRESS
     72  10000 ????						; using the -D command-line switch, as required.  If the addresses are not defined, 
     73  10000 ????						; they defaut to the TIA_BASE_ADDRESS.
     74  10000 ????
     75  10000 ????			   -	       IFNCONST	TIA_BASE_READ_ADDRESS
     76  10000 ????			   -TIA_BASE_READ_ADDRESS =	TIA_BASE_ADDRESS
     77  10000 ????				       ENDIF
     78  10000 ????
     79  10000 ????			   -	       IFNCONST	TIA_BASE_WRITE_ADDRESS
     80  10000 ????			   -TIA_BASE_WRITE_ADDRESS =	TIA_BASE_ADDRESS
     81  10000 ????				       ENDIF
     82  10000 ????
     83  10000 ????						;-------------------------------------------------------------------------------
     84  10000 ????
     85 U002d					      SEG.U	TIA_REGISTERS_WRITE
     86 U0000					      ORG	TIA_BASE_WRITE_ADDRESS
     87 U0000
     88 U0000							; DO NOT CHANGE THE RELATIVE ORDERING OF REGISTERS!
     89 U0000
     90 U0000		       00	   VSYNC      ds	1	; $00	 0000 00x0   Vertical Sync Set-Clear
     91 U0001		       00	   VBLANK     ds	1	; $01	 xx00 00x0   Vertical Blank Set-Clear
     92 U0002		       00	   WSYNC      ds	1	; $02	 ---- ----   Wait for Horizontal Blank
     93 U0003		       00	   RSYNC      ds	1	; $03	 ---- ----   Reset Horizontal Sync Counter
     94 U0004		       00	   NUSIZ0     ds	1	; $04	 00xx 0xxx   Number-Size player/missle 0
     95 U0005		       00	   NUSIZ1     ds	1	; $05	 00xx 0xxx   Number-Size player/missle 1
     96 U0006		       00	   COLUP0     ds	1	; $06	 xxxx xxx0   Color-Luminance Player 0
     97 U0007		       00	   COLUP1     ds	1	; $07	 xxxx xxx0   Color-Luminance Player 1
     98 U0008		       00	   COLUPF     ds	1	; $08	 xxxx xxx0   Color-Luminance Playfield
     99 U0009		       00	   COLUBK     ds	1	; $09	 xxxx xxx0   Color-Luminance Background
    100 U000a		       00	   CTRLPF     ds	1	; $0A	 00xx 0xxx   Control Playfield, Ball, Collisions
    101 U000b		       00	   REFP0      ds	1	; $0B	 0000 x000   Reflection Player 0
    102 U000c		       00	   REFP1      ds	1	; $0C	 0000 x000   Reflection Player 1
    103 U000d		       00	   PF0	      ds	1	; $0D	 xxxx 0000   Playfield Register Byte 0
    104 U000e		       00	   PF1	      ds	1	; $0E	 xxxx xxxx   Playfield Register Byte 1
    105 U000f		       00	   PF2	      ds	1	; $0F	 xxxx xxxx   Playfield Register Byte 2
    106 U0010		       00	   RESP0      ds	1	; $10	 ---- ----   Reset Player 0
    107 U0011		       00	   RESP1      ds	1	; $11	 ---- ----   Reset Player 1
    108 U0012		       00	   RESM0      ds	1	; $12	 ---- ----   Reset Missle 0
    109 U0013		       00	   RESM1      ds	1	; $13	 ---- ----   Reset Missle 1
    110 U0014		       00	   RESBL      ds	1	; $14	 ---- ----   Reset Ball
    111 U0015		       00	   AUDC0      ds	1	; $15	 0000 xxxx   Audio Control 0
    112 U0016		       00	   AUDC1      ds	1	; $16	 0000 xxxx   Audio Control 1
    113 U0017		       00	   AUDF0      ds	1	; $17	 000x xxxx   Audio Frequency 0
    114 U0018		       00	   AUDF1      ds	1	; $18	 000x xxxx   Audio Frequency 1
    115 U0019		       00	   AUDV0      ds	1	; $19	 0000 xxxx   Audio Volume 0
    116 U001a		       00	   AUDV1      ds	1	; $1A	 0000 xxxx   Audio Volume 1
    117 U001b		       00	   GRP0       ds	1	; $1B	 xxxx xxxx   Graphics Register Player 0
    118 U001c		       00	   GRP1       ds	1	; $1C	 xxxx xxxx   Graphics Register Player 1
    119 U001d		       00	   ENAM0      ds	1	; $1D	 0000 00x0   Graphics Enable Missle 0
    120 U001e		       00	   ENAM1      ds	1	; $1E	 0000 00x0   Graphics Enable Missle 1
    121 U001f		       00	   ENABL      ds	1	; $1F	 0000 00x0   Graphics Enable Ball
    122 U0020		       00	   HMP0       ds	1	; $20	 xxxx 0000   Horizontal Motion Player 0
    123 U0021		       00	   HMP1       ds	1	; $21	 xxxx 0000   Horizontal Motion Player 1
    124 U0022		       00	   HMM0       ds	1	; $22	 xxxx 0000   Horizontal Motion Missle 0
    125 U0023		       00	   HMM1       ds	1	; $23	 xxxx 0000   Horizontal Motion Missle 1
    126 U0024		       00	   HMBL       ds	1	; $24	 xxxx 0000   Horizontal Motion Ball
    127 U0025		       00	   VDELP0     ds	1	; $25	 0000 000x   Vertical Delay Player 0
    128 U0026		       00	   VDELP1     ds	1	; $26	 0000 000x   Vertical Delay Player 1
    129 U0027		       00	   VDELBL     ds	1	; $27	 0000 000x   Vertical Delay Ball
    130 U0028		       00	   RESMP0     ds	1	; $28	 0000 00x0   Reset Missle 0 to Player 0
    131 U0029		       00	   RESMP1     ds	1	; $29	 0000 00x0   Reset Missle 1 to Player 1
    132 U002a		       00	   HMOVE      ds	1	; $2A	 ---- ----   Apply Horizontal Motion
    133 U002b		       00	   HMCLR      ds	1	; $2B	 ---- ----   Clear Horizontal Move Registers
    134 U002c		       00	   CXCLR      ds	1	; $2C	 ---- ----   Clear Collision Latches
    135 U002d
    136 U002d							;-------------------------------------------------------------------------------
    137 U002d
    138 U000e					      SEG.U	TIA_REGISTERS_READ
    139 U0000					      ORG	TIA_BASE_READ_ADDRESS
    140 U0000
    141 U0000							;											bit 7	 bit 6
    142 U0000		       00	   CXM0P      ds	1	; $00	     xx00 0000	     Read Collision  M0-P1   M0-P0
    143 U0001		       00	   CXM1P      ds	1	; $01	     xx00 0000			     M1-P0   M1-P1
    144 U0002		       00	   CXP0FB     ds	1	; $02	     xx00 0000			     P0-PF   P0-BL
    145 U0003		       00	   CXP1FB     ds	1	; $03	     xx00 0000			     P1-PF   P1-BL
    146 U0004		       00	   CXM0FB     ds	1	; $04	     xx00 0000			     M0-PF   M0-BL
    147 U0005		       00	   CXM1FB     ds	1	; $05	     xx00 0000			     M1-PF   M1-BL
    148 U0006		       00	   CXBLPF     ds	1	; $06	     x000 0000			     BL-PF   -----
    149 U0007		       00	   CXPPMM     ds	1	; $07	     xx00 0000			     P0-P1   M0-M1
    150 U0008		       00	   INPT0      ds	1	; $08	     x000 0000	     Read Pot Port 0
    151 U0009		       00	   INPT1      ds	1	; $09	     x000 0000	     Read Pot Port 1
    152 U000a		       00	   INPT2      ds	1	; $0A	     x000 0000	     Read Pot Port 2
    153 U000b		       00	   INPT3      ds	1	; $0B	     x000 0000	     Read Pot Port 3
    154 U000c		       00	   INPT4      ds	1	; $0C		x000 0000	 Read Input (Trigger) 0
    155 U000d		       00	   INPT5      ds	1	; $0D		x000 0000	 Read Input (Trigger) 1
    156 U000e
    157 U000e							;-------------------------------------------------------------------------------
    158 U000e
    159 U0298					      SEG.U	RIOT
    160 U0280					      ORG	$280
    161 U0280
    162 U0280							; RIOT MEMORY MAP
    163 U0280
    164 U0280		       00	   SWCHA      ds	1	; $280      Port A data register for joysticks:
    165 U0281							;			Bits 4-7 for player 1.  Bits 0-3 for player 2.
    166 U0281
    167 U0281		       00	   SWACNT     ds	1	; $281      Port A data direction register (DDR)
    168 U0282		       00	   SWCHB      ds	1	; $282		Port B data (console switches)
    169 U0283		       00	   SWBCNT     ds	1	; $283      Port B DDR
    170 U0284		       00	   INTIM      ds	1	; $284		Timer output
    171 U0285
    172 U0285		       00	   TIMINT     ds	1	; $285
    173 U0286
    174 U0286							; Unused/undefined registers ($285-$294)
    175 U0286
    176 U0286		       00		      ds	1	; $286
    177 U0287		       00		      ds	1	; $287
    178 U0288		       00		      ds	1	; $288
    179 U0289		       00		      ds	1	; $289
    180 U028a		       00		      ds	1	; $28A
    181 U028b		       00		      ds	1	; $28B
    182 U028c		       00		      ds	1	; $28C
    183 U028d		       00		      ds	1	; $28D
    184 U028e		       00		      ds	1	; $28E
    185 U028f		       00		      ds	1	; $28F
    186 U0290		       00		      ds	1	; $290
    187 U0291		       00		      ds	1	; $291
    188 U0292		       00		      ds	1	; $292
    189 U0293		       00		      ds	1	; $293
    190 U0294
    191 U0294		       00	   TIM1T      ds	1	; $294		set 1 clock interval
    192 U0295		       00	   TIM8T      ds	1	; $295      set 8 clock interval
    193 U0296		       00	   TIM64T     ds	1	; $296      set 64 clock interval
    194 U0297		       00	   T1024T     ds	1	; $297      set 1024 clock interval
    195 U0298
    196 U0298							;-------------------------------------------------------------------------------
    197 U0298							; The following required for back-compatibility with code which does not use
    198 U0298							; segments.
    199 U0298
    200  10000 ????				       SEG
    201  10000 ????
    202  10000 ????						; EOF
------- FILE 2600basic.h
------- FILE macro.h LEVEL 3 PASS 3
      0  10000 ????				       include	"macro.h"
      1  10000 ????						; Provided under the CC0 license. See the included LICENSE.txt for details.
      2  10000 ????
      3  10000 ????						; MACRO.H
      4  10000 ????						; Version 1.05, 13/NOVEMBER/2003
      5  10000 ????
      6  10000 ????		00 69	    VERSION_MACRO =	105
      7  10000 ????
      8  10000 ????						;
      9  10000 ????						; THIS FILE IS EXPLICITLY SUPPORTED AS A DASM-PREFERRED COMPANION FILE
     10  10000 ????						; PLEASE DO *NOT* REDISTRIBUTE MODIFIED VERSIONS OF THIS FILE!
     11  10000 ????						;
     12  10000 ????						; This file defines DASM macros useful for development for the Atari 2600.
     13  10000 ????						; It is distributed as a companion machine-specific support package
     14  10000 ????						; for the DASM compiler. Updates to this file, DASM, and associated tools are
     15  10000 ????						; available at at http://www.atari2600.org/dasm
     16  10000 ????						;
     17  10000 ????						; Many thanks to the people who have contributed.  If you take issue with the
     18  10000 ????						; contents, or would like to add something, please write to me
     19  10000 ????						; (atari2600@taswegian.com) with your contribution.
     20  10000 ????						;
     21  10000 ????						; Latest Revisions...
     22  10000 ????						;
     23  10000 ????						; 1.05  14/NOV/2003	  - Added VERSION_MACRO equate (which will reflect 100x version #)
     24  10000 ????						;			    This will allow conditional code to verify MACRO.H being
     25  10000 ????						;			    used for code assembly.
     26  10000 ????						; 1.04  13/NOV/2003	 - SET_POINTER macro added (16-bit address load)
     27  10000 ????						;
     28  10000 ????						; 1.03  23/JUN/2003	 - CLEAN_START macro added - clears TIA, RAM, registers
     29  10000 ????						;
     30  10000 ????						; 1.02  14/JUN/2003	 - VERTICAL_SYNC macro added
     31  10000 ????						;			   (standardised macro for vertical synch code)
     32  10000 ????						; 1.01  22/MAR/2003	 - SLEEP macro added. 
     33  10000 ????						;			 - NO_ILLEGAL_OPCODES switch implemented
     34  10000 ????						; 1.0	22/MAR/2003		Initial release
     35  10000 ????
     36  10000 ????						; Note: These macros use illegal opcodes.  To disable illegal opcode usage, 
     37  10000 ????						;   define the symbol NO_ILLEGAL_OPCODES (-DNO_ILLEGAL_OPCODES=1 on command-line).
     38  10000 ????						;   If you do not allow illegal opcode usage, you must include this file 
     39  10000 ????						;   *after* including VCS.H (as the non-illegal opcodes access hardware
     40  10000 ????						;   registers and require them to be defined first).
     41  10000 ????
     42  10000 ????						; Available macros...
     43  10000 ????						;   SLEEP n		 - sleep for n cycles
     44  10000 ????						;   VERTICAL_SYNC	 - correct 3 scanline vertical synch code
     45  10000 ????						;   CLEAN_START	 - set machine to known state on startup
     46  10000 ????						;   SET_POINTER	 - load a 16-bit absolute to a 16-bit variable
     47  10000 ????
     48  10000 ????						;-------------------------------------------------------------------------------
     49  10000 ????						; SLEEP duration
     50  10000 ????						; Original author: Thomas Jentzsch
     51  10000 ????						; Inserts code which takes the specified number of cycles to execute.	This is
     52  10000 ????						; useful for code where precise timing is required.
     53  10000 ????						; ILLEGAL-OPCODE VERSION DOES NOT AFFECT FLAGS OR REGISTERS.
     54  10000 ????						; LEGAL OPCODE VERSION MAY AFFECT FLAGS
     55  10000 ????						; Uses illegal opcode (DASM 2.20.01 onwards).
     56  10000 ????
     57  10000 ????				       MAC	sleep
     58  10000 ????			    .CYCLES    SET	{1}
     59  10000 ????
     60  10000 ????				       IF	.CYCLES < 2
     61  10000 ????				       ECHO	"MACRO ERROR: 'SLEEP': Duration must be > 1"
     62  10000 ????				       ERR
     63  10000 ????				       ENDIF
     64  10000 ????
     65  10000 ????				       IF	.CYCLES & 1
     66  10000 ????				       IFNCONST	NO_ILLEGAL_OPCODES
     67  10000 ????				       nop	0
     68  10000 ????				       ELSE
     69  10000 ????				       bit	VSYNC
     70  10000 ????				       ENDIF
     71  10000 ????			    .CYCLES    SET	.CYCLES - 3
     72  10000 ????				       ENDIF
     73  10000 ????
     74  10000 ????				       REPEAT	.CYCLES / 2
     75  10000 ????				       nop
     76  10000 ????				       REPEND
     77  10000 ????				       ENDM		;usage: SLEEP n (n>1)
     78  10000 ????
     79  10000 ????						;-------------------------------------------------------------------------------
     80  10000 ????						; VERTICAL_SYNC
     81  10000 ????						; Original author: Manuel Polik
     82  10000 ????						; Inserts the code required for a proper 3 scannline 
     83  10000 ????						; vertical sync sequence
     84  10000 ????						;
     85  10000 ????						; Note: Alters the accumulator
     86  10000 ????						;
     87  10000 ????						; IN:
     88  10000 ????						; OUT: A = 1
     89  10000 ????
     90  10000 ????				       MAC	vertical_sync
     91  10000 ????				       LDA	#$02	; A = VSYNC enable
     92  10000 ????				       STA	WSYNC	; Finish current line
     93  10000 ????				       STA	VSYNC	; Start vertical sync
     94  10000 ????				       STA	WSYNC	; 1st line vertical sync
     95  10000 ????				       STA	WSYNC	; 2nd line vertical sync
     96  10000 ????				       LSR		; A = VSYNC disable
     97  10000 ????				       STA	WSYNC	; 3rd line vertical sync
     98  10000 ????				       STA	VSYNC	; Stop vertical sync
     99  10000 ????				       ENDM
    100  10000 ????
    101  10000 ????						;-------------------------------------------------------------------------------
    102  10000 ????						; CLEAN_START
    103  10000 ????						; Original author: Andrew Davie
    104  10000 ????						; Standardised start-up code, clears stack, all TIA registers and RAM to 0
    105  10000 ????						; Sets stack pointer to $FF, and all registers to 0
    106  10000 ????						; Sets decimal mode off, sets interrupt flag (kind of un-necessary)
    107  10000 ????						; Use as very first section of code on boot (ie: at reset)
    108  10000 ????						; Code written to minimise total ROM usage - uses weird 6502 knowledge :)
    109  10000 ????
    110  10000 ????				       MAC	clean_start
    111  10000 ????				       sei
    112  10000 ????				       cld
    113  10000 ????
    114  10000 ????				       ldx	#0
    115  10000 ????				       txa
    116  10000 ????				       tay
    117  10000 ????			    .CLEAR_STACK dex
    118  10000 ????				       txs
    119  10000 ????				       pha
    120  10000 ????				       bne	.CLEAR_STACK	; SP=$FF, X = A = Y = 0
    121  10000 ????
    122  10000 ????				       ENDM
    123  10000 ????
    124  10000 ????						;-------------------------------------------------------
    125  10000 ????						; SET_POINTER
    126  10000 ????						; Original author: Manuel Rotschkar
    127  10000 ????						;
    128  10000 ????						; Sets a 2 byte RAM pointer to an absolute address.
    129  10000 ????						;
    130  10000 ????						; Usage: SET_POINTER pointer, address
    131  10000 ????						; Example: SET_POINTER SpritePTR, SpriteData
    132  10000 ????						;
    133  10000 ????						; Note: Alters the accumulator, NZ flags
    134  10000 ????						; IN 1: 2 byte RAM location reserved for pointer
    135  10000 ????						; IN 2: absolute address
    136  10000 ????
    137  10000 ????				       MAC	set_pointer
    138  10000 ????			    .POINTER   SET	{1}
    139  10000 ????			    .ADDRESS   SET	{2}
    140  10000 ????
    141  10000 ????				       LDA	#<.ADDRESS	; Get Lowbyte of Address
    142  10000 ????				       STA	.POINTER	; Store in pointer
    143  10000 ????				       LDA	#>.ADDRESS	; Get Hibyte of Address
    144  10000 ????				       STA	.POINTER+1	; Store in pointer+1
    145  10000 ????
    146  10000 ????				       ENDM
    147  10000 ????
    148  10000 ????						; EOF
------- FILE 2600basic.h
------- FILE 2600basic_variable_redefs.h LEVEL 3 PASS 3
      0  10000 ????				       include	"2600basic_variable_redefs.h"
      1  10000 ????						; This file contains variable mapping and other information for the current project.
      2  10000 ????
      3  10000 ????		00 e2	    input_latch =	o
      4  10000 ????
      5  10000 ????		00 e1	    ai_second  =	n
      6  10000 ????
      7  10000 ????		00 e0	    power_tick =	m
      8  10000 ????
      9  10000 ????		00 df	    Fox_Tick   =	l
     10  10000 ????
     11  10000 ????		00 de	    Chic_Tick  =	k
     12  10000 ????
     13  10000 ????		00 dd	    Bon_Tick   =	j
     14  10000 ????
     15  10000 ????		00 dc	    move_rate  =	i
     16  10000 ????
     17  10000 ????		00 db	    rand16     =	h
     18  10000 ????
     19  10000 ????		00 da	    powerloss  =	g
     20  10000 ????
     21  10000 ????		00 d9	    powertotal =	f
     22  10000 ????
     23  10000 ????		00 d8	    night      =	e
     24  10000 ????
     25  10000 ????		00 d7	    time       =	d
     26  10000 ????
     27  10000 ????		00 d6	    seconds    =	c
     28  10000 ????
     29  10000 ????		00 d5	    tick       =	b
     30  10000 ????
     31  10000 ????		00 d4	    doorctl    =	a
     32  10000 ????
     33  10000 ????		00 01	    pfscore    =	1
     34  10000 ????
     35  10000 ????		00 2b	    vblank_time =	43
     36  10000 ????		00 25	    overscan_time =	37
------- FILE 2600basic.h
      7  10000 ????
      8  10000 ????		00 80	    player0x   =	$80
      9  10000 ????		00 81	    player1x   =	$81
     10  10000 ????		00 82	    missile0x  =	$82
     11  10000 ????		00 83	    missile1x  =	$83
     12  10000 ????		00 84	    ballx      =	$84
     13  10000 ????
     14  10000 ????		00 85	    objecty    =	$85
     15  10000 ????		00 85	    player0y   =	$85
     16  10000 ????		00 86	    player1y   =	$86
     17  10000 ????		00 87	    missile1height =	$87
     18  10000 ????		00 88	    missile1y  =	$88
     19  10000 ????		00 89	    bally      =	$89
     20  10000 ????
     21  10000 ????		00 87	    player1color =	$87	; replaces missile 1
     22  10000 ????
     23  10000 ????		00 8a	    player0pointer =	$8A	;uses $8A-$8B
     24  10000 ????		00 8a	    player0pointerlo =	$8A
     25  10000 ????		00 8b	    player0pointerhi =	$8B
     26  10000 ????		00 8c	    player1pointer =	$8C	; $8C-$8D
     27  10000 ????		00 8c	    player1pointerlo =	$8C
     28  10000 ????		00 8d	    player1pointerhi =	$8D
     29  10000 ????
     30  10000 ????		00 8e	    player0height =	$8E
     31  10000 ????		00 8f	    player1height =	$8F
     32  10000 ????		00 90	    missile0height =	$90
     33  10000 ????		00 91	    missile0y  =	$91
     34  10000 ????		00 92	    ballheight =	$92
     35  10000 ????
     36  10000 ????		00 90	    currentpaddle =	$90	; replaces missile 0 (and can't be used with playercolor)
     37  10000 ????		00 91	    paddle     =	$91	; replaces missile 0
     38  10000 ????		00 82	    player0colorstore =	$82	; replaces missile 0
     39  10000 ????		00 90	    player0color =	$90	; replaces missile 0
     40  10000 ????
     41  10000 ????		00 93	    score      =	$93	; $93-$95
     42  10000 ????		00 96	    scorepointers =	$96	; $96-$9B = 6 bytes
     43  10000 ????		00 9c	    temp1      =	$9C	;used by kernel.  can be used in program too, but
     44  10000 ????		00 9d	    temp2      =	$9D	;are obliterated when drawscreen is called.
     45  10000 ????		00 9e	    temp3      =	$9E
     46  10000 ????		00 9f	    temp4      =	$9F
     47  10000 ????		00 a0	    temp5      =	$A0
     48  10000 ????		00 a1	    temp6      =	$A1
     49  10000 ????
     50  10000 ????		00 a2	    rand       =	$A2
     51  10000 ????		00 a3	    scorecolor =	$A3
     52  10000 ????
     53  10000 ????		00 a4	    var0       =	$A4
     54  10000 ????		00 a5	    var1       =	$A5
     55  10000 ????		00 a6	    var2       =	$A6
     56  10000 ????		00 a7	    var3       =	$A7
     57  10000 ????		00 a8	    var4       =	$A8
     58  10000 ????		00 a9	    var5       =	$A9
     59  10000 ????		00 aa	    var6       =	$AA
     60  10000 ????		00 ab	    var7       =	$AB
     61  10000 ????		00 ac	    var8       =	$AC
     62  10000 ????		00 ad	    var9       =	$AD
     63  10000 ????		00 ae	    var10      =	$AE
     64  10000 ????		00 af	    var11      =	$AF
     65  10000 ????		00 b0	    var12      =	$B0
     66  10000 ????		00 b1	    var13      =	$B1
     67  10000 ????		00 b2	    var14      =	$B2
     68  10000 ????		00 b3	    var15      =	$B3
     69  10000 ????		00 b4	    var16      =	$B4
     70  10000 ????		00 b5	    var17      =	$B5
     71  10000 ????		00 b6	    var18      =	$B6
     72  10000 ????		00 b7	    var19      =	$B7
     73  10000 ????		00 b8	    var20      =	$B8
     74  10000 ????		00 b9	    var21      =	$B9
     75  10000 ????		00 ba	    var22      =	$BA
     76  10000 ????		00 bb	    var23      =	$BB
     77  10000 ????		00 bc	    var24      =	$BC
     78  10000 ????		00 bd	    var25      =	$BD
     79  10000 ????		00 be	    var26      =	$BE
     80  10000 ????		00 bf	    var27      =	$BF
     81  10000 ????		00 c0	    var28      =	$C0
     82  10000 ????		00 c1	    var29      =	$C1
     83  10000 ????		00 c2	    var30      =	$C2
     84  10000 ????		00 c3	    var31      =	$C3
     85  10000 ????		00 c4	    var32      =	$C4
     86  10000 ????		00 c5	    var33      =	$C5
     87  10000 ????		00 c6	    var34      =	$C6
     88  10000 ????		00 c7	    var35      =	$C7
     89  10000 ????		00 c8	    var36      =	$C8
     90  10000 ????		00 c9	    var37      =	$C9
     91  10000 ????		00 ca	    var38      =	$CA
     92  10000 ????		00 cb	    var39      =	$CB
     93  10000 ????		00 cc	    var40      =	$CC
     94  10000 ????		00 cd	    var41      =	$CD
     95  10000 ????		00 ce	    var42      =	$CE
     96  10000 ????		00 cf	    var43      =	$CF
     97  10000 ????		00 d0	    var44      =	$D0
     98  10000 ????		00 d1	    var45      =	$D1
     99  10000 ????		00 d2	    var46      =	$D2
    100  10000 ????		00 d3	    var47      =	$D3
    101  10000 ????
    102  10000 ????		00 d4	    A	       =	$d4
    103  10000 ????		00 d4	    a	       =	$d4
    104  10000 ????		00 d5	    B	       =	$d5
    105  10000 ????		00 d5	    b	       =	$d5
    106  10000 ????		00 d6	    C	       =	$d6
    107  10000 ????		00 d6	    c	       =	$d6
    108  10000 ????		00 d7	    D	       =	$d7
    109  10000 ????		00 d7	    d	       =	$d7
    110  10000 ????		00 d8	    E	       =	$d8
    111  10000 ????		00 d8	    e	       =	$d8
    112  10000 ????		00 d9	    F	       =	$d9
    113  10000 ????		00 d9	    f	       =	$d9
    114  10000 ????		00 da	    G	       =	$da
    115  10000 ????		00 da	    g	       =	$da
    116  10000 ????		00 db	    H	       =	$db
    117  10000 ????		00 db	    h	       =	$db
    118  10000 ????		00 dc	    I	       =	$dc
    119  10000 ????		00 dc	    i	       =	$dc
    120  10000 ????		00 dd	    J	       =	$dd
    121  10000 ????		00 dd	    j	       =	$dd
    122  10000 ????		00 de	    K	       =	$de
    123  10000 ????		00 de	    k	       =	$de
    124  10000 ????		00 df	    L	       =	$df
    125  10000 ????		00 df	    l	       =	$df
    126  10000 ????		00 e0	    M	       =	$e0
    127  10000 ????		00 e0	    m	       =	$e0
    128  10000 ????		00 e1	    N	       =	$e1
    129  10000 ????		00 e1	    n	       =	$e1
    130  10000 ????		00 e2	    O	       =	$e2
    131  10000 ????		00 e2	    o	       =	$e2
    132  10000 ????		00 e3	    P	       =	$e3
    133  10000 ????		00 e3	    p	       =	$e3
    134  10000 ????		00 e4	    Q	       =	$e4
    135  10000 ????		00 e4	    q	       =	$e4
    136  10000 ????		00 e5	    R	       =	$e5
    137  10000 ????		00 e5	    r	       =	$e5
    138  10000 ????		00 e6	    S	       =	$e6
    139  10000 ????		00 e6	    s	       =	$e6
    140  10000 ????		00 e7	    T	       =	$e7
    141  10000 ????		00 e7	    t	       =	$e7
    142  10000 ????		00 e8	    U	       =	$e8
    143  10000 ????		00 e8	    u	       =	$e8
    144  10000 ????		00 e9	    V	       =	$e9
    145  10000 ????		00 e9	    v	       =	$e9
    146  10000 ????		00 ea	    W	       =	$ea
    147  10000 ????		00 ea	    w	       =	$ea
    148  10000 ????		00 eb	    X	       =	$eb
    149  10000 ????		00 eb	    x	       =	$eb
    150  10000 ????		00 ec	    Y	       =	$ec
    151  10000 ????		00 ec	    y	       =	$ec
    152  10000 ????		00 ed	    Z	       =	$ed
    153  10000 ????		00 ed	    z	       =	$ed
    154  10000 ????
    155  10000 ????		00 ee	    temp7      =	$ee	; This is used to aid in bankswitching
    156  10000 ????		00 ef	    playfieldpos =	$ef
    157  10000 ????
    158  10000 ????						; available for other uses, or if unused, provide more stack space
    159  10000 ????
    160  10000 ????		00 f0	    aux1       =	$f0
    161  10000 ????		00 f1	    aux2       =	$f1
    162  10000 ????		00 f2	    aux3       =	$f2
    163  10000 ????		00 f3	    aux4       =	$f3
    164  10000 ????		00 f4	    aux5       =	$f4
    165  10000 ????		00 f5	    aux6       =	$f5
    166  10000 ????
    167  10000 ????						; playfield color/height pointers
    168  10000 ????		00 f0	    pfcolortable =	$f0	; and $d5
    169  10000 ????		00 f0	    pfheighttable =	$f0	; and $d5
    170  10000 ????						; the above pointers are the same because if color and height are both used together,
    171  10000 ????						; they must used absolute indexed and cannot use pointers
    172  10000 ????
    173  10000 ????		00 f2	    lifepointer =	$f2	; pointer to "lives" shape
    174  10000 ????						; upper 3 bits of $f2 contain the number of lives
    175  10000 ????		00 f4	    lifecolor  =	$f4
    176  10000 ????		00 f3	    lives      =	$f3	; # lives >> 5
    177  10000 ????		00 f5	    statusbarlength =	$f5	; only uses upper 5 bits; other bits free
    178  10000 ????
    179  10000 ????		00 f2	    pfscore1   =	$f2	; optional playfield bytes in score
    180  10000 ????		00 f3	    pfscore2   =	$f3
    181  10000 ????		00 f4	    pfscorecolor =	$f4
    182  10000 ????
    183  10000 ????		00 f6	    stack1     =	$f6
    184  10000 ????		00 f7	    stack2     =	$f7
    185  10000 ????		00 f8	    stack3     =	$f8
    186  10000 ????		00 f9	    stack4     =	$f9
    187  10000 ????						; the stack bytes above may be used in the kernel
    188  10000 ????						; stack = F6-F7, F8-F9, FA-FB, FC-FD, FE-FF
    189  10000 ????
    190  10000 ????				       MAC	return
    191  10000 ????				       ifnconst	bankswitch
    192  10000 ????				       rts
    193  10000 ????				       else
    194  10000 ????				       jmp	BS_return
    195  10000 ????				       endif
    196  10000 ????				       ENDM		; auto-return from either a regular or bankswitched module
    197  10000 ????
    198  10000 ????			   -	       ifconst	superchip
    199  10000 ????			   -playfieldbase =	$10D0
    200  10000 ????			   -	       include	superchip.h
    201  10000 ????				       else
    202  10000 ????		00 a4	    playfieldbase =	$A4
    203  10000 ????				       endif
    204  10000 ????
    205  10000 ????				       ifnconst	pfhalfwidth
    206  10000 ????		00 04	    pfwidth    =	4
    207  10000 ????		00 0e	    PF1L       =	PF1
    208  10000 ????		00 0f	    PF2L       =	PF2
    209  10000 ????		00 0e	    PF1R       =	PF1
    210  10000 ????		00 0f	    PF2R       =	PF2
    211  10000 ????		00 00	    pfadjust   =	0
    212  10000 ????			   -	       else
    213  10000 ????			   -pfwidth    =	2
    214  10000 ????			   -	       ifconst	pfcenter
    215  10000 ????			   -PF1L       =	$3F	; no effect
    216  10000 ????			   -PF2L       =	PF2
    217  10000 ????			   -PF1R       =	$3F
    218  10000 ????			   -PF2R       =	PF2	; no effect
    219  10000 ????			   -pfadjust   =	1
    220  10000 ????			   -	       else
    221  10000 ????			   -PF1L       =	PF1
    222  10000 ????			   -PF2L       =	PF2
    223  10000 ????			   -PF1R       =	$3F	; no effect
    224  10000 ????			   -PF2R       =	$3F	; no effect
    225  10000 ????			   -pfadjust   =	0
    226  10000 ????			   -	       endif
    227  10000 ????				       endif
    228  10000 ????
    229  10000 ????						; define playfield start based on height
    230  10000 ????				       ifnconst	pfres
    231  10000 ????		00 a4	    playfield  =	playfieldbase
    232  10000 ????			   -	       else
    233  10000 ????			   -playfield  =	playfieldbase-(pfres-12*(4/pfwidth))*pfwidth
    234  10000 ????				       endif
------- FILE FNAF_2.0.bas.asm
------- FILE 2600basic_variable_redefs.h LEVEL 2 PASS 3
      0  10000 ????				       include	"2600basic_variable_redefs.h"
      1  10000 ????						; This file contains variable mapping and other information for the current project.
      2  10000 ????
      3  10000 ????		00 e2	    input_latch =	o
      4  10000 ????
      5  10000 ????		00 e1	    ai_second  =	n
      6  10000 ????
      7  10000 ????		00 e0	    power_tick =	m
      8  10000 ????
      9  10000 ????		00 df	    Fox_Tick   =	l
     10  10000 ????
     11  10000 ????		00 de	    Chic_Tick  =	k
     12  10000 ????
     13  10000 ????		00 dd	    Bon_Tick   =	j
     14  10000 ????
     15  10000 ????		00 dc	    move_rate  =	i
     16  10000 ????
     17  10000 ????		00 db	    rand16     =	h
     18  10000 ????
     19  10000 ????		00 da	    powerloss  =	g
     20  10000 ????
     21  10000 ????		00 d9	    powertotal =	f
     22  10000 ????
     23  10000 ????		00 d8	    night      =	e
     24  10000 ????
     25  10000 ????		00 d7	    time       =	d
     26  10000 ????
     27  10000 ????		00 d6	    seconds    =	c
     28  10000 ????
     29  10000 ????		00 d5	    tick       =	b
     30  10000 ????
     31  10000 ????		00 d4	    doorctl    =	a
     32  10000 ????
     33  10000 ????		00 01	    pfscore    =	1
     34  10000 ????
     35  10000 ????		00 2b	    vblank_time =	43
     36  10000 ????		00 25	    overscan_time =	37
------- FILE FNAF_2.0.bas.asm
      8  10000 ????			   -	       ifconst	bankswitch
      9  10000 ????			   -	       if	bankswitch == 8
     10  10000 ????			   -	       ORG	$1000
     11  10000 ????			   -	       RORG	$D000
     12  10000 ????			   -	       endif
     13  10000 ????			   -	       if	bankswitch == 16
     14  10000 ????			   -	       ORG	$1000
     15  10000 ????			   -	       RORG	$9000
     16  10000 ????			   -	       endif
     17  10000 ????			   -	       if	bankswitch == 32
     18  10000 ????			   -	       ORG	$1000
     19  10000 ????			   -	       RORG	$1000
     20  10000 ????			   -	       endif
     21  10000 ????			   -	       if	bankswitch == 64
     22  10000 ????			   -	       ORG	$1000
     23  10000 ????			   -	       RORG	$1000
     24  10000 ????			   -	       endif
     25  10000 ????				       else
     26  f000					      ORG	$F000
     27  f000					      endif
     28  f000
     29  f000				  -	      ifconst	bankswitch_hotspot
     30  f000				  -	      if	bankswitch_hotspot = $083F	; 0840 bankswitching hotspot
     31  f000				  -	      .byte	0	; stop unexpected bankswitches
     32  f000				  -	      endif
     33  f000					      endif
     34  f000							; Provided under the CC0 license. See the included LICENSE.txt for details.
     35  f000
     36  f000				   start
     37  f000		       78		      sei
     38  f001		       d8		      cld
     39  f002		       a0 00		      ldy	#0
     40  f004		       a5 d0		      lda	$D0
     41  f006		       c9 2c		      cmp	#$2C	;check RAM location #1
     42  f008		       d0 07		      bne	MachineIs2600
     43  f00a		       a5 d1		      lda	$D1
     44  f00c		       c9 a9		      cmp	#$A9	;check RAM location #2
     45  f00e		       d0 01		      bne	MachineIs2600
     46  f010		       88		      dey
     47  f011				   MachineIs2600
     48  f011		       a2 00		      ldx	#0
     49  f013		       8a		      txa
     50  f014				   clearmem
     51  f014		       e8		      inx
     52  f015		       9a		      txs
     53  f016		       48		      pha
     54  f017		       d0 fb		      bne	clearmem
     55  f019		       84 9c		      sty	temp1
     56  f01b					      ifnconst	multisprite
     57  f01b				  -	      ifconst	pfrowheight
     58  f01b				  -	      lda	#pfrowheight
     59  f01b					      else
     60  f01b				  -	      ifconst	pfres
     61  f01b				  -	      lda	#(96/pfres)
     62  f01b					      else
     63  f01b		       a9 08		      lda	#8
     64  f01d					      endif
     65  f01d					      endif
     66  f01d		       85 ef		      sta	playfieldpos
     67  f01f					      endif
     68  f01f		       a2 05		      ldx	#5
     69  f021				   initscore
     70  f021		       a9 9c		      lda	#<scoretable
     71  f023		       95 96		      sta	scorepointers,x
     72  f025		       ca		      dex
     73  f026		       10 f9		      bpl	initscore
     74  f028		       a9 01		      lda	#1
     75  f02a		       85 0a		      sta	CTRLPF
     76  f02c		       0d 84 02 	      ora	INTIM
     77  f02f		       85 a2		      sta	rand
     78  f031
     79  f031				  -	      ifconst	multisprite
     80  f031				  -	      jsr	multisprite_setup
     81  f031					      endif
     82  f031
     83  f031					      ifnconst	bankswitch
     84  f031		       4c 95 f4 	      jmp	game
     85  f034				  -	      else
     86  f034				  -	      lda	#>(game-1)
     87  f034				  -	      pha
     88  f034				  -	      lda	#<(game-1)
     89  f034				  -	      pha
     90  f034				  -	      pha
     91  f034				  -	      pha
     92  f034				  -	      ldx	#1
     93  f034				  -	      jmp	BS_jsr
     94  f034					      endif
     95  f034							; Provided under the CC0 license. See the included LICENSE.txt for details.
     96  f034
     97  f034							; This is a 2-line kernel!
     98  f034					      ifnconst	vertical_reflect
     99  f034				   kernel
    100  f034					      endif
    101  f034		       85 02		      sta	WSYNC
    102  f036		       a9 ff		      lda	#255
    103  f038		       8d 96 02 	      sta	TIM64T
    104  f03b
    105  f03b		       a9 01		      lda	#1
    106  f03d		       85 27		      sta	VDELBL
    107  f03f		       85 25		      sta	VDELP0
    108  f041		       a6 92		      ldx	ballheight
    109  f043		       e8		      inx
    110  f044		       e8		      inx
    111  f045		       86 9f		      stx	temp4
    112  f047		       a5 86		      lda	player1y
    113  f049		       85 9e		      sta	temp3
    114  f04b
    115  f04b				  -	      ifconst	shakescreen
    116  f04b				  -	      jsr	doshakescreen
    117  f04b					      else
    118  f04b		       a6 90		      ldx	missile0height
    119  f04d		       e8		      inx
    120  f04e					      endif
    121  f04e
    122  f04e		       e8		      inx
    123  f04f		       86 f6		      stx	stack1
    124  f051
    125  f051		       a5 89		      lda	bally
    126  f053		       85 f7		      sta	stack2
    127  f055
    128  f055		       a5 85		      lda	player0y
    129  f057		       a2 00		      ldx	#0
    130  f059		       85 02		      sta	WSYNC
    131  f05b		       86 1b		      stx	GRP0
    132  f05d		       86 1c		      stx	GRP1
    133  f05f		       86 0e		      stx	PF1L
    134  f061		       86 0f		      stx	PF2
    135  f063		       86 2c		      stx	CXCLR
    136  f065				  -	      ifconst	readpaddle
    137  f065				  -	      stx	paddle
    138  f065					      else
      0  f065					      sleep	3
      1  f065				   .CYCLES    SET	3
      2  f065
      3  f065				  -	      IF	.CYCLES < 2
      4  f065				  -	      ECHO	"MACRO ERROR: 'SLEEP': Duration must be > 1"
      5  f065				  -	      ERR
      6  f065					      ENDIF
      7  f065
      8  f065					      IF	.CYCLES & 1
      9  f065					      IFNCONST	NO_ILLEGAL_OPCODES
     10  f065		       04 00		      nop	0
     11  f067				  -	      ELSE
     12  f067				  -	      bit	VSYNC
     13  f067					      ENDIF
     14  f067				   .CYCLES    SET	.CYCLES - 3
     15  f067					      ENDIF
     16  f067
     17  f067				  -	      REPEAT	.CYCLES / 2
     18  f067				  -	      nop
     19  f067					      REPEND
    140  f067					      endif
    141  f067
    142  f067		       95 9d		      sta	temp2,x
    143  f069
    144  f069							;store these so they can be retrieved later
    145  f069					      ifnconst	pfres
    146  f069		       a2 54		      ldx	#128-44+(4-pfwidth)*12
    147  f06b				  -	      else
    148  f06b				  -	      ldx	#132-pfres*pfwidth
    149  f06b					      endif
    150  f06b
    151  f06b		       c6 85		      dec	player0y
    152  f06d
    153  f06d		       a5 91		      lda	missile0y
    154  f06f		       85 a0		      sta	temp5
    155  f071		       a5 88		      lda	missile1y
    156  f073		       85 a1		      sta	temp6
    157  f075
    158  f075		       a5 ef		      lda	playfieldpos
    159  f077		       85 9c		      sta	temp1
    160  f079
    161  f079				  -	      ifconst	pfrowheight
    162  f079				  -	      lda	#pfrowheight+2
    163  f079					      else
    164  f079					      ifnconst	pfres
    165  f079		       a9 0a		      lda	#10
    166  f07b				  -	      else
    167  f07b				  -	      lda	#(96/pfres)+2	; try to come close to the real size
    168  f07b					      endif
    169  f07b					      endif
    170  f07b		       18		      clc
    171  f07c		       e5 ef		      sbc	playfieldpos
    172  f07e		       85 ef		      sta	playfieldpos
    173  f080		       4c a8 f0 	      jmp	.startkernel
    174  f083
    175  f083				   .skipDrawP0
    176  f083		       a9 00		      lda	#0
    177  f085		       a8		      tay
    178  f086		       4c d6 f0 	      jmp	.continueP0
    179  f089
    180  f089				   .skipDrawP1
    181  f089		       a9 00		      lda	#0
    182  f08b		       a8		      tay
    183  f08c		       4c b2 f0 	      jmp	.continueP1
    184  f08f
    185  f08f				   .kerloop		; enter at cycle 59??
    186  f08f
    187  f08f				   continuekernel
      0  f08f					      sleep	2
      1  f08f				   .CYCLES    SET	2
      2  f08f
      3  f08f				  -	      IF	.CYCLES < 2
      4  f08f				  -	      ECHO	"MACRO ERROR: 'SLEEP': Duration must be > 1"
      5  f08f				  -	      ERR
      6  f08f					      ENDIF
      7  f08f
      8  f08f				  -	      IF	.CYCLES & 1
      9  f08f				  -	      IFNCONST	NO_ILLEGAL_OPCODES
     10  f08f				  -	      nop	0
     11  f08f				  -	      ELSE
     12  f08f				  -	      bit	VSYNC
     13  f08f				  -	      ENDIF
     14  f08f				  -.CYCLES    SET	.CYCLES - 3
     15  f08f					      ENDIF
     16  f08f
     17  f08f					      REPEAT	.CYCLES / 2
     18  f08f		       ea		      nop
     19  f090					      REPEND
    189  f090				   continuekernel2
    190  f090		       a5 92		      lda	ballheight
    191  f092
    192  f092				  -	      ifconst	pfres
    193  f092				  -	      ldy	playfield+pfres*pfwidth-132,x
    194  f092				  -	      sty	PF1L	;3
    195  f092				  -	      ldy	playfield+pfres*pfwidth-131-pfadjust,x
    196  f092				  -	      sty	PF2L	;3
    197  f092				  -	      ldy	playfield+pfres*pfwidth-129,x
    198  f092				  -	      sty	PF1R	; 3 too early?
    199  f092				  -	      ldy	playfield+pfres*pfwidth-130-pfadjust,x
    200  f092				  -	      sty	PF2R	;3
    201  f092					      else
    202  f092		       b4 50		      ldy	playfield-48+pfwidth*12+44-128,x
    203  f094		       84 0e		      sty	PF1L	;3
    204  f096		       b4 51		      ldy	playfield-48+pfwidth*12+45-128-pfadjust,x	;4
    205  f098		       84 0f		      sty	PF2L	;3
    206  f09a		       b4 53		      ldy	playfield-48+pfwidth*12+47-128,x	;4
    207  f09c		       84 0e		      sty	PF1R	; 3 too early?
    208  f09e		       b4 52		      ldy	playfield-48+pfwidth*12+46-128-pfadjust,x	;4
    209  f0a0		       84 0f		      sty	PF2R	;3
    210  f0a2					      endif
    211  f0a2
    212  f0a2							; should be playfield+$38 for width=2
    213  f0a2
    214  f0a2		       c7 89		      dcp	bally
    215  f0a4		       2a		      rol
    216  f0a5		       2a		      rol
    217  f0a6							; rol
    218  f0a6							; rol
    219  f0a6				   goback
    220  f0a6		       85 1f		      sta	ENABL
    221  f0a8				   .startkernel
    222  f0a8		       a5 8f		      lda	player1height	;3
    223  f0aa		       c7 86		      dcp	player1y	;5
    224  f0ac		       90 db		      bcc	.skipDrawP1	;2
    225  f0ae		       a4 86		      ldy	player1y	;3
    226  f0b0		       b1 8c		      lda	(player1pointer),y	;5; player0pointer must be selected carefully by the compiler
    227  f0b2							; so it doesn't cross a page boundary!
    228  f0b2
    229  f0b2				   .continueP1
    230  f0b2		       85 1c		      sta	GRP1	;3
    231  f0b4
    232  f0b4					      ifnconst	player1colors
    233  f0b4		       a5 87		      lda	missile1height	;3
    234  f0b6		       c7 88		      dcp	missile1y	;5
    235  f0b8		       2a		      rol		;2
    236  f0b9		       2a		      rol		;2
    237  f0ba		       85 1e		      sta	ENAM1	;3
    238  f0bc				  -	      else
    239  f0bc				  -	      lda	(player1color),y
    240  f0bc				  -	      sta	COLUP1
    241  f0bc				  -	      ifnconst	playercolors
    242  f0bc				  -	      sleep	7
    243  f0bc				  -	      else
    244  f0bc				  -	      lda.w	player0colorstore
    245  f0bc				  -	      sta	COLUP0
    246  f0bc				  -	      endif
    247  f0bc					      endif
    248  f0bc
    249  f0bc				  -	      ifconst	pfres
    250  f0bc				  -	      lda	playfield+pfres*pfwidth-132,x
    251  f0bc				  -	      sta	PF1L	;3
    252  f0bc				  -	      lda	playfield+pfres*pfwidth-131-pfadjust,x
    253  f0bc				  -	      sta	PF2L	;3
    254  f0bc				  -	      lda	playfield+pfres*pfwidth-129,x
    255  f0bc				  -	      sta	PF1R	; 3 too early?
    256  f0bc				  -	      lda	playfield+pfres*pfwidth-130-pfadjust,x
    257  f0bc				  -	      sta	PF2R	;3
    258  f0bc					      else
    259  f0bc		       b5 50		      lda	playfield-48+pfwidth*12+44-128,x	;4
    260  f0be		       85 0e		      sta	PF1L	;3
    261  f0c0		       b5 51		      lda	playfield-48+pfwidth*12+45-128-pfadjust,x	;4
    262  f0c2		       85 0f		      sta	PF2L	;3
    263  f0c4		       b5 53		      lda	playfield-48+pfwidth*12+47-128,x	;4
    264  f0c6		       85 0e		      sta	PF1R	; 3 too early?
    265  f0c8		       b5 52		      lda	playfield-48+pfwidth*12+46-128-pfadjust,x	;4
    266  f0ca		       85 0f		      sta	PF2R	;3
    267  f0cc					      endif
    268  f0cc							; sleep 3
    269  f0cc
    270  f0cc		       a5 8e		      lda	player0height
    271  f0ce		       c7 85		      dcp	player0y
    272  f0d0		       90 b1		      bcc	.skipDrawP0
    273  f0d2		       a4 85		      ldy	player0y
    274  f0d4		       b1 8a		      lda	(player0pointer),y
    275  f0d6				   .continueP0
    276  f0d6		       85 1b		      sta	GRP0
    277  f0d8
    278  f0d8					      ifnconst	no_blank_lines
    279  f0d8					      ifnconst	playercolors
    280  f0d8		       a5 90		      lda	missile0height	;3
    281  f0da		       c7 91		      dcp	missile0y	;5
    282  f0dc		       e5 f6		      sbc	stack1
    283  f0de		       85 1d		      sta	ENAM0	;3
    284  f0e0				  -	      else
    285  f0e0				  -	      lda	(player0color),y
    286  f0e0				  -	      sta	player0colorstore
    287  f0e0				  -	      sleep	6
    288  f0e0					      endif
    289  f0e0		       c6 9c		      dec	temp1
    290  f0e2		       d0 ab		      bne	continuekernel
    291  f0e4				  -	      else
    292  f0e4				  -	      dec	temp1
    293  f0e4				  -	      beq	altkernel2
    294  f0e4				  -	      ifconst	readpaddle
    295  f0e4				  -	      ldy	currentpaddle
    296  f0e4				  -	      lda	INPT0,y
    297  f0e4				  -	      bpl	noreadpaddle
    298  f0e4				  -	      inc	paddle
    299  f0e4				  -	      jmp	continuekernel2
    300  f0e4				  -noreadpaddle
    301  f0e4				  -	      sleep	2
    302  f0e4				  -	      jmp	continuekernel
    303  f0e4				  -	      else
    304  f0e4				  -	      ifnconst	playercolors
    305  f0e4				  -	      ifconst	PFcolors
    306  f0e4				  -	      txa
    307  f0e4				  -	      tay
    308  f0e4				  -	      lda	(pfcolortable),y
    309  f0e4				  -	      ifnconst	backgroundchange
    310  f0e4				  -	      sta	COLUPF
    311  f0e4				  -	      else
    312  f0e4				  -	      sta	COLUBK
    313  f0e4				  -	      endif
    314  f0e4				  -	      jmp	continuekernel
    315  f0e4				  -	      else
    316  f0e4				  -	      ifconst	kernelmacrodef
    317  f0e4				  -	      kernelmacro
    318  f0e4				  -	      else
    319  f0e4				  -	      sleep	12
    320  f0e4				  -	      endif
    321  f0e4				  -	      endif
    322  f0e4				  -	      else
    323  f0e4				  -	      lda	(player0color),y
    324  f0e4				  -	      sta	player0colorstore
    325  f0e4				  -	      sleep	4
    326  f0e4				  -	      endif
    327  f0e4				  -	      jmp	continuekernel
    328  f0e4				  -	      endif
    329  f0e4				  -altkernel2
    330  f0e4				  -	      txa
    331  f0e4				  -	      ifnconst	vertical_reflect
    332  f0e4				  -	      sbx	#256-pfwidth
    333  f0e4				  -	      else
    334  f0e4				  -	      sbx	#256-pfwidth/2
    335  f0e4				  -	      endif
    336  f0e4				  -	      bmi	lastkernelline
    337  f0e4				  -	      ifconst	pfrowheight
    338  f0e4				  -	      lda	#pfrowheight
    339  f0e4				  -	      else
    340  f0e4				  -	      ifnconst	pfres
    341  f0e4				  -	      lda	#8
    342  f0e4				  -	      else
    343  f0e4				  -	      lda	#(96/pfres)	; try to come close to the real size
    344  f0e4				  -	      endif
    345  f0e4				  -	      endif
    346  f0e4				  -	      sta	temp1
    347  f0e4				  -	      jmp	continuekernel
    348  f0e4					      endif
    349  f0e4
    350  f0e4				   altkernel
    351  f0e4
    352  f0e4				  -	      ifconst	PFmaskvalue
    353  f0e4				  -	      lda	#PFmaskvalue
    354  f0e4					      else
    355  f0e4		       a9 00		      lda	#0
    356  f0e6					      endif
    357  f0e6		       85 0e		      sta	PF1L
    358  f0e8		       85 0f		      sta	PF2
    359  f0ea
    360  f0ea
    361  f0ea							;sleep 3
    362  f0ea
    363  f0ea							;28 cycles to fix things
    364  f0ea							;minus 11=17
    365  f0ea
    366  f0ea							; lax temp4
    367  f0ea							; clc
    368  f0ea		       8a		      txa
    369  f0eb					      ifnconst	vertical_reflect
    370  f0eb		       cb fc		      sbx	#256-pfwidth
    371  f0ed				  -	      else
    372  f0ed				  -	      sbx	#256-pfwidth/2
    373  f0ed					      endif
    374  f0ed
    375  f0ed		       30 12		      bmi	lastkernelline
    376  f0ef
    377  f0ef				  -	      ifconst	PFcolorandheight
    378  f0ef				  -	      ifconst	pfres
    379  f0ef				  -	      ldy	playfieldcolorandheight-131+pfres*pfwidth,x
    380  f0ef				  -	      else
    381  f0ef				  -	      ldy	playfieldcolorandheight-87,x
    382  f0ef				  -	      endif
    383  f0ef				  -	      ifnconst	backgroundchange
    384  f0ef				  -	      sty	COLUPF
    385  f0ef				  -	      else
    386  f0ef				  -	      sty	COLUBK
    387  f0ef				  -	      endif
    388  f0ef				  -	      ifconst	pfres
    389  f0ef				  -	      lda	playfieldcolorandheight-132+pfres*pfwidth,x
    390  f0ef				  -	      else
    391  f0ef				  -	      lda	playfieldcolorandheight-88,x
    392  f0ef				  -	      endif
    393  f0ef				  -	      sta.w	temp1
    394  f0ef					      endif
    395  f0ef				  -	      ifconst	PFheights
    396  f0ef				  -	      lsr
    397  f0ef				  -	      lsr
    398  f0ef				  -	      tay
    399  f0ef				  -	      lda	(pfheighttable),y
    400  f0ef				  -	      sta.w	temp1
    401  f0ef					      endif
    402  f0ef				  -	      ifconst	PFcolors
    403  f0ef				  -	      tay
    404  f0ef				  -	      lda	(pfcolortable),y
    405  f0ef				  -	      ifnconst	backgroundchange
    406  f0ef				  -	      sta	COLUPF
    407  f0ef				  -	      else
    408  f0ef				  -	      sta	COLUBK
    409  f0ef				  -	      endif
    410  f0ef				  -	      ifconst	pfrowheight
    411  f0ef				  -	      lda	#pfrowheight
    412  f0ef				  -	      else
    413  f0ef				  -	      ifnconst	pfres
    414  f0ef				  -	      lda	#8
    415  f0ef				  -	      else
    416  f0ef				  -	      lda	#(96/pfres)	; try to come close to the real size
    417  f0ef				  -	      endif
    418  f0ef				  -	      endif
    419  f0ef				  -	      sta	temp1
    420  f0ef					      endif
    421  f0ef					      ifnconst	PFcolorandheight
    422  f0ef					      ifnconst	PFcolors
    423  f0ef					      ifnconst	PFheights
    424  f0ef					      ifnconst	no_blank_lines
    425  f0ef							; read paddle 0
    426  f0ef							; lo-res paddle read
    427  f0ef							; bit INPT0
    428  f0ef							; bmi paddleskipread
    429  f0ef							; inc paddle0
    430  f0ef							;donepaddleskip
      0  f0ef					      sleep	10
      1  f0ef				   .CYCLES    SET	10
      2  f0ef
      3  f0ef				  -	      IF	.CYCLES < 2
      4  f0ef				  -	      ECHO	"MACRO ERROR: 'SLEEP': Duration must be > 1"
      5  f0ef				  -	      ERR
      6  f0ef					      ENDIF
      7  f0ef
      8  f0ef				  -	      IF	.CYCLES & 1
      9  f0ef				  -	      IFNCONST	NO_ILLEGAL_OPCODES
     10  f0ef				  -	      nop	0
     11  f0ef				  -	      ELSE
     12  f0ef				  -	      bit	VSYNC
     13  f0ef				  -	      ENDIF
     14  f0ef				  -.CYCLES    SET	.CYCLES - 3
     15  f0ef					      ENDIF
     16  f0ef
     17  f0ef					      REPEAT	.CYCLES / 2
     18  f0ef		       ea		      nop
     17  f0ef					      REPEND
     18  f0f0		       ea		      nop
     17  f0f0					      REPEND
     18  f0f1		       ea		      nop
     17  f0f1					      REPEND
     18  f0f2		       ea		      nop
     17  f0f2					      REPEND
     18  f0f3		       ea		      nop
     19  f0f4					      REPEND
    432  f0f4				  -	      ifconst	pfrowheight
    433  f0f4				  -	      lda	#pfrowheight
    434  f0f4					      else
    435  f0f4					      ifnconst	pfres
    436  f0f4		       a9 08		      lda	#8
    437  f0f6				  -	      else
    438  f0f6				  -	      lda	#(96/pfres)	; try to come close to the real size
    439  f0f6					      endif
    440  f0f6					      endif
    441  f0f6		       85 9c		      sta	temp1
    442  f0f8					      endif
    443  f0f8					      endif
    444  f0f8					      endif
    445  f0f8					      endif
    446  f0f8
    447  f0f8
    448  f0f8		       a5 92		      lda	ballheight
    449  f0fa		       c7 89		      dcp	bally
    450  f0fc		       e5 9f		      sbc	temp4
    451  f0fe
    452  f0fe
    453  f0fe		       4c a6 f0 	      jmp	goback
    454  f101
    455  f101
    456  f101					      ifnconst	no_blank_lines
    457  f101				   lastkernelline
    458  f101					      ifnconst	PFcolors
      0  f101					      sleep	10
      1  f101				   .CYCLES    SET	10
      2  f101
      3  f101				  -	      IF	.CYCLES < 2
      4  f101				  -	      ECHO	"MACRO ERROR: 'SLEEP': Duration must be > 1"
      5  f101				  -	      ERR
      6  f101					      ENDIF
      7  f101
      8  f101				  -	      IF	.CYCLES & 1
      9  f101				  -	      IFNCONST	NO_ILLEGAL_OPCODES
     10  f101				  -	      nop	0
     11  f101				  -	      ELSE
     12  f101				  -	      bit	VSYNC
     13  f101				  -	      ENDIF
     14  f101				  -.CYCLES    SET	.CYCLES - 3
     15  f101					      ENDIF
     16  f101
     17  f101					      REPEAT	.CYCLES / 2
     18  f101		       ea		      nop
     17  f101					      REPEND
     18  f102		       ea		      nop
     17  f102					      REPEND
     18  f103		       ea		      nop
     17  f103					      REPEND
     18  f104		       ea		      nop
     17  f104					      REPEND
     18  f105		       ea		      nop
     19  f106					      REPEND
    460  f106				  -	      else
    461  f106				  -	      ldy	#124
    462  f106				  -	      lda	(pfcolortable),y
    463  f106				  -	      sta	COLUPF
    464  f106					      endif
    465  f106
    466  f106				  -	      ifconst	PFheights
    467  f106				  -	      ldx	#1
    468  f106				  -			;sleep 4
    469  f106				  -	      sleep	3	; this was over 1 cycle
    470  f106					      else
    471  f106		       a6 ef		      ldx	playfieldpos
    472  f108							;sleep 3
      0  f108					      sleep	2	; this was over 1 cycle
      1  f108				   .CYCLES    SET	2
      2  f108
      3  f108				  -	      IF	.CYCLES < 2
      4  f108				  -	      ECHO	"MACRO ERROR: 'SLEEP': Duration must be > 1"
      5  f108				  -	      ERR
      6  f108					      ENDIF
      7  f108
      8  f108				  -	      IF	.CYCLES & 1
      9  f108				  -	      IFNCONST	NO_ILLEGAL_OPCODES
     10  f108				  -	      nop	0
     11  f108				  -	      ELSE
     12  f108				  -	      bit	VSYNC
     13  f108				  -	      ENDIF
     14  f108				  -.CYCLES    SET	.CYCLES - 3
     15  f108					      ENDIF
     16  f108
     17  f108					      REPEAT	.CYCLES / 2
     18  f108		       ea		      nop
     19  f109					      REPEND
    474  f109					      endif
    475  f109
    476  f109		       4c 27 f1 	      jmp	enterlastkernel
    477  f10c
    478  f10c				  -	      else
    479  f10c				  -lastkernelline
    480  f10c				  -
    481  f10c				  -	      ifconst	PFheights
    482  f10c				  -	      ldx	#1
    483  f10c				  -			;sleep 5
    484  f10c				  -	      sleep	4	; this was over 1 cycle
    485  f10c				  -	      else
    486  f10c				  -	      ldx	playfieldpos
    487  f10c				  -			;sleep 4
    488  f10c				  -	      sleep	3	; this was over 1 cycle
    489  f10c				  -	      endif
    490  f10c				  -
    491  f10c				  -	      cpx	#0
    492  f10c				  -	      bne	.enterfromNBL
    493  f10c				  -	      jmp	no_blank_lines_bailout
    494  f10c					      endif
    495  f10c
    496  f10c				  -	      if	((<*)>$d5)
    497  f10c				  -	      align	256
    498  f10c					      endif
    499  f10c							; this is a kludge to prevent page wrapping - fix!!!
    500  f10c
    501  f10c				   .skipDrawlastP1
    502  f10c		       a9 00		      lda	#0
    503  f10e		       a8		      tay		; added so we don't cross a page
    504  f10f		       4c 39 f1 	      jmp	.continuelastP1
    505  f112
    506  f112				   .endkerloop		; enter at cycle 59??
    507  f112
    508  f112		       ea		      nop
    509  f113
    510  f113				   .enterfromNBL
    511  f113				  -	      ifconst	pfres
    512  f113				  -	      ldy.w	playfield+pfres*pfwidth-4
    513  f113				  -	      sty	PF1L	;3
    514  f113				  -	      ldy.w	playfield+pfres*pfwidth-3-pfadjust
    515  f113				  -	      sty	PF2L	;3
    516  f113				  -	      ldy.w	playfield+pfres*pfwidth-1
    517  f113				  -	      sty	PF1R	; possibly too early?
    518  f113				  -	      ldy.w	playfield+pfres*pfwidth-2-pfadjust
    519  f113				  -	      sty	PF2R	;3
    520  f113					      else
    521  f113		       ac d0 00 	      ldy.w	playfield-48+pfwidth*12+44
    522  f116		       84 0e		      sty	PF1L	;3
    523  f118		       ac d1 00 	      ldy.w	playfield-48+pfwidth*12+45-pfadjust
    524  f11b		       84 0f		      sty	PF2L	;3
    525  f11d		       ac d3 00 	      ldy.w	playfield-48+pfwidth*12+47
    526  f120		       84 0e		      sty	PF1R	; possibly too early?
    527  f122		       ac d2 00 	      ldy.w	playfield-48+pfwidth*12+46-pfadjust
    528  f125		       84 0f		      sty	PF2R	;3
    529  f127					      endif
    530  f127
    531  f127				   enterlastkernel
    532  f127		       a5 92		      lda	ballheight
    533  f129
    534  f129							; tya
    535  f129		       c7 89		      dcp	bally
    536  f12b							; sleep 4
    537  f12b
    538  f12b							; sbc stack3
    539  f12b		       2a		      rol
    540  f12c		       2a		      rol
    541  f12d		       85 1f		      sta	ENABL
    542  f12f
    543  f12f		       a5 8f		      lda	player1height	;3
    544  f131		       c7 86		      dcp	player1y	;5
    545  f133		       90 d7		      bcc	.skipDrawlastP1
    546  f135		       a4 86		      ldy	player1y	;3
    547  f137		       b1 8c		      lda	(player1pointer),y	;5; player0pointer must be selected carefully by the compiler
    548  f139							; so it doesn't cross a page boundary!
    549  f139
    550  f139				   .continuelastP1
    551  f139		       85 1c		      sta	GRP1	;3
    552  f13b
    553  f13b					      ifnconst	player1colors
    554  f13b		       a5 87		      lda	missile1height	;3
    555  f13d		       c7 88		      dcp	missile1y	;5
    556  f13f				  -	      else
    557  f13f				  -	      lda	(player1color),y
    558  f13f				  -	      sta	COLUP1
    559  f13f					      endif
    560  f13f
    561  f13f		       ca		      dex
    562  f140							;dec temp4 ; might try putting this above PF writes
    563  f140		       f0 36		      beq	endkernel
    564  f142
    565  f142
    566  f142				  -	      ifconst	pfres
    567  f142				  -	      ldy.w	playfield+pfres*pfwidth-4
    568  f142				  -	      sty	PF1L	;3
    569  f142				  -	      ldy.w	playfield+pfres*pfwidth-3-pfadjust
    570  f142				  -	      sty	PF2L	;3
    571  f142				  -	      ldy.w	playfield+pfres*pfwidth-1
    572  f142				  -	      sty	PF1R	; possibly too early?
    573  f142				  -	      ldy.w	playfield+pfres*pfwidth-2-pfadjust
    574  f142				  -	      sty	PF2R	;3
    575  f142					      else
    576  f142		       ac d0 00 	      ldy.w	playfield-48+pfwidth*12+44
    577  f145		       84 0e		      sty	PF1L	;3
    578  f147		       ac d1 00 	      ldy.w	playfield-48+pfwidth*12+45-pfadjust
    579  f14a		       84 0f		      sty	PF2L	;3
    580  f14c		       ac d3 00 	      ldy.w	playfield-48+pfwidth*12+47
    581  f14f		       84 0e		      sty	PF1R	; possibly too early?
    582  f151		       ac d2 00 	      ldy.w	playfield-48+pfwidth*12+46-pfadjust
    583  f154		       84 0f		      sty	PF2R	;3
    584  f156					      endif
    585  f156
    586  f156					      ifnconst	player1colors
    587  f156		       2a		      rol		;2
    588  f157		       2a		      rol		;2
    589  f158		       85 1e		      sta	ENAM1	;3
    590  f15a				  -	      else
    591  f15a				  -	      ifnconst	playercolors
    592  f15a				  -	      sleep	7
    593  f15a				  -	      else
    594  f15a				  -	      lda.w	player0colorstore
    595  f15a				  -	      sta	COLUP0
    596  f15a				  -	      endif
    597  f15a					      endif
    598  f15a
    599  f15a		       ad 8e 00 	      lda.w	player0height
    600  f15d		       c7 85		      dcp	player0y
    601  f15f		       90 11		      bcc	.skipDrawlastP0
    602  f161		       a4 85		      ldy	player0y
    603  f163		       b1 8a		      lda	(player0pointer),y
    604  f165				   .continuelastP0
    605  f165		       85 1b		      sta	GRP0
    606  f167
    607  f167
    608  f167
    609  f167					      ifnconst	no_blank_lines
    610  f167		       a5 90		      lda	missile0height	;3
    611  f169		       c7 91		      dcp	missile0y	;5
    612  f16b		       e5 f6		      sbc	stack1
    613  f16d		       85 1d		      sta	ENAM0	;3
    614  f16f		       4c 12 f1 	      jmp	.endkerloop
    615  f172				  -	      else
    616  f172				  -	      ifconst	readpaddle
    617  f172				  -	      ldy	currentpaddle
    618  f172				  -	      lda	INPT0,y
    619  f172				  -	      bpl	noreadpaddle2
    620  f172				  -	      inc	paddle
    621  f172				  -	      jmp	.endkerloop
    622  f172				  -noreadpaddle2
    623  f172				  -	      sleep	4
    624  f172				  -	      jmp	.endkerloop
    625  f172				  -	      else		; no_blank_lines and no paddle reading
    626  f172				  -	      pla
    627  f172				  -	      pha		; 14 cycles in 4 bytes
    628  f172				  -	      pla
    629  f172				  -	      pha
    630  f172				  -			; sleep 14
    631  f172				  -	      jmp	.endkerloop
    632  f172				  -	      endif
    633  f172					      endif
    634  f172
    635  f172
    636  f172							; ifconst donepaddleskip
    637  f172							;paddleskipread
    638  f172							; this is kind of lame, since it requires 4 cycles from a page boundary crossing
    639  f172							; plus we get a lo-res paddle read
    640  f172							; bmi donepaddleskip
    641  f172							; endif
    642  f172
    643  f172				   .skipDrawlastP0
    644  f172		       a9 00		      lda	#0
    645  f174		       a8		      tay
    646  f175		       4c 65 f1 	      jmp	.continuelastP0
    647  f178
    648  f178				  -	      ifconst	no_blank_lines
    649  f178				  -no_blank_lines_bailout
    650  f178				  -	      ldx	#0
    651  f178					      endif
    652  f178
    653  f178				   endkernel
    654  f178							; 6 digit score routine
    655  f178		       86 0e		      stx	PF1
    656  f17a		       86 0f		      stx	PF2
    657  f17c		       86 0d		      stx	PF0
    658  f17e		       18		      clc
    659  f17f
    660  f17f				  -	      ifconst	pfrowheight
    661  f17f				  -	      lda	#pfrowheight+2
    662  f17f					      else
    663  f17f					      ifnconst	pfres
    664  f17f		       a9 0a		      lda	#10
    665  f181				  -	      else
    666  f181				  -	      lda	#(96/pfres)+2	; try to come close to the real size
    667  f181					      endif
    668  f181					      endif
    669  f181
    670  f181		       e5 ef		      sbc	playfieldpos
    671  f183		       85 ef		      sta	playfieldpos
    672  f185		       8a		      txa
    673  f186
    674  f186				  -	      ifconst	shakescreen
    675  f186				  -	      bit	shakescreen
    676  f186				  -	      bmi	noshakescreen2
    677  f186				  -	      ldx	#$3D
    678  f186				  -noshakescreen2
    679  f186					      endif
    680  f186
    681  f186		       95 02		      sta	WSYNC,x
    682  f188
    683  f188							; STA WSYNC ;first one, need one more
    684  f188		       85 0b		      sta	REFP0
    685  f18a		       85 0c		      sta	REFP1
    686  f18c		       85 1b		      STA	GRP0
    687  f18e		       85 1c		      STA	GRP1
    688  f190							; STA PF1
    689  f190							; STA PF2
    690  f190		       85 2b		      sta	HMCLR
    691  f192		       85 1d		      sta	ENAM0
    692  f194		       85 1e		      sta	ENAM1
    693  f196		       85 1f		      sta	ENABL
    694  f198
    695  f198		       a5 9d		      lda	temp2	;restore variables that were obliterated by kernel
    696  f19a		       85 85		      sta	player0y
    697  f19c		       a5 9e		      lda	temp3
    698  f19e		       85 86		      sta	player1y
    699  f1a0					      ifnconst	player1colors
    700  f1a0		       a5 a1		      lda	temp6
    701  f1a2		       85 88		      sta	missile1y
    702  f1a4					      endif
    703  f1a4					      ifnconst	playercolors
    704  f1a4					      ifnconst	readpaddle
    705  f1a4		       a5 a0		      lda	temp5
    706  f1a6		       85 91		      sta	missile0y
    707  f1a8					      endif
    708  f1a8					      endif
    709  f1a8		       a5 f7		      lda	stack2
    710  f1aa		       85 89		      sta	bally
    711  f1ac
    712  f1ac							; strangely, this isn't required any more. might have
    713  f1ac							; resulted from the no_blank_lines score bounce fix
    714  f1ac							;ifconst no_blank_lines
    715  f1ac							;sta WSYNC
    716  f1ac							;endif
    717  f1ac
    718  f1ac		       ad 84 02 	      lda	INTIM
    719  f1af		       18		      clc
    720  f1b0				  -	      ifnconst	vblank_time
    721  f1b0				  -	      adc	#43+12+87
    722  f1b0					      else
    723  f1b0		       69 8e		      adc	#vblank_time+12+87
    724  f1b2
    725  f1b2					      endif
    726  f1b2							; sta WSYNC
    727  f1b2		       8d 96 02 	      sta	TIM64T
    728  f1b5
    729  f1b5				  -	      ifconst	minikernel
    730  f1b5				  -	      jsr	minikernel
    731  f1b5					      endif
    732  f1b5
    733  f1b5							; now reassign temp vars for score pointers
    734  f1b5
    735  f1b5							; score pointers contain:
    736  f1b5							; score1-5: lo1,lo2,lo3,lo4,lo5,lo6
    737  f1b5							; swap lo2->temp1
    738  f1b5							; swap lo4->temp3
    739  f1b5							; swap lo6->temp5
    740  f1b5					      ifnconst	noscore
    741  f1b5		       a5 97		      lda	scorepointers+1
    742  f1b7							; ldy temp1
    743  f1b7		       85 9c		      sta	temp1
    744  f1b9							; sty scorepointers+1
    745  f1b9
    746  f1b9		       a5 99		      lda	scorepointers+3
    747  f1bb							; ldy temp3
    748  f1bb		       85 9e		      sta	temp3
    749  f1bd							; sty scorepointers+3
    750  f1bd
    751  f1bd
    752  f1bd		       85 2b		      sta	HMCLR
    753  f1bf		       ba		      tsx
    754  f1c0		       86 f6		      stx	stack1
    755  f1c2		       a2 e0		      ldx	#$E0
    756  f1c4		       86 20		      stx	HMP0
    757  f1c6
    758  f1c6		       a5 a3		      LDA	scorecolor
    759  f1c8		       85 06		      STA	COLUP0
    760  f1ca		       85 07		      STA	COLUP1
    761  f1cc				  -	      ifconst	scorefade
    762  f1cc				  -	      STA	stack2
    763  f1cc					      endif
    764  f1cc					      ifconst	pfscore
    765  f1cc		       a5 f4		      lda	pfscorecolor
    766  f1ce		       85 08		      sta	COLUPF
    767  f1d0					      endif
    768  f1d0		       85 02		      sta	WSYNC
    769  f1d2		       a2 00		      ldx	#0
    770  f1d4		       86 1b		      STx	GRP0
    771  f1d6		       86 1c		      STx	GRP1	; seems to be needed because of vdel
    772  f1d8
    773  f1d8		       a5 9b		      lda	scorepointers+5
    774  f1da							; ldy temp5
    775  f1da		       95 a0		      sta	temp5,x
    776  f1dc							; sty scorepointers+5
    777  f1dc		       a9 ff		      lda	#>scoretable
    778  f1de		       85 97		      sta	scorepointers+1
    779  f1e0		       85 99		      sta	scorepointers+3
    780  f1e2		       85 9b		      sta	scorepointers+5
    781  f1e4		       85 9d		      sta	temp2
    782  f1e6		       85 9f		      sta	temp4
    783  f1e8		       85 a1		      sta	temp6
    784  f1ea		       a0 07		      LDY	#7
    785  f1ec		       84 25		      STY	VDELP0
    786  f1ee		       85 10		      STA	RESP0
    787  f1f0		       85 11		      STA	RESP1
    788  f1f2
    789  f1f2
    790  f1f2		       a9 03		      LDA	#$03
    791  f1f4		       85 04		      STA	NUSIZ0
    792  f1f6		       85 05		      STA	NUSIZ1
    793  f1f8		       85 26		      STA	VDELP1
    794  f1fa		       a9 f0		      LDA	#$F0
    795  f1fc		       85 21		      STA	HMP1
    796  f1fe		       b1 96		      lda	(scorepointers),y
    797  f200		       85 1b		      sta	GRP0
    798  f202		       85 2a		      STA	HMOVE	; cycle 73 ?
    799  f204		       4c 10 f2 	      jmp	beginscore
    800  f207
    801  f207
    802  f207				  -	      if	((<*)>$d4)
    803  f207				  -	      align	256	; kludge that potentially wastes space! should be fixed!
    804  f207					      endif
    805  f207
    806  f207				   loop2
    807  f207		       b1 96		      lda	(scorepointers),y	;+5 68 204
    808  f209		       85 1b		      sta	GRP0	;+3 71 213 D1 -- -- --
    809  f20b					      ifconst	pfscore
    810  f20b		       ad f2 00 	      lda.w	pfscore1
    811  f20e		       85 0e		      sta	PF1
    812  f210				  -	      else
    813  f210				  -	      ifconst	scorefade
    814  f210				  -	      sleep	2
    815  f210				  -	      dec	stack2	; decrement the temporary scorecolor
    816  f210				  -	      else
    817  f210				  -	      sleep	7
    818  f210				  -	      endif
    819  f210					      endif
    820  f210							; cycle 0
    821  f210				   beginscore
    822  f210		       b1 9e		      lda	(scorepointers+$8),y	;+5 5 15
    823  f212		       85 1c		      sta	GRP1	;+3 8 24 D1 D1 D2 --
    824  f214		       b1 9c		      lda	(scorepointers+$6),y	;+5 13 39
    825  f216		       85 1b		      sta	GRP0	;+3 16 48 D3 D1 D2 D2
    826  f218		       b3 98		      lax	(scorepointers+$2),y	;+5 29 87
    827  f21a		       9a		      txs
    828  f21b		       b3 9a		      lax	(scorepointers+$4),y	;+5 36 108
    829  f21d				  -	      ifconst	scorefade
    830  f21d				  -	      lda	stack2
    831  f21d					      else
      0  f21d					      sleep	3
      1  f21d				   .CYCLES    SET	3
      2  f21d
      3  f21d				  -	      IF	.CYCLES < 2
      4  f21d				  -	      ECHO	"MACRO ERROR: 'SLEEP': Duration must be > 1"
      5  f21d				  -	      ERR
      6  f21d					      ENDIF
      7  f21d
      8  f21d					      IF	.CYCLES & 1
      9  f21d					      IFNCONST	NO_ILLEGAL_OPCODES
     10  f21d		       04 00		      nop	0
     11  f21f				  -	      ELSE
     12  f21f				  -	      bit	VSYNC
     13  f21f					      ENDIF
     14  f21f				   .CYCLES    SET	.CYCLES - 3
     15  f21f					      ENDIF
     16  f21f
     17  f21f				  -	      REPEAT	.CYCLES / 2
     18  f21f				  -	      nop
     19  f21f					      REPEND
    833  f21f					      endif
    834  f21f
    835  f21f					      ifconst	pfscore
    836  f21f		       a5 f3		      lda	pfscore2
    837  f221		       85 0e		      sta	PF1
    838  f223				  -	      else
    839  f223				  -	      ifconst	scorefade
    840  f223				  -	      sta	COLUP0
    841  f223				  -	      sta	COLUP1
    842  f223				  -	      else
    843  f223				  -	      sleep	6
    844  f223				  -	      endif
    845  f223					      endif
    846  f223
    847  f223		       b1 a0		      lda	(scorepointers+$A),y	;+5 21 63
    848  f225		       86 1c		      stx	GRP1	;+3 44 132 D3 D3 D4 D2!
    849  f227		       ba		      tsx
    850  f228		       86 1b		      stx	GRP0	;+3 47 141 D5 D3! D4 D4
    851  f22a		       85 1c		      sta	GRP1	;+3 50 150 D5 D5 D6 D4!
    852  f22c		       84 1b		      sty	GRP0	;+3 53 159 D4* D5! D6 D6
    853  f22e		       88		      dey
    854  f22f		       10 d6		      bpl	loop2	;+2 60 180
    855  f231
    856  f231		       a6 f6		      ldx	stack1
    857  f233		       9a		      txs
    858  f234							; lda scorepointers+1
    859  f234		       a4 9c		      ldy	temp1
    860  f236							; sta temp1
    861  f236		       84 97		      sty	scorepointers+1
    862  f238
    863  f238		       a9 00		      LDA	#0
    864  f23a		       85 0e		      sta	PF1
    865  f23c		       85 1b		      STA	GRP0
    866  f23e		       85 1c		      STA	GRP1
    867  f240		       85 25		      STA	VDELP0
    868  f242		       85 26		      STA	VDELP1	;do we need these
    869  f244		       85 04		      STA	NUSIZ0
    870  f246		       85 05		      STA	NUSIZ1
    871  f248
    872  f248							; lda scorepointers+3
    873  f248		       a4 9e		      ldy	temp3
    874  f24a							; sta temp3
    875  f24a		       84 99		      sty	scorepointers+3
    876  f24c
    877  f24c							; lda scorepointers+5
    878  f24c		       a4 a0		      ldy	temp5
    879  f24e							; sta temp5
    880  f24e		       84 9b		      sty	scorepointers+5
    881  f250					      endif		;noscore
    882  f250				  -	      ifconst	readpaddle
    883  f250				  -	      lda	#%11000010
    884  f250					      else
    885  f250				  -	      ifconst	qtcontroller
    886  f250				  -	      lda	qtcontroller
    887  f250				  -	      lsr		; bit 0 in carry
    888  f250				  -	      lda	#4
    889  f250				  -	      ror		; carry into top of A
    890  f250					      else
    891  f250		       a9 02		      lda	#2
    892  f252					      endif		; qtcontroller
    893  f252					      endif		; readpaddle
    894  f252		       85 02		      sta	WSYNC
    895  f254		       85 01		      sta	VBLANK
      0  f256					      RETURN
      1  f256					      ifnconst	bankswitch
      2  f256		       60		      rts
      3  f257				  -	      else
      4  f257				  -	      jmp	BS_return
      5  f257					      endif
    897  f257				  -	      ifconst	shakescreen
    898  f257				  -doshakescreen
    899  f257				  -	      bit	shakescreen
    900  f257				  -	      bmi	noshakescreen
    901  f257				  -	      sta	WSYNC
    902  f257				  -noshakescreen
    903  f257				  -	      ldx	missile0height
    904  f257				  -	      inx
    905  f257				  -	      rts
    906  f257					      endif
    907  f257
    908  f257							; Provided under the CC0 license. See the included LICENSE.txt for details.
    909  f257
    910  f257							; playfield drawing routines
    911  f257							; you get a 32x12 bitmapped display in a single color :)
    912  f257							; 0-31 and 0-11
    913  f257
    914  f257				   pfclear		; clears playfield - or fill with pattern
    915  f257				  -	      ifconst	pfres
    916  f257				  -	      ldx	#pfres*pfwidth-1
    917  f257					      else
    918  f257		       a2 2f		      ldx	#47-(4-pfwidth)*12	; will this work?
    919  f259					      endif
    920  f259				   pfclear_loop
    921  f259					      ifnconst	superchip
    922  f259		       95 a4		      sta	playfield,x
    923  f25b				  -	      else
    924  f25b				  -	      sta	playfield-128,x
    925  f25b					      endif
    926  f25b		       ca		      dex
    927  f25c		       10 fb		      bpl	pfclear_loop
      0  f25e					      RETURN
      1  f25e					      ifnconst	bankswitch
      2  f25e		       60		      rts
      3  f25f				  -	      else
      4  f25f				  -	      jmp	BS_return
      5  f25f					      endif
    929  f25f
    930  f25f				   setuppointers
    931  f25f		       86 9d		      stx	temp2	; store on.off.flip value
    932  f261		       aa		      tax		; put x-value in x 
    933  f262		       4a		      lsr
    934  f263		       4a		      lsr
    935  f264		       4a		      lsr		; divide x pos by 8 
    936  f265		       85 9c		      sta	temp1
    937  f267		       98		      tya
    938  f268		       0a		      asl
    939  f269					      if	pfwidth=4
    940  f269		       0a		      asl		; multiply y pos by 4
    941  f26a					      endif		; else multiply by 2
    942  f26a		       18		      clc
    943  f26b		       65 9c		      adc	temp1	; add them together to get actual memory location offset
    944  f26d		       a8		      tay		; put the value in y
    945  f26e		       a5 9d		      lda	temp2	; restore on.off.flip value
    946  f270		       60		      rts
    947  f271
    948  f271				   pfread
    949  f271							;x=xvalue, y=yvalue
    950  f271		       20 5f f2 	      jsr	setuppointers
    951  f274		       bd d9 f2 	      lda	setbyte,x
    952  f277		       39 a4 00 	      and	playfield,y
    953  f27a		       5d d9 f2 	      eor	setbyte,x
    954  f27d							; beq readzero
    955  f27d							; lda #1
    956  f27d							; readzero
      0  f27d					      RETURN
      1  f27d					      ifnconst	bankswitch
      2  f27d		       60		      rts
      3  f27e				  -	      else
      4  f27e				  -	      jmp	BS_return
      5  f27e					      endif
    958  f27e
    959  f27e				   pfpixel
    960  f27e							;x=xvalue, y=yvalue, a=0,1,2
    961  f27e		       20 5f f2 	      jsr	setuppointers
    962  f281
    963  f281				  -	      ifconst	bankswitch
    964  f281				  -	      lda	temp2	; load on.off.flip value (0,1, or 2)
    965  f281				  -	      beq	pixelon_r	; if "on" go to on
    966  f281				  -	      lsr
    967  f281				  -	      bcs	pixeloff_r	; value is 1 if true
    968  f281				  -	      lda	playfield,y	; if here, it's "flip"
    969  f281				  -	      eor	setbyte,x
    970  f281				  -	      ifconst	superchip
    971  f281				  -	      sta	playfield-128,y
    972  f281				  -	      else
    973  f281				  -	      sta	playfield,y
    974  f281				  -	      endif
    975  f281				  -	      RETURN
    976  f281				  -pixelon_r
    977  f281				  -	      lda	playfield,y
    978  f281				  -	      ora	setbyte,x
    979  f281				  -	      ifconst	superchip
    980  f281				  -	      sta	playfield-128,y
    981  f281				  -	      else
    982  f281				  -	      sta	playfield,y
    983  f281				  -	      endif
    984  f281				  -	      RETURN
    985  f281				  -pixeloff_r
    986  f281				  -	      lda	setbyte,x
    987  f281				  -	      eor	#$ff
    988  f281				  -	      and	playfield,y
    989  f281				  -	      ifconst	superchip
    990  f281				  -	      sta	playfield-128,y
    991  f281				  -	      else
    992  f281				  -	      sta	playfield,y
    993  f281				  -	      endif
    994  f281				  -	      RETURN
    995  f281				  -
    996  f281					      else
    997  f281		       4c b2 f2 	      jmp	plotpoint
    998  f284					      endif
    999  f284
   1000  f284				   pfhline
   1001  f284							;x=xvalue, y=yvalue, a=0,1,2, temp3=endx
   1002  f284		       20 5f f2 	      jsr	setuppointers
   1003  f287		       4c 91 f2 	      jmp	noinc
   1004  f28a				   keepgoing
   1005  f28a		       e8		      inx
   1006  f28b		       8a		      txa
   1007  f28c		       29 07		      and	#7
   1008  f28e		       d0 01		      bne	noinc
   1009  f290		       c8		      iny
   1010  f291				   noinc
   1011  f291		       20 b2 f2 	      jsr	plotpoint
   1012  f294		       e4 9e		      cpx	temp3
   1013  f296		       30 f2		      bmi	keepgoing
      0  f298					      RETURN
      1  f298					      ifnconst	bankswitch
      2  f298		       60		      rts
      3  f299				  -	      else
      4  f299				  -	      jmp	BS_return
      5  f299					      endif
   1015  f299
   1016  f299				   pfvline
   1017  f299							;x=xvalue, y=yvalue, a=0,1,2, temp3=endx
   1018  f299		       20 5f f2 	      jsr	setuppointers
   1019  f29c		       84 9c		      sty	temp1	; store memory location offset
   1020  f29e		       e6 9e		      inc	temp3	; increase final x by 1 
   1021  f2a0		       a5 9e		      lda	temp3
   1022  f2a2		       0a		      asl
   1023  f2a3					      if	pfwidth=4
   1024  f2a3		       0a		      asl		; multiply by 4
   1025  f2a4					      endif		; else multiply by 2
   1026  f2a4		       85 9e		      sta	temp3	; store it
   1027  f2a6							; Thanks to Michael Rideout for fixing a bug in this code
   1028  f2a6							; right now, temp1=y=starting memory location, temp3=final
   1029  f2a6							; x should equal original x value
   1030  f2a6				   keepgoingy
   1031  f2a6		       20 b2 f2 	      jsr	plotpoint
   1032  f2a9		       c8		      iny
   1033  f2aa		       c8		      iny
   1034  f2ab					      if	pfwidth=4
   1035  f2ab		       c8		      iny
   1036  f2ac		       c8		      iny
   1037  f2ad					      endif
   1038  f2ad		       c4 9e		      cpy	temp3
   1039  f2af		       30 f5		      bmi	keepgoingy
      0  f2b1					      RETURN
      1  f2b1					      ifnconst	bankswitch
      2  f2b1		       60		      rts
      3  f2b2				  -	      else
      4  f2b2				  -	      jmp	BS_return
      5  f2b2					      endif
   1041  f2b2
   1042  f2b2				   plotpoint
   1043  f2b2		       a5 9d		      lda	temp2	; load on.off.flip value (0,1, or 2)
   1044  f2b4		       f0 0d		      beq	pixelon	; if "on" go to on
   1045  f2b6		       4a		      lsr
   1046  f2b7		       b0 14		      bcs	pixeloff	; value is 1 if true
   1047  f2b9		       b9 a4 00 	      lda	playfield,y	; if here, it's "flip"
   1048  f2bc		       5d d9 f2 	      eor	setbyte,x
   1049  f2bf				  -	      ifconst	superchip
   1050  f2bf				  -	      sta	playfield-128,y
   1051  f2bf					      else
   1052  f2bf		       99 a4 00 	      sta	playfield,y
   1053  f2c2					      endif
   1054  f2c2		       60		      rts
   1055  f2c3				   pixelon
   1056  f2c3		       b9 a4 00 	      lda	playfield,y
   1057  f2c6		       1d d9 f2 	      ora	setbyte,x
   1058  f2c9				  -	      ifconst	superchip
   1059  f2c9				  -	      sta	playfield-128,y
   1060  f2c9					      else
   1061  f2c9		       99 a4 00 	      sta	playfield,y
   1062  f2cc					      endif
   1063  f2cc		       60		      rts
   1064  f2cd				   pixeloff
   1065  f2cd		       bd d9 f2 	      lda	setbyte,x
   1066  f2d0		       49 ff		      eor	#$ff
   1067  f2d2		       39 a4 00 	      and	playfield,y
   1068  f2d5				  -	      ifconst	superchip
   1069  f2d5				  -	      sta	playfield-128,y
   1070  f2d5					      else
   1071  f2d5		       99 a4 00 	      sta	playfield,y
   1072  f2d8					      endif
   1073  f2d8		       60		      rts
   1074  f2d9
   1075  f2d9				   setbyte
   1076  f2d9					      ifnconst	pfcenter
   1077  f2d9		       80		      .byte.b	$80
   1078  f2da		       40		      .byte.b	$40
   1079  f2db		       20		      .byte.b	$20
   1080  f2dc		       10		      .byte.b	$10
   1081  f2dd		       08		      .byte.b	$08
   1082  f2de		       04		      .byte.b	$04
   1083  f2df		       02		      .byte.b	$02
   1084  f2e0		       01		      .byte.b	$01
   1085  f2e1					      endif
   1086  f2e1		       01		      .byte.b	$01
   1087  f2e2		       02		      .byte.b	$02
   1088  f2e3		       04		      .byte.b	$04
   1089  f2e4		       08		      .byte.b	$08
   1090  f2e5		       10		      .byte.b	$10
   1091  f2e6		       20		      .byte.b	$20
   1092  f2e7		       40		      .byte.b	$40
   1093  f2e8		       80		      .byte.b	$80
   1094  f2e9		       80		      .byte.b	$80
   1095  f2ea		       40		      .byte.b	$40
   1096  f2eb		       20		      .byte.b	$20
   1097  f2ec		       10		      .byte.b	$10
   1098  f2ed		       08		      .byte.b	$08
   1099  f2ee		       04		      .byte.b	$04
   1100  f2ef		       02		      .byte.b	$02
   1101  f2f0		       01		      .byte.b	$01
   1102  f2f1		       01		      .byte.b	$01
   1103  f2f2		       02		      .byte.b	$02
   1104  f2f3		       04		      .byte.b	$04
   1105  f2f4		       08		      .byte.b	$08
   1106  f2f5		       10		      .byte.b	$10
   1107  f2f6		       20		      .byte.b	$20
   1108  f2f7		       40		      .byte.b	$40
   1109  f2f8		       80		      .byte.b	$80
   1110  f2f9							; Provided under the CC0 license. See the included LICENSE.txt for details.
   1111  f2f9
   1112  f2f9				   pfscroll		;(a=0 left, 1 right, 2 up, 4 down, 6=upup, 12=downdown)
   1113  f2f9		       d0 13		      bne	notleft
   1114  f2fb							;left
   1115  f2fb				  -	      ifconst	pfres
   1116  f2fb				  -	      ldx	#pfres*4
   1117  f2fb					      else
   1118  f2fb		       a2 30		      ldx	#48
   1119  f2fd					      endif
   1120  f2fd				   leftloop
   1121  f2fd		       b5 a3		      lda	playfield-1,x
   1122  f2ff		       4a		      lsr
   1123  f300
   1124  f300				  -	      ifconst	superchip
   1125  f300				  -	      lda	playfield-2,x
   1126  f300				  -	      rol
   1127  f300				  -	      sta	playfield-130,x
   1128  f300				  -	      lda	playfield-3,x
   1129  f300				  -	      ror
   1130  f300				  -	      sta	playfield-131,x
   1131  f300				  -	      lda	playfield-4,x
   1132  f300				  -	      rol
   1133  f300				  -	      sta	playfield-132,x
   1134  f300				  -	      lda	playfield-1,x
   1135  f300				  -	      ror
   1136  f300				  -	      sta	playfield-129,x
   1137  f300					      else
   1138  f300		       36 a2		      rol	playfield-2,x
   1139  f302		       76 a1		      ror	playfield-3,x
   1140  f304		       36 a0		      rol	playfield-4,x
   1141  f306		       76 a3		      ror	playfield-1,x
   1142  f308					      endif
   1143  f308
   1144  f308		       8a		      txa
   1145  f309		       cb 04		      sbx	#4
   1146  f30b		       d0 f0		      bne	leftloop
      0  f30d					      RETURN
      1  f30d					      ifnconst	bankswitch
      2  f30d		       60		      rts
      3  f30e				  -	      else
      4  f30e				  -	      jmp	BS_return
      5  f30e					      endif
   1148  f30e
   1149  f30e				   notleft
   1150  f30e		       4a		      lsr
   1151  f30f		       90 13		      bcc	notright
   1152  f311							;right
   1153  f311
   1154  f311				  -	      ifconst	pfres
   1155  f311				  -	      ldx	#pfres*4
   1156  f311					      else
   1157  f311		       a2 30		      ldx	#48
   1158  f313					      endif
   1159  f313				   rightloop
   1160  f313		       b5 a0		      lda	playfield-4,x
   1161  f315		       4a		      lsr
   1162  f316				  -	      ifconst	superchip
   1163  f316				  -	      lda	playfield-3,x
   1164  f316				  -	      rol
   1165  f316				  -	      sta	playfield-131,x
   1166  f316				  -	      lda	playfield-2,x
   1167  f316				  -	      ror
   1168  f316				  -	      sta	playfield-130,x
   1169  f316				  -	      lda	playfield-1,x
   1170  f316				  -	      rol
   1171  f316				  -	      sta	playfield-129,x
   1172  f316				  -	      lda	playfield-4,x
   1173  f316				  -	      ror
   1174  f316				  -	      sta	playfield-132,x
   1175  f316					      else
   1176  f316		       36 a1		      rol	playfield-3,x
   1177  f318		       76 a2		      ror	playfield-2,x
   1178  f31a		       36 a3		      rol	playfield-1,x
   1179  f31c		       76 a0		      ror	playfield-4,x
   1180  f31e					      endif
   1181  f31e		       8a		      txa
   1182  f31f		       cb 04		      sbx	#4
   1183  f321		       d0 f0		      bne	rightloop
      0  f323					      RETURN
      1  f323					      ifnconst	bankswitch
      2  f323		       60		      rts
      3  f324				  -	      else
      4  f324				  -	      jmp	BS_return
      5  f324					      endif
   1185  f324
   1186  f324				   notright
   1187  f324		       4a		      lsr
   1188  f325		       90 49		      bcc	notup
   1189  f327							;up
   1190  f327		       4a		      lsr
   1191  f328		       90 02		      bcc	onedecup
   1192  f32a		       c6 ef		      dec	playfieldpos
   1193  f32c				   onedecup
   1194  f32c		       c6 ef		      dec	playfieldpos
   1195  f32e		       f0 02		      beq	shiftdown
   1196  f330		       10 3d		      bpl	noshiftdown2
   1197  f332				   shiftdown
   1198  f332				  -	      ifconst	pfrowheight
   1199  f332				  -	      lda	#pfrowheight
   1200  f332					      else
   1201  f332					      ifnconst	pfres
   1202  f332		       a9 08		      lda	#8
   1203  f334				  -	      else
   1204  f334				  -	      lda	#(96/pfres)	; try to come close to the real size
   1205  f334					      endif
   1206  f334					      endif
   1207  f334
   1208  f334		       85 ef		      sta	playfieldpos
   1209  f336		       a5 a7		      lda	playfield+3
   1210  f338		       85 9f		      sta	temp4
   1211  f33a		       a5 a6		      lda	playfield+2
   1212  f33c		       85 9e		      sta	temp3
   1213  f33e		       a5 a5		      lda	playfield+1
   1214  f340		       85 9d		      sta	temp2
   1215  f342		       a5 a4		      lda	playfield
   1216  f344		       85 9c		      sta	temp1
   1217  f346		       a2 00		      ldx	#0
   1218  f348				   up2
   1219  f348		       b5 a8		      lda	playfield+4,x
   1220  f34a				  -	      ifconst	superchip
   1221  f34a				  -	      sta	playfield-128,x
   1222  f34a				  -	      lda	playfield+5,x
   1223  f34a				  -	      sta	playfield-127,x
   1224  f34a				  -	      lda	playfield+6,x
   1225  f34a				  -	      sta	playfield-126,x
   1226  f34a				  -	      lda	playfield+7,x
   1227  f34a				  -	      sta	playfield-125,x
   1228  f34a					      else
   1229  f34a		       95 a4		      sta	playfield,x
   1230  f34c		       b5 a9		      lda	playfield+5,x
   1231  f34e		       95 a5		      sta	playfield+1,x
   1232  f350		       b5 aa		      lda	playfield+6,x
   1233  f352		       95 a6		      sta	playfield+2,x
   1234  f354		       b5 ab		      lda	playfield+7,x
   1235  f356		       95 a7		      sta	playfield+3,x
   1236  f358					      endif
   1237  f358		       8a		      txa
   1238  f359		       cb fc		      sbx	#252
   1239  f35b				  -	      ifconst	pfres
   1240  f35b				  -	      cpx	#(pfres-1)*4
   1241  f35b					      else
   1242  f35b		       e0 2c		      cpx	#44
   1243  f35d					      endif
   1244  f35d		       d0 e9		      bne	up2
   1245  f35f
   1246  f35f		       a5 9f		      lda	temp4
   1247  f361
   1248  f361				  -	      ifconst	superchip
   1249  f361				  -	      ifconst	pfres
   1250  f361				  -	      sta	playfield+pfres*4-129
   1251  f361				  -	      lda	temp3
   1252  f361				  -	      sta	playfield+pfres*4-130
   1253  f361				  -	      lda	temp2
   1254  f361				  -	      sta	playfield+pfres*4-131
   1255  f361				  -	      lda	temp1
   1256  f361				  -	      sta	playfield+pfres*4-132
   1257  f361				  -	      else
   1258  f361				  -	      sta	playfield+47-128
   1259  f361				  -	      lda	temp3
   1260  f361				  -	      sta	playfield+46-128
   1261  f361				  -	      lda	temp2
   1262  f361				  -	      sta	playfield+45-128
   1263  f361				  -	      lda	temp1
   1264  f361				  -	      sta	playfield+44-128
   1265  f361				  -	      endif
   1266  f361					      else
   1267  f361				  -	      ifconst	pfres
   1268  f361				  -	      sta	playfield+pfres*4-1
   1269  f361				  -	      lda	temp3
   1270  f361				  -	      sta	playfield+pfres*4-2
   1271  f361				  -	      lda	temp2
   1272  f361				  -	      sta	playfield+pfres*4-3
   1273  f361				  -	      lda	temp1
   1274  f361				  -	      sta	playfield+pfres*4-4
   1275  f361					      else
   1276  f361		       85 d3		      sta	playfield+47
   1277  f363		       a5 9e		      lda	temp3
   1278  f365		       85 d2		      sta	playfield+46
   1279  f367		       a5 9d		      lda	temp2
   1280  f369		       85 d1		      sta	playfield+45
   1281  f36b		       a5 9c		      lda	temp1
   1282  f36d		       85 d0		      sta	playfield+44
   1283  f36f					      endif
   1284  f36f					      endif
   1285  f36f				   noshiftdown2
      0  f36f					      RETURN
      1  f36f					      ifnconst	bankswitch
      2  f36f		       60		      rts
      3  f370				  -	      else
      4  f370				  -	      jmp	BS_return
      5  f370					      endif
   1287  f370
   1288  f370
   1289  f370				   notup
   1290  f370							;down
   1291  f370		       4a		      lsr
   1292  f371		       b0 02		      bcs	oneincup
   1293  f373		       e6 ef		      inc	playfieldpos
   1294  f375				   oneincup
   1295  f375		       e6 ef		      inc	playfieldpos
   1296  f377		       a5 ef		      lda	playfieldpos
   1297  f379
   1298  f379				  -	      ifconst	pfrowheight
   1299  f379				  -	      cmp	#pfrowheight+1
   1300  f379					      else
   1301  f379					      ifnconst	pfres
   1302  f379		       c9 09		      cmp	#9
   1303  f37b				  -	      else
   1304  f37b				  -	      cmp	#(96/pfres)+1	; try to come close to the real size
   1305  f37b					      endif
   1306  f37b					      endif
   1307  f37b
   1308  f37b		       90 3b		      bcc	noshiftdown
   1309  f37d		       a9 01		      lda	#1
   1310  f37f		       85 ef		      sta	playfieldpos
   1311  f381
   1312  f381				  -	      ifconst	pfres
   1313  f381				  -	      lda	playfield+pfres*4-1
   1314  f381				  -	      sta	temp4
   1315  f381				  -	      lda	playfield+pfres*4-2
   1316  f381				  -	      sta	temp3
   1317  f381				  -	      lda	playfield+pfres*4-3
   1318  f381				  -	      sta	temp2
   1319  f381				  -	      lda	playfield+pfres*4-4
   1320  f381					      else
   1321  f381		       a5 d3		      lda	playfield+47
   1322  f383		       85 9f		      sta	temp4
   1323  f385		       a5 d2		      lda	playfield+46
   1324  f387		       85 9e		      sta	temp3
   1325  f389		       a5 d1		      lda	playfield+45
   1326  f38b		       85 9d		      sta	temp2
   1327  f38d		       a5 d0		      lda	playfield+44
   1328  f38f					      endif
   1329  f38f
   1330  f38f		       85 9c		      sta	temp1
   1331  f391
   1332  f391				  -	      ifconst	pfres
   1333  f391				  -	      ldx	#(pfres-1)*4
   1334  f391					      else
   1335  f391		       a2 2c		      ldx	#44
   1336  f393					      endif
   1337  f393				   down2
   1338  f393		       b5 a3		      lda	playfield-1,x
   1339  f395				  -	      ifconst	superchip
   1340  f395				  -	      sta	playfield-125,x
   1341  f395				  -	      lda	playfield-2,x
   1342  f395				  -	      sta	playfield-126,x
   1343  f395				  -	      lda	playfield-3,x
   1344  f395				  -	      sta	playfield-127,x
   1345  f395				  -	      lda	playfield-4,x
   1346  f395				  -	      sta	playfield-128,x
   1347  f395					      else
   1348  f395		       95 a7		      sta	playfield+3,x
   1349  f397		       b5 a2		      lda	playfield-2,x
   1350  f399		       95 a6		      sta	playfield+2,x
   1351  f39b		       b5 a1		      lda	playfield-3,x
   1352  f39d		       95 a5		      sta	playfield+1,x
   1353  f39f		       b5 a0		      lda	playfield-4,x
   1354  f3a1		       95 a4		      sta	playfield,x
   1355  f3a3					      endif
   1356  f3a3		       8a		      txa
   1357  f3a4		       cb 04		      sbx	#4
   1358  f3a6		       d0 eb		      bne	down2
   1359  f3a8
   1360  f3a8		       a5 9f		      lda	temp4
   1361  f3aa				  -	      ifconst	superchip
   1362  f3aa				  -	      sta	playfield-125
   1363  f3aa				  -	      lda	temp3
   1364  f3aa				  -	      sta	playfield-126
   1365  f3aa				  -	      lda	temp2
   1366  f3aa				  -	      sta	playfield-127
   1367  f3aa				  -	      lda	temp1
   1368  f3aa				  -	      sta	playfield-128
   1369  f3aa					      else
   1370  f3aa		       85 a7		      sta	playfield+3
   1371  f3ac		       a5 9e		      lda	temp3
   1372  f3ae		       85 a6		      sta	playfield+2
   1373  f3b0		       a5 9d		      lda	temp2
   1374  f3b2		       85 a5		      sta	playfield+1
   1375  f3b4		       a5 9c		      lda	temp1
   1376  f3b6		       85 a4		      sta	playfield
   1377  f3b8					      endif
   1378  f3b8				   noshiftdown
      0  f3b8					      RETURN
      1  f3b8					      ifnconst	bankswitch
      2  f3b8		       60		      rts
      3  f3b9				  -	      else
      4  f3b9				  -	      jmp	BS_return
      5  f3b9					      endif
   1380  f3b9							; Provided under the CC0 license. See the included LICENSE.txt for details.
   1381  f3b9
   1382  f3b9							;standard routines needed for pretty much all games
   1383  f3b9							; just the random number generator is left - maybe we should remove this asm file altogether?
   1384  f3b9							; repositioning code and score pointer setup moved to overscan
   1385  f3b9							; read switches, joysticks now compiler generated (more efficient)
   1386  f3b9
   1387  f3b9				   randomize
   1388  f3b9		       a5 a2		      lda	rand
   1389  f3bb		       4a		      lsr
   1390  f3bc					      ifconst	rand16
   1391  f3bc		       26 db		      rol	rand16
   1392  f3be					      endif
   1393  f3be		       90 02		      bcc	noeor
   1394  f3c0		       49 b4		      eor	#$B4
   1395  f3c2				   noeor
   1396  f3c2		       85 a2		      sta	rand
   1397  f3c4					      ifconst	rand16
   1398  f3c4		       45 db		      eor	rand16
   1399  f3c6					      endif
      0  f3c6					      RETURN
      1  f3c6					      ifnconst	bankswitch
      2  f3c6		       60		      rts
      3  f3c7				  -	      else
      4  f3c7				  -	      jmp	BS_return
      5  f3c7					      endif
   1401  f3c7							; Provided under the CC0 license. See the included LICENSE.txt for details.
   1402  f3c7
   1403  f3c7				   drawscreen
   1404  f3c7				  -	      ifconst	debugscore
   1405  f3c7				  -	      ldx	#14
   1406  f3c7				  -	      lda	INTIM	; display # cycles left in the score
   1407  f3c7				  -
   1408  f3c7				  -	      ifconst	mincycles
   1409  f3c7				  -	      lda	mincycles
   1410  f3c7				  -	      cmp	INTIM
   1411  f3c7				  -	      lda	mincycles
   1412  f3c7				  -	      bcc	nochange
   1413  f3c7				  -	      lda	INTIM
   1414  f3c7				  -	      sta	mincycles
   1415  f3c7				  -nochange
   1416  f3c7				  -	      endif
   1417  f3c7				  -
   1418  f3c7				  -			; cmp #$2B
   1419  f3c7				  -			; bcs no_cycles_left
   1420  f3c7				  -	      bmi	cycles_left
   1421  f3c7				  -	      ldx	#64
   1422  f3c7				  -	      eor	#$ff	;make negative
   1423  f3c7				  -cycles_left
   1424  f3c7				  -	      stx	scorecolor
   1425  f3c7				  -	      and	#$7f	; clear sign bit
   1426  f3c7				  -	      tax
   1427  f3c7				  -	      lda	scorebcd,x
   1428  f3c7				  -	      sta	score+2
   1429  f3c7				  -	      lda	scorebcd1,x
   1430  f3c7				  -	      sta	score+1
   1431  f3c7				  -	      jmp	done_debugscore
   1432  f3c7				  -scorebcd
   1433  f3c7				  -	      .byte	$00, $64, $28, $92, $56, $20, $84, $48, $12, $76, $40
   1434  f3c7				  -	      .byte	$04, $68, $32, $96, $60, $24, $88, $52, $16, $80, $44
   1435  f3c7				  -	      .byte	$08, $72, $36, $00, $64, $28, $92, $56, $20, $84, $48
   1436  f3c7				  -	      .byte	$12, $76, $40, $04, $68, $32, $96, $60, $24, $88
   1437  f3c7				  -scorebcd1
   1438  f3c7				  -	      .byte	0, 0, 1, 1, 2, 3, 3, 4, 5, 5, 6
   1439  f3c7				  -	      .byte	7, 7, 8, 8, 9, $10, $10, $11, $12, $12, $13
   1440  f3c7				  -	      .byte	$14, $14, $15, $16, $16, $17, $17, $18, $19, $19, $20
   1441  f3c7				  -	      .byte	$21, $21, $22, $23, $23, $24, $24, $25, $26, $26
   1442  f3c7				  -done_debugscore
   1443  f3c7					      endif
   1444  f3c7
   1445  f3c7				  -	      ifconst	debugcycles
   1446  f3c7				  -	      lda	INTIM	; if we go over, it mucks up the background color
   1447  f3c7				  -			; cmp #$2B
   1448  f3c7				  -			; BCC overscan
   1449  f3c7				  -	      bmi	overscan
   1450  f3c7				  -	      sta	COLUBK
   1451  f3c7				  -	      bcs	doneoverscan
   1452  f3c7					      endif
   1453  f3c7
   1454  f3c7				   overscan
   1455  f3c7				  -	      ifconst	interlaced
   1456  f3c7				  -	      PHP
   1457  f3c7				  -	      PLA
   1458  f3c7				  -	      EOR	#4	; flip interrupt bit
   1459  f3c7				  -	      PHA
   1460  f3c7				  -	      PLP
   1461  f3c7				  -	      AND	#4	; isolate the interrupt bit
   1462  f3c7				  -	      TAX		; save it for later
   1463  f3c7					      endif
   1464  f3c7
   1465  f3c7				   overscanloop
   1466  f3c7		       ad 84 02 	      lda	INTIM	;wait for sync
   1467  f3ca		       30 fb		      bmi	overscanloop
   1468  f3cc				   doneoverscan
   1469  f3cc
   1470  f3cc							;do VSYNC
   1471  f3cc
   1472  f3cc				  -	      ifconst	interlaced
   1473  f3cc				  -	      CPX	#4
   1474  f3cc				  -	      BNE	oddframevsync
   1475  f3cc					      endif
   1476  f3cc
   1477  f3cc		       a9 02		      lda	#2
   1478  f3ce		       85 02		      sta	WSYNC
   1479  f3d0		       85 00		      sta	VSYNC
   1480  f3d2		       85 02		      STA	WSYNC
   1481  f3d4		       85 02		      STA	WSYNC
   1482  f3d6		       4a		      lsr
   1483  f3d7		       85 02		      STA	WSYNC
   1484  f3d9		       85 00		      STA	VSYNC
   1485  f3db		       85 01		      sta	VBLANK
   1486  f3dd				  -	      ifnconst	overscan_time
   1487  f3dd				  -	      lda	#37+128
   1488  f3dd					      else
   1489  f3dd		       a9 a5		      lda	#overscan_time+128
   1490  f3df					      endif
   1491  f3df		       8d 96 02 	      sta	TIM64T
   1492  f3e2
   1493  f3e2				  -	      ifconst	interlaced
   1494  f3e2				  -	      jmp	postsync
   1495  f3e2				  -
   1496  f3e2				  -oddframevsync
   1497  f3e2				  -	      sta	WSYNC
   1498  f3e2				  -
   1499  f3e2				  -	      LDA	($80,X)	; 11 waste
   1500  f3e2				  -	      LDA	($80,X)	; 11 waste
   1501  f3e2				  -	      LDA	($80,X)	; 11 waste
   1502  f3e2				  -
   1503  f3e2				  -	      lda	#2
   1504  f3e2				  -	      sta	VSYNC
   1505  f3e2				  -	      sta	WSYNC
   1506  f3e2				  -	      sta	WSYNC
   1507  f3e2				  -	      sta	WSYNC
   1508  f3e2				  -
   1509  f3e2				  -	      LDA	($80,X)	; 11 waste
   1510  f3e2				  -	      LDA	($80,X)	; 11 waste
   1511  f3e2				  -	      LDA	($80,X)	; 11 waste
   1512  f3e2				  -
   1513  f3e2				  -	      lda	#0
   1514  f3e2				  -	      sta	VSYNC
   1515  f3e2				  -	      sta	VBLANK
   1516  f3e2				  -	      ifnconst	overscan_time
   1517  f3e2				  -	      lda	#37+128
   1518  f3e2				  -	      else
   1519  f3e2				  -	      lda	#overscan_time+128
   1520  f3e2				  -	      endif
   1521  f3e2				  -	      sta	TIM64T
   1522  f3e2				  -
   1523  f3e2				  -postsync
   1524  f3e2					      endif
   1525  f3e2
   1526  f3e2				  -	      ifconst	legacy
   1527  f3e2				  -	      if	legacy < 100
   1528  f3e2				  -	      ldx	#4
   1529  f3e2				  -adjustloop
   1530  f3e2				  -	      lda	player0x,x
   1531  f3e2				  -	      sec
   1532  f3e2				  -	      sbc	#14	;?
   1533  f3e2				  -	      sta	player0x,x
   1534  f3e2				  -	      dex
   1535  f3e2				  -	      bpl	adjustloop
   1536  f3e2				  -	      endif
   1537  f3e2					      endif
   1538  f3e2				  -	      if	((<*)>$e9)&&((<*)<$fa)
   1539  f3e2				  -	      repeat	($fa-(<*))
   1540  f3e2				  -	      nop
   1541  f3e2				  -	      repend
   1542  f3e2					      endif
   1543  f3e2		       85 02		      sta	WSYNC
   1544  f3e4		       a2 04		      ldx	#4
      0  f3e6					      SLEEP	3
      1  f3e6				   .CYCLES    SET	3
      2  f3e6
      3  f3e6				  -	      IF	.CYCLES < 2
      4  f3e6				  -	      ECHO	"MACRO ERROR: 'SLEEP': Duration must be > 1"
      5  f3e6				  -	      ERR
      6  f3e6					      ENDIF
      7  f3e6
      8  f3e6					      IF	.CYCLES & 1
      9  f3e6					      IFNCONST	NO_ILLEGAL_OPCODES
     10  f3e6		       04 00		      nop	0
     11  f3e8				  -	      ELSE
     12  f3e8				  -	      bit	VSYNC
     13  f3e8					      ENDIF
     14  f3e8				   .CYCLES    SET	.CYCLES - 3
     15  f3e8					      ENDIF
     16  f3e8
     17  f3e8				  -	      REPEAT	.CYCLES / 2
     18  f3e8				  -	      nop
     19  f3e8					      REPEND
   1546  f3e8				   HorPosLoop		; 5
   1547  f3e8		       b5 80		      lda	player0x,X	;+4 9
   1548  f3ea		       38		      sec		;+2 11
   1549  f3eb				   DivideLoop
   1550  f3eb		       e9 0f		      sbc	#15
   1551  f3ed		       b0 fc		      bcs	DivideLoop	;+4 15
   1552  f3ef		       95 9c		      sta	temp1,X	;+4 19
   1553  f3f1		       95 10		      sta	RESP0,X	;+4 23
   1554  f3f3		       85 02		      sta	WSYNC
   1555  f3f5		       ca		      dex
   1556  f3f6		       10 f0		      bpl	HorPosLoop	;+5 5
   1557  f3f8							; 4
   1558  f3f8
   1559  f3f8		       a2 04		      ldx	#4
   1560  f3fa		       b4 9c		      ldy	temp1,X
   1561  f3fc		       b9 58 f3 	      lda	repostable-256,Y
   1562  f3ff		       95 20		      sta	HMP0,X	;+14 18
   1563  f401
   1564  f401		       ca		      dex
   1565  f402		       b4 9c		      ldy	temp1,X
   1566  f404		       b9 58 f3 	      lda	repostable-256,Y
   1567  f407		       95 20		      sta	HMP0,X	;+14 32
   1568  f409
   1569  f409		       ca		      dex
   1570  f40a		       b4 9c		      ldy	temp1,X
   1571  f40c		       b9 58 f3 	      lda	repostable-256,Y
   1572  f40f		       95 20		      sta	HMP0,X	;+14 46
   1573  f411
   1574  f411		       ca		      dex
   1575  f412		       b4 9c		      ldy	temp1,X
   1576  f414		       b9 58 f3 	      lda	repostable-256,Y
   1577  f417		       95 20		      sta	HMP0,X	;+14 60
   1578  f419
   1579  f419		       ca		      dex
   1580  f41a		       b4 9c		      ldy	temp1,X
   1581  f41c		       b9 58 f3 	      lda	repostable-256,Y
   1582  f41f		       95 20		      sta	HMP0,X	;+14 74
   1583  f421
   1584  f421		       85 02		      sta	WSYNC
   1585  f423
   1586  f423		       85 2a		      sta	HMOVE	;+3 3
   1587  f425
   1588  f425
   1589  f425				  -	      ifconst	legacy
   1590  f425				  -	      if	legacy < 100
   1591  f425				  -	      ldx	#4
   1592  f425				  -adjustloop2
   1593  f425				  -	      lda	player0x,x
   1594  f425				  -	      clc
   1595  f425				  -	      adc	#14	;?
   1596  f425				  -	      sta	player0x,x
   1597  f425				  -	      dex
   1598  f425				  -	      bpl	adjustloop2
   1599  f425				  -	      endif
   1600  f425					      endif
   1601  f425
   1602  f425
   1603  f425
   1604  f425
   1605  f425							;set score pointers
   1606  f425		       a7 95		      lax	score+2
   1607  f427		       20 58 f4 	      jsr	scorepointerset
   1608  f42a		       84 9b		      sty	scorepointers+5
   1609  f42c		       86 98		      stx	scorepointers+2
   1610  f42e		       a7 94		      lax	score+1
   1611  f430		       20 58 f4 	      jsr	scorepointerset
   1612  f433		       84 9a		      sty	scorepointers+4
   1613  f435		       86 97		      stx	scorepointers+1
   1614  f437		       a7 93		      lax	score
   1615  f439		       20 58 f4 	      jsr	scorepointerset
   1616  f43c		       84 99		      sty	scorepointers+3
   1617  f43e		       86 96		      stx	scorepointers
   1618  f440
   1619  f440				   vblk
   1620  f440							; run possible vblank bB code
   1621  f440				  -	      ifconst	vblank_bB_code
   1622  f440				  -	      jsr	vblank_bB_code
   1623  f440					      endif
   1624  f440				   vblk2
   1625  f440		       ad 84 02 	      LDA	INTIM
   1626  f443		       30 fb		      bmi	vblk2
   1627  f445		       4c 34 f0 	      jmp	kernel
   1628  f448
   1629  f448
   1630  f448		       80 70 60 50*	      .byte.b	$80,$70,$60,$50,$40,$30,$20,$10,$00
   1631  f451		       f0 e0 d0 c0*	      .byte.b	$F0,$E0,$D0,$C0,$B0,$A0,$90
   1632  f458				   repostable
   1633  f458
   1634  f458				   scorepointerset
   1635  f458		       29 0f		      and	#$0F
   1636  f45a		       0a		      asl
   1637  f45b		       0a		      asl
   1638  f45c		       0a		      asl
   1639  f45d		       69 9c		      adc	#<scoretable
   1640  f45f		       a8		      tay
   1641  f460		       8a		      txa
   1642  f461							; and #$F0
   1643  f461							; lsr
   1644  f461		       4b f0		      asr	#$F0
   1645  f463		       69 9c		      adc	#<scoretable
   1646  f465		       aa		      tax
   1647  f466		       60		      rts
   1648  f467							; Provided under the CC0 license. See the included LICENSE.txt for details.
   1649  f467
   1650  f467							; Compute mul1*mul2+acc -> acc:mul1 [mul2 is unchanged]
   1651  f467							; Routine courtesy of John Payson (AtariAge member supercat)
   1652  f467
   1653  f467							; x and a contain multiplicands, result in a, temp1 contains any overflow
   1654  f467
   1655  f467				   mul16
   1656  f467		       84 9c		      sty	temp1
   1657  f469		       85 9d		      sta	temp2
   1658  f46b		       a2 08		      ldx	#8
   1659  f46d		       c6 9d		      dec	temp2
   1660  f46f				   loopmul
   1661  f46f		       4a		      lsr
   1662  f470		       66 9c		      ror	temp1
   1663  f472		       90 02		      bcc	noaddmul
   1664  f474		       65 9d		      adc	temp2
   1665  f476				   noaddmul
   1666  f476		       ca		      dex
   1667  f477		       d0 f6		      bne	loopmul
      0  f479					      RETURN
      1  f479					      ifnconst	bankswitch
      2  f479		       60		      rts
      3  f47a				  -	      else
      4  f47a				  -	      jmp	BS_return
      5  f47a					      endif
   1669  f47a
   1670  f47a							; div int/int
   1671  f47a							; numerator in A, denom in temp1
   1672  f47a							; returns with quotient in A, remainder in temp1
   1673  f47a
   1674  f47a				   div16
   1675  f47a		       85 9d		      sta	temp2
   1676  f47c		       84 9c		      sty	temp1
   1677  f47e		       a9 00		      lda	#0
   1678  f480		       a2 08		      ldx	#8
   1679  f482		       06 9d		      asl	temp2
   1680  f484				   div16_1
   1681  f484		       2a		      rol
   1682  f485		       c5 9c		      cmp	temp1
   1683  f487		       90 02		      bcc	div16_2
   1684  f489		       e5 9c		      sbc	temp1
   1685  f48b				   div16_2
   1686  f48b		       26 9d		      rol	temp2
   1687  f48d		       ca		      dex
   1688  f48e		       d0 f4		      bne	div16_1
   1689  f490		       85 9c		      sta	temp1
   1690  f492		       a5 9d		      lda	temp2
      0  f494					      RETURN
      1  f494					      ifnconst	bankswitch
      2  f494		       60		      rts
      3  f495				  -	      else
      4  f495				  -	      jmp	BS_return
      5  f495					      endif
   1692  f495
   1693  f495				   game
   1694  f495				   .L00 		;  set tv ntsc
   1695  f495
   1696  f495				   .L01 		;  include div_mul16.asm
   1697  f495
   1698  f495				   .L02 		;  const pfscore  =  1
   1699  f495
   1700  f495				   .L03 		;  pfscorecolor  =  $B8
   1701  f495
   1702  f495		       a9 b8		      LDA	#$B8
   1703  f497		       85 f4		      STA	pfscorecolor
   1704  f499				   .L04 		;  pfscore1  =  %10101010
   1705  f499
   1706  f499		       a9 aa		      LDA	#%10101010
   1707  f49b		       85 f2		      STA	pfscore1
   1708  f49d				   .L05 		;  dim doorctl  =  a
   1709  f49d
   1710  f49d				   .L06 		;  dim tick  =  b
   1711  f49d
   1712  f49d				   .L07 		;  dim seconds  =  c
   1713  f49d
   1714  f49d				   .L08 		;  dim time  =  d
   1715  f49d
   1716  f49d				   .L09 		;  dim night  =  e
   1717  f49d
   1718  f49d				   .L010		;  dim powertotal  =  f
   1719  f49d
   1720  f49d				   .L011		;  dim powerloss  =  g
   1721  f49d
   1722  f49d				   .L012		;  dim rand16	=  h
   1723  f49d
   1724  f49d				   .L013		;  dim move_rate  =  i
   1725  f49d
   1726  f49d				   .L014		;  dim Bon_Tick  =  j
   1727  f49d
   1728  f49d				   .L015		;  dim Chic_Tick  =  k
   1729  f49d
   1730  f49d				   .L016		;  dim Fox_Tick  =  l
   1731  f49d
   1732  f49d				   .L017		;  dim power_tick  =  m
   1733  f49d
   1734  f49d				   .L018		;  dim ai_second  =  n
   1735  f49d
   1736  f49d				   .L019		;  dim input_latch  =	o
   1737  f49d
   1738  f49d				   .L020		;  doorctl  =	%00000000
   1739  f49d
   1740  f49d		       a9 00		      LDA	#%00000000
   1741  f49f		       85 d4		      STA	doorctl
   1742  f4a1				   .L021		;  powertotal = 255
   1743  f4a1
   1744  f4a1		       a9 ff		      LDA	#255
   1745  f4a3		       85 d9		      STA	powertotal
   1746  f4a5				   .L022		;  powerloss =  1
   1747  f4a5
   1748  f4a5		       a9 01		      LDA	#1
   1749  f4a7		       85 da		      STA	powerloss
   1750  f4a9				   .L023		;  COLUPF = $0E
   1751  f4a9
   1752  f4a9		       a9 0e		      LDA	#$0E
   1753  f4ab		       85 08		      STA	COLUPF
   1754  f4ad				   .L024		;  scorecolor	=  $0E
   1755  f4ad
   1756  f4ad		       a9 0e		      LDA	#$0E
   1757  f4af		       85 a3		      STA	scorecolor
   1758  f4b1				   .
   1759  f4b1							;
   1760  f4b1
   1761  f4b1				   .L025		;  player0:
   1762  f4b1
   1763  f4b1		       a2 35		      LDX	#<playerL025_0
   1764  f4b3		       86 8a		      STX	player0pointerlo
   1765  f4b5		       a9 fb		      LDA	#>playerL025_0
   1766  f4b7		       85 8b		      STA	player0pointerhi
   1767  f4b9		       a9 0f		      LDA	#15
   1768  f4bb		       85 8e		      STA	player0height
   1769  f4bd				   .
   1770  f4bd							;
   1771  f4bd
   1772  f4bd				   .L026		;  player1:
   1773  f4bd
   1774  f4bd		       a2 45		      LDX	#<playerL026_1
   1775  f4bf		       86 8c		      STX	player1pointerlo
   1776  f4c1		       a9 fb		      LDA	#>playerL026_1
   1777  f4c3		       85 8d		      STA	player1pointerhi
   1778  f4c5		       a9 0f		      LDA	#15
   1779  f4c7		       85 8f		      STA	player1height
   1780  f4c9				   .
   1781  f4c9							;
   1782  f4c9
   1783  f4c9				   .
   1784  f4c9							;
   1785  f4c9
   1786  f4c9				   .L027		;  goto __Start
   1787  f4c9
   1788  f4c9		       4c 06 f5 	      jmp	.__Start
   1789  f4cc
   1790  f4cc				   .
   1791  f4cc							;
   1792  f4cc
   1793  f4cc				   .__Map
   1794  f4cc							; __Map
   1795  f4cc
   1796  f4cc				   .
   1797  f4cc							;
   1798  f4cc
   1799  f4cc				   .L028		;  playfield:
   1800  f4cc
   1801  f4cc				  -	      ifconst	pfres
   1802  f4cc				  -	      ldx	#(11>pfres)*(pfres*pfwidth-1)+(11<=pfres)*43
   1803  f4cc					      else
   1804  f4cc		       a2 2b		      ldx	#((11*pfwidth-1)*((11*pfwidth-1)<47))+(47*((11*pfwidth-1)>=47))
   1805  f4ce					      endif
   1806  f4ce		       4c fd f4 	      jmp	pflabel0
   1807  f4d1				   PF_data0
   1808  f4d1		       f0 fc		      .byte.b	%11110000, %11111100
   1809  f4d3					      if	(pfwidth>2)
   1810  f4d3		       f8 dc		      .byte.b	%11111000, %11011100
   1811  f4d5					      endif
   1812  f4d5		       ff ff		      .byte.b	%11111111, %11111111
   1813  f4d7					      if	(pfwidth>2)
   1814  f4d7		       ff ff		      .byte.b	%11111111, %11111111
   1815  f4d9					      endif
   1816  f4d9		       f3 ff		      .byte.b	%11110011, %11111111
   1817  f4db					      if	(pfwidth>2)
   1818  f4db		       ff 1d		      .byte.b	%11111111, %00011101
   1819  f4dd					      endif
   1820  f4dd		       03 ff		      .byte.b	%00000011, %11111111
   1821  f4df					      if	(pfwidth>2)
   1822  f4df		       ff 1d		      .byte.b	%11111111, %00011101
   1823  f4e1					      endif
   1824  f4e1		       3f ff		      .byte.b	%00111111, %11111111
   1825  f4e3					      if	(pfwidth>2)
   1826  f4e3		       ff dd		      .byte.b	%11111111, %11011101
   1827  f4e5					      endif
   1828  f4e5		       3f ff		      .byte.b	%00111111, %11111111
   1829  f4e7					      if	(pfwidth>2)
   1830  f4e7		       ff fd		      .byte.b	%11111111, %11111101
   1831  f4e9					      endif
   1832  f4e9		       00 04		      .byte.b	%00000000, %00000100
   1833  f4eb					      if	(pfwidth>2)
   1834  f4eb		       20 01		      .byte.b	%00100000, %00000001
   1835  f4ed					      endif
   1836  f4ed		       0e 0e		      .byte.b	%00001110, %00001110
   1837  f4ef					      if	(pfwidth>2)
   1838  f4ef		       70 ff		      .byte.b	%01110000, %11111111
   1839  f4f1					      endif
   1840  f4f1		       0f ef		      .byte.b	%00001111, %11101111
   1841  f4f3					      if	(pfwidth>2)
   1842  f4f3		       70 ff		      .byte.b	%01110000, %11111111
   1843  f4f5					      endif
   1844  f4f5		       0e fe		      .byte.b	%00001110, %11111110
   1845  f4f7					      if	(pfwidth>2)
   1846  f4f7		       f0 ff		      .byte.b	%11110000, %11111111
   1847  f4f9					      endif
   1848  f4f9		       00 ee		      .byte.b	%00000000, %11101110
   1849  f4fb					      if	(pfwidth>2)
   1850  f4fb		       70 00		      .byte.b	%01110000, %00000000
   1851  f4fd					      endif
   1852  f4fd				   pflabel0
   1853  f4fd		       bd d1 f4 	      lda	PF_data0,x
   1854  f500		       95 a4		      sta	playfield,x
   1855  f502		       ca		      dex
   1856  f503		       10 f8		      bpl	pflabel0
   1857  f505				   .L029		;  return
   1858  f505
   1859  f505		       60		      RTS
   1860  f506				   .
   1861  f506							;
   1862  f506
   1863  f506				   .__Start
   1864  f506							; __Start
   1865  f506
   1866  f506				   .L030		;  gosub __Map
   1867  f506
   1868  f506		       20 cc f4 	      jsr	.__Map
   1869  f509
   1870  f509				   .
   1871  f509							;
   1872  f509
   1873  f509				   .
   1874  f509							;
   1875  f509
   1876  f509				   .L031		;  night  =  1
   1877  f509
   1878  f509		       a9 01		      LDA	#1
   1879  f50b		       85 d8		      STA	night
   1880  f50d				   .L032		;  score  =  0
   1881  f50d
   1882  f50d		       a9 00		      LDA	#$00
   1883  f50f		       85 95		      STA	score+2
   1884  f511		       a9 00		      LDA	#$00
   1885  f513		       85 94		      STA	score+1
   1886  f515		       a9 00		      LDA	#$00
   1887  f517		       85 93		      STA	score
   1888  f519				   .L033		;  move_rate  =  8
   1889  f519
   1890  f519		       a9 08		      LDA	#8
   1891  f51b		       85 dc		      STA	move_rate
   1892  f51d				   .L034		;  Bon_Tick  =  0
   1893  f51d
   1894  f51d		       a9 00		      LDA	#0
   1895  f51f		       85 dd		      STA	Bon_Tick
   1896  f521				   .L035		;  Chic_Tick  =  0
   1897  f521
   1898  f521		       a9 00		      LDA	#0
   1899  f523		       85 de		      STA	Chic_Tick
   1900  f525				   .L036		;  Fox_Tick  =  0
   1901  f525
   1902  f525		       a9 00		      LDA	#0
   1903  f527		       85 df		      STA	Fox_Tick
   1904  f529				   .L037		;  doorctl  =	%00000000
   1905  f529
   1906  f529		       a9 00		      LDA	#%00000000
   1907  f52b		       85 d4		      STA	doorctl
   1908  f52d				   .L038		;  tick  =  0
   1909  f52d
   1910  f52d		       a9 00		      LDA	#0
   1911  f52f		       85 d5		      STA	tick
   1912  f531				   .L039		;  seconds  =	0
   1913  f531
   1914  f531		       a9 00		      LDA	#0
   1915  f533		       85 d6		      STA	seconds
   1916  f535				   .L040		;  time  =  0
   1917  f535
   1918  f535		       a9 00		      LDA	#0
   1919  f537		       85 d7		      STA	time
   1920  f539				   .L041		;  powertotal	=  255
   1921  f539
   1922  f539		       a9 ff		      LDA	#255
   1923  f53b		       85 d9		      STA	powertotal
   1924  f53d				   .L042		;  powerloss  =  1
   1925  f53d
   1926  f53d		       a9 01		      LDA	#1
   1927  f53f		       85 da		      STA	powerloss
   1928  f541				   .L043		;  power_tick	=  0
   1929  f541
   1930  f541		       a9 00		      LDA	#0
   1931  f543		       85 e0		      STA	power_tick
   1932  f545				   .L044		;  ai_second  =  0
   1933  f545
   1934  f545		       a9 00		      LDA	#0
   1935  f547		       85 e1		      STA	ai_second
   1936  f549				   .L045		;  input_latch  =  0
   1937  f549
   1938  f549		       a9 00		      LDA	#0
   1939  f54b		       85 e2		      STA	input_latch
   1940  f54d				   .L046		;  pfscore1  =  %10101010
   1941  f54d
   1942  f54d		       a9 aa		      LDA	#%10101010
   1943  f54f		       85 f2		      STA	pfscore1
   1944  f551				   .
   1945  f551							;
   1946  f551
   1947  f551				   .L047		;  player0x  =  68
   1948  f551
   1949  f551		       a9 44		      LDA	#68
   1950  f553		       85 80		      STA	player0x
   1951  f555				   .L048		;  player0y  =  4
   1952  f555
   1953  f555		       a9 04		      LDA	#4
   1954  f557		       85 85		      STA	player0y
   1955  f559				   .L049		;  player1x  =  82
   1956  f559
   1957  f559		       a9 52		      LDA	#82
   1958  f55b		       85 81		      STA	player1x
   1959  f55d				   .L050		;  player1y  =  4
   1960  f55d
   1961  f55d		       a9 04		      LDA	#4
   1962  f55f		       85 86		      STA	player1y
   1963  f561				   .
   1964  f561							;
   1965  f561
   1966  f561				   .L051		;  ballx  =  26
   1967  f561
   1968  f561		       a9 1a		      LDA	#26
   1969  f563		       85 84		      STA	ballx
   1970  f565				   .L052		;  bally  =  18
   1971  f565
   1972  f565		       a9 12		      LDA	#18
   1973  f567		       85 89		      STA	bally
   1974  f569				   .L053		;  ballheight	=  2
   1975  f569
   1976  f569		       a9 02		      LDA	#2
   1977  f56b		       85 92		      STA	ballheight
   1978  f56d				   .mainloop
   1979  f56d							; mainloop
   1980  f56d
   1981  f56d				   .L054		;  AUDV0  =  0
   1982  f56d
   1983  f56d		       a9 00		      LDA	#0
   1984  f56f		       85 19		      STA	AUDV0
   1985  f571				   .L055		;  AUDC0  =  0
   1986  f571
   1987  f571		       a9 00		      LDA	#0
   1988  f573		       85 15		      STA	AUDC0
   1989  f575				   .L056		;  AUDF0  =  0
   1990  f575
   1991  f575		       a9 00		      LDA	#0
   1992  f577		       85 17		      STA	AUDF0
   1993  f579				   .L057		;  COLUPF = $0E
   1994  f579
   1995  f579		       a9 0e		      LDA	#$0E
   1996  f57b		       85 08		      STA	COLUPF
   1997  f57d				   .L058		;  COLUP0  =  $74
   1998  f57d
   1999  f57d		       a9 74		      LDA	#$74
   2000  f57f		       85 06		      STA	COLUP0
   2001  f581				   .L059		;  COLUP1  =  $1C
   2002  f581
   2003  f581		       a9 1c		      LDA	#$1C
   2004  f583		       85 07		      STA	COLUP1
   2005  f585				   .L060		;  missile1x  =  84
   2006  f585
   2007  f585		       a9 54		      LDA	#84
   2008  f587		       85 83		      STA	missile1x
   2009  f589				   .L061		;  if doorctl{2} then missile1y  =  81 else missile1y	=  72
   2010  f589
   2011  f589		       a5 d4		      LDA	doorctl
   2012  f58b		       29 04		      AND	#4
   2013  f58d		       f0 07		      BEQ	.skipL061
   2014  f58f				   .condpart0
   2015  f58f		       a9 51		      LDA	#81
   2016  f591		       85 88		      STA	missile1y
   2017  f593		       4c 9a f5 	      jmp	.skipelse0
   2018  f596				   .skipL061
   2019  f596		       a9 48		      LDA	#72
   2020  f598		       85 88		      STA	missile1y
   2021  f59a				   .skipelse0
   2022  f59a				   .L062		;  missile1height  =  9
   2023  f59a
   2024  f59a		       a9 09		      LDA	#9
   2025  f59c		       85 87		      STA	missile1height
   2026  f59e				   .L063		;  missile0x  =  68
   2027  f59e
   2028  f59e		       a9 44		      LDA	#68
   2029  f5a0		       85 82		      STA	missile0x
   2030  f5a2				   .L064		;  if doorctl{1} then missile0y  =  81 else missile0y	=  72
   2031  f5a2
   2032  f5a2		       a5 d4		      LDA	doorctl
   2033  f5a4		       29 02		      AND	#2
   2034  f5a6		       f0 07		      BEQ	.skipL064
   2035  f5a8				   .condpart1
   2036  f5a8		       a9 51		      LDA	#81
   2037  f5aa		       85 91		      STA	missile0y
   2038  f5ac		       4c b3 f5 	      jmp	.skipelse1
   2039  f5af				   .skipL064
   2040  f5af		       a9 48		      LDA	#72
   2041  f5b1		       85 91		      STA	missile0y
   2042  f5b3				   .skipelse1
   2043  f5b3				   .L065		;  missile0height  =  9
   2044  f5b3
   2045  f5b3		       a9 09		      LDA	#9
   2046  f5b5		       85 90		      STA	missile0height
   2047  f5b7				   .L066		;  drawscreen
   2048  f5b7
   2049  f5b7		       20 c7 f3 	      jsr	drawscreen
   2050  f5ba				   .
   2051  f5ba							;
   2052  f5ba
   2053  f5ba				   .
   2054  f5ba							;
   2055  f5ba
   2056  f5ba				   .L067		;  if joy0left  &&  !input_latch{0} then doorctl{1}  =  !doorctl{1} : input_latch{0} = 1
   2057  f5ba
   2058  f5ba		       2c 80 02 	      bit	SWCHA
   2059  f5bd		       70 1b		      BVS	.skipL067
   2060  f5bf				   .condpart2
   2061  f5bf		       a5 e2		      LDA	input_latch
   2062  f5c1		       4a		      LSR
   2063  f5c2		       b0 16		      BCS	.skip2then
   2064  f5c4				   .condpart3
   2065  f5c4		       a5 d4		      LDA	doorctl
   2066  f5c6		       29 02		      AND	#2
   2067  f5c8		       08		      PHP
   2068  f5c9		       a5 d4		      LDA	doorctl
   2069  f5cb		       29 fd		      AND	#253
   2070  f5cd		       28		      PLP
   2071  f5ce		       d0 02		      .byte.b	$D0, $02
   2072  f5d0		       09 02		      ORA	#2
   2073  f5d2		       85 d4		      STA	doorctl
   2074  f5d4		       a5 e2		      LDA	input_latch
   2075  f5d6		       09 01		      ORA	#1
   2076  f5d8		       85 e2		      STA	input_latch
   2077  f5da				   .skip2then
   2078  f5da				   .skipL067
   2079  f5da				   .L068		;  if !joy0left then input_latch{0} = 0
   2080  f5da
   2081  f5da		       2c 80 02 	      bit	SWCHA
   2082  f5dd		       50 06		      BVC	.skipL068
   2083  f5df				   .condpart4
   2084  f5df		       a5 e2		      LDA	input_latch
   2085  f5e1		       29 fe		      AND	#254
   2086  f5e3		       85 e2		      STA	input_latch
   2087  f5e5				   .skipL068
   2088  f5e5				   .L069		;  if joy0right  &&  !input_latch{1} then doorctl{2}  =  !doorctl{2} : input_latch{1} = 1
   2089  f5e5
   2090  f5e5		       2c 80 02 	      bit	SWCHA
   2091  f5e8		       30 1c		      BMI	.skipL069
   2092  f5ea				   .condpart5
   2093  f5ea		       a5 e2		      LDA	input_latch
   2094  f5ec		       29 02		      AND	#2
   2095  f5ee		       d0 16		      BNE	.skip5then
   2096  f5f0				   .condpart6
   2097  f5f0		       a5 d4		      LDA	doorctl
   2098  f5f2		       29 04		      AND	#4
   2099  f5f4		       08		      PHP
   2100  f5f5		       a5 d4		      LDA	doorctl
   2101  f5f7		       29 fb		      AND	#251
   2102  f5f9		       28		      PLP
   2103  f5fa		       d0 02		      .byte.b	$D0, $02
   2104  f5fc		       09 04		      ORA	#4
   2105  f5fe		       85 d4		      STA	doorctl
   2106  f600		       a5 e2		      LDA	input_latch
   2107  f602		       09 02		      ORA	#2
   2108  f604		       85 e2		      STA	input_latch
   2109  f606				   .skip5then
   2110  f606				   .skipL069
   2111  f606				   .L070		;  if !joy0right then input_latch{1} = 0
   2112  f606
   2113  f606		       2c 80 02 	      bit	SWCHA
   2114  f609		       10 06		      BPL	.skipL070
   2115  f60b				   .condpart7
   2116  f60b		       a5 e2		      LDA	input_latch
   2117  f60d		       29 fd		      AND	#253
   2118  f60f		       85 e2		      STA	input_latch
   2119  f611				   .skipL070
   2120  f611				   .L071		;  if time  =	6 then goto __6am
   2121  f611
   2122  f611		       a5 d7		      LDA	time
   2123  f613		       c9 06		      CMP	#6
   2124  f615		       d0 03		      BNE	.skipL071
   2125  f617				   .condpart8
   2126  f617		       4c b5 f7 	      jmp	.__6am
   2127  f61a
   2128  f61a				   .skipL071
   2129  f61a				   .
   2130  f61a							;
   2131  f61a
   2132  f61a				   .
   2133  f61a							;
   2134  f61a
   2135  f61a				   .
   2136  f61a							;
   2137  f61a
   2138  f61a				   .L072		;  if powertotal  >  75 then pfscore1	=  %10101010
   2139  f61a
   2140  f61a		       a9 4b		      LDA	#75
   2141  f61c		       c5 d9		      CMP	powertotal
   2142  f61e		       b0 04		      BCS	.skipL072
   2143  f620				   .condpart9
   2144  f620		       a9 aa		      LDA	#%10101010
   2145  f622		       85 f2		      STA	pfscore1
   2146  f624				   .skipL072
   2147  f624				   .L073		;  if powertotal  <=  75 then pfscore1  =  %00101010
   2148  f624
   2149  f624		       a9 4b		      LDA	#75
   2150  f626		       c5 d9		      CMP	powertotal
   2151  f628		       90 04		      BCC	.skipL073
   2152  f62a				   .condpart10
   2153  f62a		       a9 2a		      LDA	#%00101010
   2154  f62c		       85 f2		      STA	pfscore1
   2155  f62e				   .skipL073
   2156  f62e				   .L074		;  if powertotal  <=  50 then pfscore1  =  %00001010
   2157  f62e
   2158  f62e		       a9 32		      LDA	#50
   2159  f630		       c5 d9		      CMP	powertotal
   2160  f632		       90 04		      BCC	.skipL074
   2161  f634				   .condpart11
   2162  f634		       a9 0a		      LDA	#%00001010
   2163  f636		       85 f2		      STA	pfscore1
   2164  f638				   .skipL074
   2165  f638				   .L075		;  if powertotal  <=  25 then pfscore1  =  %00000010
   2166  f638
   2167  f638		       a9 19		      LDA	#25
   2168  f63a		       c5 d9		      CMP	powertotal
   2169  f63c		       90 04		      BCC	.skipL075
   2170  f63e				   .condpart12
   2171  f63e		       a9 02		      LDA	#%00000010
   2172  f640		       85 f2		      STA	pfscore1
   2173  f642				   .skipL075
   2174  f642				   .L076		;  if powertotal  =  0 then pfscore1  =  0 : COLUPF = $00 : tick = 0 : seconds = 0 : goto __blackout
   2175  f642
   2176  f642		       a5 d9		      LDA	powertotal
   2177  f644		       c9 00		      CMP	#0
   2178  f646		       d0 11		      BNE	.skipL076
   2179  f648				   .condpart13
   2180  f648		       a9 00		      LDA	#0
   2181  f64a		       85 f2		      STA	pfscore1
   2182  f64c		       a9 00		      LDA	#$00
   2183  f64e		       85 08		      STA	COLUPF
   2184  f650		       a9 00		      LDA	#0
   2185  f652		       85 d5		      STA	tick
   2186  f654		       85 d6		      STA	seconds
   2187  f656		       4c 88 f8 	      jmp	.__blackout
   2188  f659
   2189  f659				   .skipL076
   2190  f659				   .
   2191  f659							;
   2192  f659
   2193  f659				   .
   2194  f659							;
   2195  f659
   2196  f659				   .L077		;  tick  =  tick + 1
   2197  f659
   2198  f659		       e6 d5		      INC	tick
   2199  f65b				   .L078		;  if tick  =	60 then seconds = seconds + 1 : tick = 0
   2200  f65b
   2201  f65b		       a5 d5		      LDA	tick
   2202  f65d		       c9 3c		      CMP	#60
   2203  f65f		       d0 06		      BNE	.skipL078
   2204  f661				   .condpart14
   2205  f661		       e6 d6		      INC	seconds
   2206  f663		       a9 00		      LDA	#0
   2207  f665		       85 d5		      STA	tick
   2208  f667				   .skipL078
   2209  f667				   .L079		;  if seconds	=  90 then time = time + 1 : score = score + 1 : seconds = 0 : power_tick = 0 : ai_second = 0
   2210  f667
   2211  f667		       a5 d6		      LDA	seconds
   2212  f669		       c9 5a		      CMP	#90
   2213  f66b		       d0 1f		      BNE	.skipL079
   2214  f66d				   .condpart15
   2215  f66d		       e6 d7		      INC	time
   2216  f66f		       f8		      SED
   2217  f670		       18		      CLC
   2218  f671		       a5 95		      LDA	score+2
   2219  f673		       69 01		      ADC	#$01
   2220  f675		       85 95		      STA	score+2
   2221  f677		       a5 94		      LDA	score+1
   2222  f679		       69 00		      ADC	#$00
   2223  f67b		       85 94		      STA	score+1
   2224  f67d		       a5 93		      LDA	score
   2225  f67f		       69 00		      ADC	#$00
   2226  f681		       85 93		      STA	score
   2227  f683		       d8		      CLD
   2228  f684		       a9 00		      LDA	#0
   2229  f686		       85 d6		      STA	seconds
   2230  f688		       85 e0		      STA	power_tick
   2231  f68a		       85 e1		      STA	ai_second
   2232  f68c				   .skipL079
   2233  f68c				   .
   2234  f68c							;
   2235  f68c
   2236  f68c				   .
   2237  f68c							;
   2238  f68c
   2239  f68c				   .
   2240  f68c							;
   2241  f68c
   2242  f68c				   .L080		;  z  =  seconds  //  10
   2243  f68c
   2244  f68c		       a5 d6		      LDA	seconds
   2245  f68e		       a0 0a		      LDY	#10
   2246  f690		       20 7a f4 	      jsr	div16
   2247  f693		       85 ed		      STA	z
   2248  f695				   .L081		;  if temp1  =  0  &&	seconds  <>  power_tick then power_tick = seconds : goto __power
   2249  f695
   2250  f695		       a5 9c		      LDA	temp1
   2251  f697		       c9 00		      CMP	#0
   2252  f699		       d0 0d		      BNE	.skipL081
   2253  f69b				   .condpart16
   2254  f69b		       a5 d6		      LDA	seconds
   2255  f69d		       c5 e0		      CMP	power_tick
   2256  f69f		       f0 07		      BEQ	.skip16then
   2257  f6a1				   .condpart17
   2258  f6a1		       a5 d6		      LDA	seconds
   2259  f6a3		       85 e0		      STA	power_tick
   2260  f6a5		       4c 5d f8 	      jmp	.__power
   2261  f6a8
   2262  f6a8				   .skip16then
   2263  f6a8				   .skipL081
   2264  f6a8				   .
   2265  f6a8							;
   2266  f6a8
   2267  f6a8				   .
   2268  f6a8							;
   2269  f6a8
   2270  f6a8				   .
   2271  f6a8							;
   2272  f6a8
   2273  f6a8				   .
   2274  f6a8							;
   2275  f6a8
   2276  f6a8				   .L082		;  move_rate  =  8
   2277  f6a8
   2278  f6a8		       a9 08		      LDA	#8
   2279  f6aa		       85 dc		      STA	move_rate
   2280  f6ac				   .L083		;  move_rate  =  move_rate  //  night
   2281  f6ac
   2282  f6ac		       a5 dc		      LDA	move_rate
   2283  f6ae		       a4 d8		      LDY	night
   2284  f6b0		       20 7a f4 	      jsr	div16
   2285  f6b3		       85 dc		      STA	move_rate
   2286  f6b5				   .L084		;  if move_rate  =  0 then move_rate  =  1
   2287  f6b5
   2288  f6b5		       a5 dc		      LDA	move_rate
   2289  f6b7		       c9 00		      CMP	#0
   2290  f6b9		       d0 04		      BNE	.skipL084
   2291  f6bb				   .condpart18
   2292  f6bb		       a9 01		      LDA	#1
   2293  f6bd		       85 dc		      STA	move_rate
   2294  f6bf				   .skipL084
   2295  f6bf				   .L085		;  z  =  seconds  //  move_rate
   2296  f6bf
   2297  f6bf		       a5 d6		      LDA	seconds
   2298  f6c1		       a4 dc		      LDY	move_rate
   2299  f6c3		       20 7a f4 	      jsr	div16
   2300  f6c6		       85 ed		      STA	z
   2301  f6c8				   .L086		;  if temp1  =  0  &&	seconds  <>  ai_second then ai_second = seconds : z = rand // 32 : rand16 = temp1 : goto __AIroll
   2302  f6c8
   2303  f6c8		       a5 9c		      LDA	temp1
   2304  f6ca		       c9 00		      CMP	#0
   2305  f6cc		       d0 29		      BNE	.skipL086
   2306  f6ce				   .condpart19
   2307  f6ce		       a5 d6		      LDA	seconds
   2308  f6d0		       c5 e1		      CMP	ai_second
   2309  f6d2		       f0 23		      BEQ	.skip19then
   2310  f6d4				   .condpart20
   2311  f6d4		       a5 d6		      LDA	seconds
   2312  f6d6		       85 e1		      STA	ai_second
   2313  f6d8		       20 b9 f3 	      jsr	randomize
   2314  f6db		       a2 00		      ldx	#0
   2315  f6dd		       86 9c		      stx	temp1
   2316  f6df		       4a		      lsr
   2317  f6e0		       26 9c		      rol	temp1
   2318  f6e2		       4a		      lsr
   2319  f6e3		       26 9c		      rol	temp1
   2320  f6e5		       4a		      lsr
   2321  f6e6		       26 9c		      rol	temp1
   2322  f6e8		       4a		      lsr
   2323  f6e9		       26 9c		      rol	temp1
   2324  f6eb		       4a		      lsr
   2325  f6ec		       26 9c		      rol	temp1
   2326  f6ee		       85 ed		      STA	z
   2327  f6f0		       a5 9c		      LDA	temp1
   2328  f6f2		       85 db		      STA	rand16
   2329  f6f4		       4c fa f6 	      jmp	.__AIroll
   2330  f6f7
   2331  f6f7				   .skip19then
   2332  f6f7				   .skipL086
   2333  f6f7				   .L087		;  goto __AIstate
   2334  f6f7
   2335  f6f7		       4c 24 f7 	      jmp	.__AIstate
   2336  f6fa
   2337  f6fa				   .
   2338  f6fa							;
   2339  f6fa
   2340  f6fa				   .__AIroll
   2341  f6fa							; __AIroll
   2342  f6fa
   2343  f6fa				   .
   2344  f6fa							;
   2345  f6fa
   2346  f6fa				   .
   2347  f6fa							;
   2348  f6fa
   2349  f6fa				   .L088		;  if rand16  >=  20  &&  rand16  <=  21 then goto __Foxy
   2350  f6fa
   2351  f6fa		       a5 db		      LDA	rand16
   2352  f6fc		       c9 14		      CMP	#20
   2353  f6fe		       90 09		      BCC	.skipL088
   2354  f700				   .condpart21
   2355  f700		       a9 15		      LDA	#21
   2356  f702		       c5 db		      CMP	rand16
   2357  f704		       90 03		      BCC	.skip21then
   2358  f706				   .condpart22
   2359  f706		       4c 28 fa 	      jmp	.__Foxy
   2360  f709
   2361  f709				   .skip21then
   2362  f709				   .skipL088
   2363  f709				   .L089		;  if rand16  >=  9  &&  rand16  <=  10 then goto __Chica
   2364  f709
   2365  f709		       a5 db		      LDA	rand16
   2366  f70b		       c9 09		      CMP	#9
   2367  f70d		       90 09		      BCC	.skipL089
   2368  f70f				   .condpart23
   2369  f70f		       a9 0a		      LDA	#10
   2370  f711		       c5 db		      CMP	rand16
   2371  f713		       90 03		      BCC	.skip23then
   2372  f715				   .condpart24
   2373  f715		       4c 8e f9 	      jmp	.__Chica
   2374  f718
   2375  f718				   .skip23then
   2376  f718				   .skipL089
   2377  f718				   .L090		;  if rand16  <=  1 then goto __Bonnie
   2378  f718
   2379  f718		       a9 01		      LDA	#1
   2380  f71a		       c5 db		      CMP	rand16
   2381  f71c		       90 03		      BCC	.skipL090
   2382  f71e				   .condpart25
   2383  f71e		       4c f4 f8 	      jmp	.__Bonnie
   2384  f721
   2385  f721				   .skipL090
   2386  f721				   .L091		;  goto __AIstate
   2387  f721
   2388  f721		       4c 24 f7 	      jmp	.__AIstate
   2389  f724
   2390  f724				   .
   2391  f724							;
   2392  f724
   2393  f724				   .__AIstate
   2394  f724							; __AIstate
   2395  f724
   2396  f724				   .L092		;  if joy1fire then goto __blackout
   2397  f724
   2398  f724		       24 0d		      bit	INPT5
   2399  f726		       30 03		      BMI	.skipL092
   2400  f728				   .condpart26
   2401  f728		       4c 88 f8 	      jmp	.__blackout
   2402  f72b
   2403  f72b				   .skipL092
   2404  f72b				   .
   2405  f72b							;
   2406  f72b
   2407  f72b				   .
   2408  f72b							;
   2409  f72b
   2410  f72b				   .
   2411  f72b							;
   2412  f72b
   2413  f72b				   .L093		;  if Bon_Tick  =  1 then goto Bon1
   2414  f72b
   2415  f72b		       a5 dd		      LDA	Bon_Tick
   2416  f72d		       c9 01		      CMP	#1
   2417  f72f		       d0 03		      BNE	.skipL093
   2418  f731				   .condpart27
   2419  f731		       4c f9 f8 	      jmp	.Bon1
   2420  f734
   2421  f734				   .skipL093
   2422  f734				   .L094		;  if Bon_Tick  =  2 then goto Bon2
   2423  f734
   2424  f734		       a5 dd		      LDA	Bon_Tick
   2425  f736		       c9 02		      CMP	#2
   2426  f738		       d0 03		      BNE	.skipL094
   2427  f73a				   .condpart28
   2428  f73a		       4c 04 f9 	      jmp	.Bon2
   2429  f73d
   2430  f73d				   .skipL094
   2431  f73d				   .L095		;  if Bon_Tick  =  3 then goto Bon3
   2432  f73d
   2433  f73d		       a5 dd		      LDA	Bon_Tick
   2434  f73f		       c9 03		      CMP	#3
   2435  f741		       d0 03		      BNE	.skipL095
   2436  f743				   .condpart29
   2437  f743		       4c 0f f9 	      jmp	.Bon3
   2438  f746
   2439  f746				   .skipL095
   2440  f746				   .L096		;  if Bon_Tick  =  4 then goto Bon4
   2441  f746
   2442  f746		       a5 dd		      LDA	Bon_Tick
   2443  f748		       c9 04		      CMP	#4
   2444  f74a		       d0 03		      BNE	.skipL096
   2445  f74c				   .condpart30
   2446  f74c		       4c 1a f9 	      jmp	.Bon4
   2447  f74f
   2448  f74f				   .skipL096
   2449  f74f				   .L097		;  if Bon_Tick  >=  5 then goto BonJump
   2450  f74f
   2451  f74f		       a5 dd		      LDA	Bon_Tick
   2452  f751		       c9 05		      CMP	#5
   2453  f753		       90 03		      BCC	.skipL097
   2454  f755				   .condpart31
   2455  f755		       4c 25 f9 	      jmp	.BonJump
   2456  f758
   2457  f758				   .skipL097
   2458  f758				   .L098		;  if Chic_Tick  =  1 then goto Chic1
   2459  f758
   2460  f758		       a5 de		      LDA	Chic_Tick
   2461  f75a		       c9 01		      CMP	#1
   2462  f75c		       d0 03		      BNE	.skipL098
   2463  f75e				   .condpart32
   2464  f75e		       4c 93 f9 	      jmp	.Chic1
   2465  f761
   2466  f761				   .skipL098
   2467  f761				   .L099		;  if Chic_Tick  =  2 then goto Chic2
   2468  f761
   2469  f761		       a5 de		      LDA	Chic_Tick
   2470  f763		       c9 02		      CMP	#2
   2471  f765		       d0 03		      BNE	.skipL099
   2472  f767				   .condpart33
   2473  f767		       4c 9e f9 	      jmp	.Chic2
   2474  f76a
   2475  f76a				   .skipL099
   2476  f76a				   .L0100		;  if Chic_Tick  =  3 then goto Chic3
   2477  f76a
   2478  f76a		       a5 de		      LDA	Chic_Tick
   2479  f76c		       c9 03		      CMP	#3
   2480  f76e		       d0 03		      BNE	.skipL0100
   2481  f770				   .condpart34
   2482  f770		       4c a9 f9 	      jmp	.Chic3
   2483  f773
   2484  f773				   .skipL0100
   2485  f773				   .L0101		;  if Chic_Tick  =  4 then goto Chic4
   2486  f773
   2487  f773		       a5 de		      LDA	Chic_Tick
   2488  f775		       c9 04		      CMP	#4
   2489  f777		       d0 03		      BNE	.skipL0101
   2490  f779				   .condpart35
   2491  f779		       4c b4 f9 	      jmp	.Chic4
   2492  f77c
   2493  f77c				   .skipL0101
   2494  f77c				   .L0102		;  if Chic_Tick  >=  5 then goto ChicJump
   2495  f77c
   2496  f77c		       a5 de		      LDA	Chic_Tick
   2497  f77e		       c9 05		      CMP	#5
   2498  f780		       90 03		      BCC	.skipL0102
   2499  f782				   .condpart36
   2500  f782		       4c bf f9 	      jmp	.ChicJump
   2501  f785
   2502  f785				   .skipL0102
   2503  f785				   .L0103		;  if Fox_Tick  =  1 then goto Fox1
   2504  f785
   2505  f785		       a5 df		      LDA	Fox_Tick
   2506  f787		       c9 01		      CMP	#1
   2507  f789		       d0 03		      BNE	.skipL0103
   2508  f78b				   .condpart37
   2509  f78b		       4c 45 fa 	      jmp	.Fox1
   2510  f78e
   2511  f78e				   .skipL0103
   2512  f78e				   .L0104		;  if Fox_Tick  =  2 then goto Fox2
   2513  f78e
   2514  f78e		       a5 df		      LDA	Fox_Tick
   2515  f790		       c9 02		      CMP	#2
   2516  f792		       d0 03		      BNE	.skipL0104
   2517  f794				   .condpart38
   2518  f794		       4c 65 fa 	      jmp	.Fox2
   2519  f797
   2520  f797				   .skipL0104
   2521  f797				   .L0105		;  if Fox_Tick  =  3 then goto Fox3
   2522  f797
   2523  f797		       a5 df		      LDA	Fox_Tick
   2524  f799		       c9 03		      CMP	#3
   2525  f79b		       d0 03		      BNE	.skipL0105
   2526  f79d				   .condpart39
   2527  f79d		       4c 85 fa 	      jmp	.Fox3
   2528  f7a0
   2529  f7a0				   .skipL0105
   2530  f7a0				   .L0106		;  if Fox_Tick  =  4 then goto Fox4
   2531  f7a0
   2532  f7a0		       a5 df		      LDA	Fox_Tick
   2533  f7a2		       c9 04		      CMP	#4
   2534  f7a4		       d0 03		      BNE	.skipL0106
   2535  f7a6				   .condpart40
   2536  f7a6		       4c a5 fa 	      jmp	.Fox4
   2537  f7a9
   2538  f7a9				   .skipL0106
   2539  f7a9				   .L0107		;  if Fox_Tick  >=  5 then goto FoxJump
   2540  f7a9
   2541  f7a9		       a5 df		      LDA	Fox_Tick
   2542  f7ab		       c9 05		      CMP	#5
   2543  f7ad		       90 03		      BCC	.skipL0107
   2544  f7af				   .condpart41
   2545  f7af		       4c c5 fa 	      jmp	.FoxJump
   2546  f7b2
   2547  f7b2				   .skipL0107
   2548  f7b2				   .L0108		;  goto mainloop
   2549  f7b2
   2550  f7b2		       4c 6d f5 	      jmp	.mainloop
   2551  f7b5
   2552  f7b5				   .
   2553  f7b5							;
   2554  f7b5
   2555  f7b5				   .
   2556  f7b5							;
   2557  f7b5
   2558  f7b5				   .
   2559  f7b5							;
   2560  f7b5
   2561  f7b5				   .__6am
   2562  f7b5							; __6am
   2563  f7b5
   2564  f7b5				   .
   2565  f7b5							;
   2566  f7b5
   2567  f7b5				   .L0109		;  playfield:
   2568  f7b5
   2569  f7b5				  -	      ifconst	pfres
   2570  f7b5				  -	      ldx	#(7>pfres)*(pfres*pfwidth-1)+(7<=pfres)*27
   2571  f7b5					      else
   2572  f7b5		       a2 1b		      ldx	#((7*pfwidth-1)*((7*pfwidth-1)<47))+(47*((7*pfwidth-1)>=47))
   2573  f7b7					      endif
   2574  f7b7		       4c d6 f7 	      jmp	pflabel1
   2575  f7ba				   PF_data1
   2576  f7ba		       ff e0		      .byte.b	%11111111, %11100000
   2577  f7bc					      if	(pfwidth>2)
   2578  f7bc		       e2 40		      .byte.b	%11100010, %01000000
   2579  f7be					      endif
   2580  f7be		       80 10		      .byte.b	%10000000, %00010000
   2581  f7c0					      if	(pfwidth>2)
   2582  f7c0		       12 40		      .byte.b	%00010010, %01000000
   2583  f7c2					      endif
   2584  f7c2		       80 10		      .byte.b	%10000000, %00010000
   2585  f7c4					      if	(pfwidth>2)
   2586  f7c4		       12 51		      .byte.b	%00010010, %01010001
   2587  f7c6					      endif
   2588  f7c6		       ff f1		      .byte.b	%11111111, %11110001
   2589  f7c8					      if	(pfwidth>2)
   2590  f7c8		       f2 4e		      .byte.b	%11110010, %01001110
   2591  f7ca					      endif
   2592  f7ca		       81 10		      .byte.b	%10000001, %00010000
   2593  f7cc					      if	(pfwidth>2)
   2594  f7cc		       12 40		      .byte.b	%00010010, %01000000
   2595  f7ce					      endif
   2596  f7ce		       81 10		      .byte.b	%10000001, %00010000
   2597  f7d0					      if	(pfwidth>2)
   2598  f7d0		       12 40		      .byte.b	%00010010, %01000000
   2599  f7d2					      endif
   2600  f7d2		       ff 10		      .byte.b	%11111111, %00010000
   2601  f7d4					      if	(pfwidth>2)
   2602  f7d4		       12 40		      .byte.b	%00010010, %01000000
   2603  f7d6					      endif
   2604  f7d6				   pflabel1
   2605  f7d6		       bd ba f7 	      lda	PF_data1,x
   2606  f7d9		       95 a4		      sta	playfield,x
   2607  f7db		       ca		      dex
   2608  f7dc		       10 f8		      bpl	pflabel1
   2609  f7de				   .L0110		;  drawscreen
   2610  f7de
   2611  f7de		       20 c7 f3 	      jsr	drawscreen
   2612  f7e1				   .
   2613  f7e1							;
   2614  f7e1
   2615  f7e1				   .
   2616  f7e1							;
   2617  f7e1
   2618  f7e1				   .
   2619  f7e1							;
   2620  f7e1
   2621  f7e1				   .L0111		;  if joy0fire then goto __NextNight
   2622  f7e1
   2623  f7e1		       24 0c		      bit	INPT4
   2624  f7e3		       30 03		      BMI	.skipL0111
   2625  f7e5				   .condpart42
   2626  f7e5		       4c eb f7 	      jmp	.__NextNight
   2627  f7e8
   2628  f7e8				   .skipL0111
   2629  f7e8				   .L0112		;  goto __6am
   2630  f7e8
   2631  f7e8		       4c b5 f7 	      jmp	.__6am
   2632  f7eb
   2633  f7eb				   .
   2634  f7eb							;
   2635  f7eb
   2636  f7eb				   .__NextNight
   2637  f7eb							; __NextNight
   2638  f7eb
   2639  f7eb				   .L0113		;  score = score - 6
   2640  f7eb
   2641  f7eb		       f8		      SED
   2642  f7ec		       38		      SEC
   2643  f7ed		       a5 95		      LDA	score+2
   2644  f7ef		       e9 06		      SBC	#$06
   2645  f7f1		       85 95		      STA	score+2
   2646  f7f3		       a5 94		      LDA	score+1
   2647  f7f5		       e9 00		      SBC	#$00
   2648  f7f7		       85 94		      STA	score+1
   2649  f7f9		       a5 93		      LDA	score
   2650  f7fb		       e9 00		      SBC	#$00
   2651  f7fd		       85 93		      STA	score
   2652  f7ff		       d8		      CLD
   2653  f800				   .L0114		;  score = score + 100000
   2654  f800
   2655  f800		       f8		      SED
   2656  f801		       18		      CLC
   2657  f802		       a5 93		      LDA	score
   2658  f804		       69 10		      ADC	#$10
   2659  f806		       85 93		      STA	score
   2660  f808		       d8		      CLD
   2661  f809				   .L0115		;  night = night + 1
   2662  f809
   2663  f809		       e6 d8		      INC	night
   2664  f80b				   .L0116		;  gosub __Map
   2665  f80b
   2666  f80b		       20 cc f4 	      jsr	.__Map
   2667  f80e
   2668  f80e				   .L0117		;  Bon_Tick = 0
   2669  f80e
   2670  f80e		       a9 00		      LDA	#0
   2671  f810		       85 dd		      STA	Bon_Tick
   2672  f812				   .L0118		;  Chic_Tick = 0
   2673  f812
   2674  f812		       a9 00		      LDA	#0
   2675  f814		       85 de		      STA	Chic_Tick
   2676  f816				   .L0119		;  Fox_Tick = 0
   2677  f816
   2678  f816		       a9 00		      LDA	#0
   2679  f818		       85 df		      STA	Fox_Tick
   2680  f81a				   .L0120		;  player0x = 68
   2681  f81a
   2682  f81a		       a9 44		      LDA	#68
   2683  f81c		       85 80		      STA	player0x
   2684  f81e				   .L0121		;  player0y = 4
   2685  f81e
   2686  f81e		       a9 04		      LDA	#4
   2687  f820		       85 85		      STA	player0y
   2688  f822				   .L0122		;  player1x = 82
   2689  f822
   2690  f822		       a9 52		      LDA	#82
   2691  f824		       85 81		      STA	player1x
   2692  f826				   .L0123		;  player1y = 4
   2693  f826
   2694  f826		       a9 04		      LDA	#4
   2695  f828		       85 86		      STA	player1y
   2696  f82a				   .L0124		;  ballx = 26
   2697  f82a
   2698  f82a		       a9 1a		      LDA	#26
   2699  f82c		       85 84		      STA	ballx
   2700  f82e				   .L0125		;  bally = 18
   2701  f82e
   2702  f82e		       a9 12		      LDA	#18
   2703  f830		       85 89		      STA	bally
   2704  f832				   .L0126		;  doorctl = %00000000
   2705  f832
   2706  f832		       a9 00		      LDA	#%00000000
   2707  f834		       85 d4		      STA	doorctl
   2708  f836				   .L0127		;  input_latch = 0
   2709  f836
   2710  f836		       a9 00		      LDA	#0
   2711  f838		       85 e2		      STA	input_latch
   2712  f83a				   .L0128		;  powertotal = 255
   2713  f83a
   2714  f83a		       a9 ff		      LDA	#255
   2715  f83c		       85 d9		      STA	powertotal
   2716  f83e				   .L0129		;  powerloss = 1
   2717  f83e
   2718  f83e		       a9 01		      LDA	#1
   2719  f840		       85 da		      STA	powerloss
   2720  f842				   .L0130		;  time = 0
   2721  f842
   2722  f842		       a9 00		      LDA	#0
   2723  f844		       85 d7		      STA	time
   2724  f846				   .L0131		;  seconds = 0
   2725  f846
   2726  f846		       a9 00		      LDA	#0
   2727  f848		       85 d6		      STA	seconds
   2728  f84a				   .L0132		;  tick = 0
   2729  f84a
   2730  f84a		       a9 00		      LDA	#0
   2731  f84c		       85 d5		      STA	tick
   2732  f84e				   .L0133		;  power_tick = 0
   2733  f84e
   2734  f84e		       a9 00		      LDA	#0
   2735  f850		       85 e0		      STA	power_tick
   2736  f852				   .L0134		;  ai_second = 0
   2737  f852
   2738  f852		       a9 00		      LDA	#0
   2739  f854		       85 e1		      STA	ai_second
   2740  f856				   .L0135		;  pfscore1 = %10101010
   2741  f856
   2742  f856		       a9 aa		      LDA	#%10101010
   2743  f858		       85 f2		      STA	pfscore1
   2744  f85a				   .L0136		;  goto mainloop
   2745  f85a
   2746  f85a		       4c 6d f5 	      jmp	.mainloop
   2747  f85d
   2748  f85d				   .__power
   2749  f85d							; __power
   2750  f85d
   2751  f85d				   .
   2752  f85d							;
   2753  f85d
   2754  f85d				   .
   2755  f85d							;
   2756  f85d
   2757  f85d				   .
   2758  f85d							;
   2759  f85d
   2760  f85d				   .L0137		;  powerloss  =  1
   2761  f85d
   2762  f85d		       a9 01		      LDA	#1
   2763  f85f		       85 da		      STA	powerloss
   2764  f861				   .L0138		;  if doorctl{1} then powerloss  =  powerloss	+  1
   2765  f861
   2766  f861		       a5 d4		      LDA	doorctl
   2767  f863		       29 02		      AND	#2
   2768  f865		       f0 02		      BEQ	.skipL0138
   2769  f867				   .condpart43
   2770  f867		       e6 da		      INC	powerloss
   2771  f869				   .skipL0138
   2772  f869				   .L0139		;  if doorctl{2} then powerloss  =  powerloss	+  1
   2773  f869
   2774  f869		       a5 d4		      LDA	doorctl
   2775  f86b		       29 04		      AND	#4
   2776  f86d		       f0 02		      BEQ	.skipL0139
   2777  f86f				   .condpart44
   2778  f86f		       e6 da		      INC	powerloss
   2779  f871				   .skipL0139
   2780  f871				   .L0140		;  if powertotal  <=  powerloss then powertotal = 0 else powertotal = powertotal - powerloss
   2781  f871
   2782  f871		       a5 da		      LDA	powerloss
   2783  f873		       c5 d9		      CMP	powertotal
   2784  f875		       90 07		      BCC	.skipL0140
   2785  f877				   .condpart45
   2786  f877		       a9 00		      LDA	#0
   2787  f879		       85 d9		      STA	powertotal
   2788  f87b		       4c 85 f8 	      jmp	.skipelse2
   2789  f87e				   .skipL0140
   2790  f87e		       a5 d9		      LDA	powertotal
   2791  f880		       38		      SEC
   2792  f881		       e5 da		      SBC	powerloss
   2793  f883		       85 d9		      STA	powertotal
   2794  f885				   .skipelse2
   2795  f885				   .L0141		;  goto mainloop
   2796  f885
   2797  f885		       4c 6d f5 	      jmp	.mainloop
   2798  f888
   2799  f888				   .
   2800  f888							;
   2801  f888
   2802  f888				   .__blackout
   2803  f888							; __blackout
   2804  f888
   2805  f888				   .
   2806  f888							;
   2807  f888
   2808  f888				   .
   2809  f888							;
   2810  f888
   2811  f888				   .L0142		;  playfield:
   2812  f888
   2813  f888				  -	      ifconst	pfres
   2814  f888				  -	      ldx	#(12>pfres)*(pfres*pfwidth-1)+(12<=pfres)*47
   2815  f888					      else
   2816  f888		       a2 2f		      ldx	#((12*pfwidth-1)*((12*pfwidth-1)<47))+(47*((12*pfwidth-1)>=47))
   2817  f88a					      endif
   2818  f88a		       4c bd f8 	      jmp	pflabel2
   2819  f88d				   PF_data2
   2820  f88d		       fc 00		      .byte.b	%11111100, %00000000
   2821  f88f					      if	(pfwidth>2)
   2822  f88f		       00 f8		      .byte.b	%00000000, %11111000
   2823  f891					      endif
   2824  f891		       fc 00		      .byte.b	%11111100, %00000000
   2825  f893					      if	(pfwidth>2)
   2826  f893		       00 f8		      .byte.b	%00000000, %11111000
   2827  f895					      endif
   2828  f895		       fc 00		      .byte.b	%11111100, %00000000
   2829  f897					      if	(pfwidth>2)
   2830  f897		       00 f8		      .byte.b	%00000000, %11111000
   2831  f899					      endif
   2832  f899		       07 01		      .byte.b	%00000111, %00000001
   2833  f89b					      if	(pfwidth>2)
   2834  f89b		       01 07		      .byte.b	%00000001, %00000111
   2835  f89d					      endif
   2836  f89d		       07 01		      .byte.b	%00000111, %00000001
   2837  f89f					      if	(pfwidth>2)
   2838  f89f		       01 07		      .byte.b	%00000001, %00000111
   2839  f8a1					      endif
   2840  f8a1		       00 c0		      .byte.b	%00000000, %11000000
   2841  f8a3					      if	(pfwidth>2)
   2842  f8a3		       c0 00		      .byte.b	%11000000, %00000000
   2843  f8a5					      endif
   2844  f8a5		       00 fe		      .byte.b	%00000000, %11111110
   2845  f8a7					      if	(pfwidth>2)
   2846  f8a7		       fe 00		      .byte.b	%11111110, %00000000
   2847  f8a9					      endif
   2848  f8a9		       00 fe		      .byte.b	%00000000, %11111110
   2849  f8ab					      if	(pfwidth>2)
   2850  f8ab		       fe 00		      .byte.b	%11111110, %00000000
   2851  f8ad					      endif
   2852  f8ad		       00 42		      .byte.b	%00000000, %01000010
   2853  f8af					      if	(pfwidth>2)
   2854  f8af		       42 00		      .byte.b	%01000010, %00000000
   2855  f8b1					      endif
   2856  f8b1		       00 c0		      .byte.b	%00000000, %11000000
   2857  f8b3					      if	(pfwidth>2)
   2858  f8b3		       c0 00		      .byte.b	%11000000, %00000000
   2859  f8b5					      endif
   2860  f8b5		       00 07		      .byte.b	%00000000, %00000111
   2861  f8b7					      if	(pfwidth>2)
   2862  f8b7		       07 00		      .byte.b	%00000111, %00000000
   2863  f8b9					      endif
   2864  f8b9		       00 ff		      .byte.b	%00000000, %11111111
   2865  f8bb					      if	(pfwidth>2)
   2866  f8bb		       ff 00		      .byte.b	%11111111, %00000000
   2867  f8bd					      endif
   2868  f8bd				   pflabel2
   2869  f8bd		       bd 8d f8 	      lda	PF_data2,x
   2870  f8c0		       95 a4		      sta	playfield,x
   2871  f8c2		       ca		      dex
   2872  f8c3		       10 f8		      bpl	pflabel2
   2873  f8c5				   .L0143		;  tick  =  tick  +  1
   2874  f8c5
   2875  f8c5		       e6 d5		      INC	tick
   2876  f8c7				   .L0144		;  if tick  =	60 then tick = 0 : seconds = seconds + 1
   2877  f8c7
   2878  f8c7		       a5 d5		      LDA	tick
   2879  f8c9		       c9 3c		      CMP	#60
   2880  f8cb		       d0 06		      BNE	.skipL0144
   2881  f8cd				   .condpart46
   2882  f8cd		       a9 00		      LDA	#0
   2883  f8cf		       85 d5		      STA	tick
   2884  f8d1		       e6 d6		      INC	seconds
   2885  f8d3				   .skipL0144
   2886  f8d3				   .L0145		;  if seconds	=  60 then COLUPF  =  $E4 : gosub __Sound : seconds = 61
   2887  f8d3
   2888  f8d3		       a5 d6		      LDA	seconds
   2889  f8d5		       c9 3c		      CMP	#60
   2890  f8d7		       d0 0b		      BNE	.skipL0145
   2891  f8d9				   .condpart47
   2892  f8d9		       a9 e4		      LDA	#$E4
   2893  f8db		       85 08		      STA	COLUPF
   2894  f8dd		       20 34 fb 	      jsr	.__Sound
   2895  f8e0		       a9 3d		      LDA	#61
   2896  f8e2		       85 d6		      STA	seconds
   2897  f8e4				   .skipL0145
   2898  f8e4				   .L0146		;  drawscreen
   2899  f8e4
   2900  f8e4		       20 c7 f3 	      jsr	drawscreen
   2901  f8e7				   .L0147		;  if joy0fire then goto __Start else goto __blackout
   2902  f8e7
   2903  f8e7		       24 0c		      bit	INPT4
   2904  f8e9		       30 06		      BMI	.skipL0147
   2905  f8eb				   .condpart48
   2906  f8eb		       4c 06 f5 	      jmp	.__Start
   2907  f8ee		       4c f4 f8 	      jmp	.skipelse3
   2908  f8f1				   .skipL0147
   2909  f8f1		       4c 88 f8 	      jmp	.__blackout
   2910  f8f4
   2911  f8f4				   .skipelse3
   2912  f8f4				   .
   2913  f8f4							;
   2914  f8f4
   2915  f8f4				   .
   2916  f8f4							;
   2917  f8f4
   2918  f8f4				   .__Bonnie
   2919  f8f4							; __Bonnie
   2920  f8f4
   2921  f8f4				   .L0148		;  Bon_Tick  =  Bon_Tick  + 1
   2922  f8f4
   2923  f8f4		       e6 dd		      INC	Bon_Tick
   2924  f8f6				   .L0149		;  goto mainloop
   2925  f8f6
   2926  f8f6		       4c 6d f5 	      jmp	.mainloop
   2927  f8f9
   2928  f8f9				   .
   2929  f8f9							;
   2930  f8f9
   2931  f8f9				   .Bon1
   2932  f8f9							; Bon1
   2933  f8f9
   2934  f8f9				   .
   2935  f8f9							;
   2936  f8f9
   2937  f8f9				   .L0150		;  player0x  =  54
   2938  f8f9
   2939  f8f9		       a9 36		      LDA	#54
   2940  f8fb		       85 80		      STA	player0x
   2941  f8fd				   .L0151		;  player0y  =  20
   2942  f8fd
   2943  f8fd		       a9 14		      LDA	#20
   2944  f8ff		       85 85		      STA	player0y
   2945  f901				   .L0152		;  goto mainloop
   2946  f901
   2947  f901		       4c 6d f5 	      jmp	.mainloop
   2948  f904
   2949  f904				   .Bon2
   2950  f904							; Bon2
   2951  f904
   2952  f904				   .
   2953  f904							;
   2954  f904
   2955  f904				   .L0153		;  player0x  =  34
   2956  f904
   2957  f904		       a9 22		      LDA	#34
   2958  f906		       85 80		      STA	player0x
   2959  f908				   .L0154		;  player0y  =  38
   2960  f908
   2961  f908		       a9 26		      LDA	#38
   2962  f90a		       85 85		      STA	player0y
   2963  f90c				   .L0155		;  goto mainloop
   2964  f90c
   2965  f90c		       4c 6d f5 	      jmp	.mainloop
   2966  f90f
   2967  f90f				   .Bon3
   2968  f90f							; Bon3
   2969  f90f
   2970  f90f				   .
   2971  f90f							;
   2972  f90f
   2973  f90f				   .L0156		;  player0x  =  44
   2974  f90f
   2975  f90f		       a9 2c		      LDA	#44
   2976  f911		       85 80		      STA	player0x
   2977  f913				   .L0157		;  player0y  =  56
   2978  f913
   2979  f913		       a9 38		      LDA	#56
   2980  f915		       85 85		      STA	player0y
   2981  f917				   .L0158		;  goto mainloop
   2982  f917
   2983  f917		       4c 6d f5 	      jmp	.mainloop
   2984  f91a
   2985  f91a				   .Bon4
   2986  f91a							; Bon4
   2987  f91a
   2988  f91a				   .
   2989  f91a							;
   2990  f91a
   2991  f91a				   .L0159		;  player0x  =  58
   2992  f91a
   2993  f91a		       a9 3a		      LDA	#58
   2994  f91c		       85 80		      STA	player0x
   2995  f91e				   .L0160		;  player0y  =  72
   2996  f91e
   2997  f91e		       a9 48		      LDA	#72
   2998  f920		       85 85		      STA	player0y
   2999  f922				   .L0161		;  goto mainloop
   3000  f922
   3001  f922		       4c 6d f5 	      jmp	.mainloop
   3002  f925
   3003  f925				   .BonJump
   3004  f925							; BonJump
   3005  f925
   3006  f925				   .
   3007  f925							;
   3008  f925
   3009  f925				   .L0162		;  if doorctl{1} then Bon_Tick = 0 : player0x = 68 : player0y = 4 : goto mainloop
   3010  f925
   3011  f925		       a5 d4		      LDA	doorctl
   3012  f927		       29 02		      AND	#2
   3013  f929		       f0 0f		      BEQ	.skipL0162
   3014  f92b				   .condpart49
   3015  f92b		       a9 00		      LDA	#0
   3016  f92d		       85 dd		      STA	Bon_Tick
   3017  f92f		       a9 44		      LDA	#68
   3018  f931		       85 80		      STA	player0x
   3019  f933		       a9 04		      LDA	#4
   3020  f935		       85 85		      STA	player0y
   3021  f937		       4c 6d f5 	      jmp	.mainloop
   3022  f93a
   3023  f93a				   .skipL0162
   3024  f93a				   .L0163		;  playfield:
   3025  f93a
   3026  f93a				  -	      ifconst	pfres
   3027  f93a				  -	      ldx	#(12>pfres)*(pfres*pfwidth-1)+(12<=pfres)*47
   3028  f93a					      else
   3029  f93a		       a2 2f		      ldx	#((12*pfwidth-1)*((12*pfwidth-1)<47))+(47*((12*pfwidth-1)>=47))
   3030  f93c					      endif
   3031  f93c		       4c 6f f9 	      jmp	pflabel3
   3032  f93f				   PF_data3
   3033  f93f		       1e 00		      .byte.b	%00011110, %00000000
   3034  f941					      if	(pfwidth>2)
   3035  f941		       00 0f		      .byte.b	%00000000, %00001111
   3036  f943					      endif
   3037  f943		       1e 00		      .byte.b	%00011110, %00000000
   3038  f945					      if	(pfwidth>2)
   3039  f945		       00 0f		      .byte.b	%00000000, %00001111
   3040  f947					      endif
   3041  f947		       1e 00		      .byte.b	%00011110, %00000000
   3042  f949					      if	(pfwidth>2)
   3043  f949		       00 0f		      .byte.b	%00000000, %00001111
   3044  f94b					      endif
   3045  f94b		       0c 00		      .byte.b	%00001100, %00000000
   3046  f94d					      if	(pfwidth>2)
   3047  f94d		       00 06		      .byte.b	%00000000, %00000110
   3048  f94f					      endif
   3049  f94f		       0f ff		      .byte.b	%00001111, %11111111
   3050  f951					      if	(pfwidth>2)
   3051  f951		       ff 07		      .byte.b	%11111111, %00000111
   3052  f953					      endif
   3053  f953		       09 07		      .byte.b	%00001001, %00000111
   3054  f955					      if	(pfwidth>2)
   3055  f955		       0f 04		      .byte.b	%00001111, %00000100
   3056  f957					      endif
   3057  f957		       09 07		      .byte.b	%00001001, %00000111
   3058  f959					      if	(pfwidth>2)
   3059  f959		       0f 04		      .byte.b	%00001111, %00000100
   3060  f95b					      endif
   3061  f95b		       08 00		      .byte.b	%00001000, %00000000
   3062  f95d					      if	(pfwidth>2)
   3063  f95d		       00 04		      .byte.b	%00000000, %00000100
   3064  f95f					      endif
   3065  f95f		       08 e0		      .byte.b	%00001000, %11100000
   3066  f961					      if	(pfwidth>2)
   3067  f961		       c0 04		      .byte.b	%11000000, %00000100
   3068  f963					      endif
   3069  f963		       08 fc		      .byte.b	%00001000, %11111100
   3070  f965					      if	(pfwidth>2)
   3071  f965		       f8 04		      .byte.b	%11111000, %00000100
   3072  f967					      endif
   3073  f967		       08 fc		      .byte.b	%00001000, %11111100
   3074  f969					      if	(pfwidth>2)
   3075  f969		       f8 04		      .byte.b	%11111000, %00000100
   3076  f96b					      endif
   3077  f96b		       08 00		      .byte.b	%00001000, %00000000
   3078  f96d					      if	(pfwidth>2)
   3079  f96d		       00 04		      .byte.b	%00000000, %00000100
   3080  f96f					      endif
   3081  f96f				   pflabel3
   3082  f96f		       bd 3f f9 	      lda	PF_data3,x
   3083  f972		       95 a4		      sta	playfield,x
   3084  f974		       ca		      dex
   3085  f975		       10 f8		      bpl	pflabel3
   3086  f977				   .L0164		;  COLUPF = $62 : gosub __Sound : drawscreen
   3087  f977
   3088  f977		       a9 62		      LDA	#$62
   3089  f979		       85 08		      STA	COLUPF
   3090  f97b		       20 34 fb 	      jsr	.__Sound
   3091  f97e		       20 c7 f3 	      jsr	drawscreen
   3092  f981				   .L0165		;  if joy0fire then goto __Start else goto BonJump
   3093  f981
   3094  f981		       24 0c		      bit	INPT4
   3095  f983		       30 06		      BMI	.skipL0165
   3096  f985				   .condpart50
   3097  f985		       4c 06 f5 	      jmp	.__Start
   3098  f988		       4c 8e f9 	      jmp	.skipelse4
   3099  f98b				   .skipL0165
   3100  f98b		       4c 25 f9 	      jmp	.BonJump
   3101  f98e
   3102  f98e				   .skipelse4
   3103  f98e				   .
   3104  f98e							;
   3105  f98e
   3106  f98e				   .
   3107  f98e							;
   3108  f98e
   3109  f98e				   .__Chica
   3110  f98e							; __Chica
   3111  f98e
   3112  f98e				   .L0166		;  Chic_Tick  =  Chic_Tick  +	1
   3113  f98e
   3114  f98e		       e6 de		      INC	Chic_Tick
   3115  f990				   .L0167		;  goto mainloop
   3116  f990
   3117  f990		       4c 6d f5 	      jmp	.mainloop
   3118  f993
   3119  f993				   .Chic1
   3120  f993							; Chic1
   3121  f993
   3122  f993				   .
   3123  f993							;
   3124  f993
   3125  f993				   .L0168		;  player1x  =  98
   3126  f993
   3127  f993		       a9 62		      LDA	#98
   3128  f995		       85 81		      STA	player1x
   3129  f997				   .L0169		;  player1y  =  20
   3130  f997
   3131  f997		       a9 14		      LDA	#20
   3132  f999		       85 86		      STA	player1y
   3133  f99b				   .L0170		;  goto mainloop
   3134  f99b
   3135  f99b		       4c 6d f5 	      jmp	.mainloop
   3136  f99e
   3137  f99e				   .Chic2
   3138  f99e							; Chic2
   3139  f99e
   3140  f99e				   .
   3141  f99e							;
   3142  f99e
   3143  f99e				   .L0171		;  player1x  =  118
   3144  f99e
   3145  f99e		       a9 76		      LDA	#118
   3146  f9a0		       85 81		      STA	player1x
   3147  f9a2				   .L0172		;  player1y  =  38
   3148  f9a2
   3149  f9a2		       a9 26		      LDA	#38
   3150  f9a4		       85 86		      STA	player1y
   3151  f9a6				   .L0173		;  goto mainloop
   3152  f9a6
   3153  f9a6		       4c 6d f5 	      jmp	.mainloop
   3154  f9a9
   3155  f9a9				   .Chic3
   3156  f9a9							; Chic3
   3157  f9a9
   3158  f9a9				   .
   3159  f9a9							;
   3160  f9a9
   3161  f9a9				   .L0174		;  player1x  =  108
   3162  f9a9
   3163  f9a9		       a9 6c		      LDA	#108
   3164  f9ab		       85 81		      STA	player1x
   3165  f9ad				   .L0175		;  player1y  =  56
   3166  f9ad
   3167  f9ad		       a9 38		      LDA	#56
   3168  f9af		       85 86		      STA	player1y
   3169  f9b1				   .L0176		;  goto mainloop
   3170  f9b1
   3171  f9b1		       4c 6d f5 	      jmp	.mainloop
   3172  f9b4
   3173  f9b4				   .Chic4
   3174  f9b4							; Chic4
   3175  f9b4
   3176  f9b4				   .
   3177  f9b4							;
   3178  f9b4
   3179  f9b4				   .L0177		;  player1x  =  90
   3180  f9b4
   3181  f9b4		       a9 5a		      LDA	#90
   3182  f9b6		       85 81		      STA	player1x
   3183  f9b8				   .L0178		;  player1y  =  72
   3184  f9b8
   3185  f9b8		       a9 48		      LDA	#72
   3186  f9ba		       85 86		      STA	player1y
   3187  f9bc				   .L0179		;  goto mainloop
   3188  f9bc
   3189  f9bc		       4c 6d f5 	      jmp	.mainloop
   3190  f9bf
   3191  f9bf				   .ChicJump
   3192  f9bf							; ChicJump
   3193  f9bf
   3194  f9bf				   .
   3195  f9bf							;
   3196  f9bf
   3197  f9bf				   .L0180		;  if doorctl{2} then Chic_Tick = 0 : player1x = 82 : player1y = 4 : goto mainloop
   3198  f9bf
   3199  f9bf		       a5 d4		      LDA	doorctl
   3200  f9c1		       29 04		      AND	#4
   3201  f9c3		       f0 0f		      BEQ	.skipL0180
   3202  f9c5				   .condpart51
   3203  f9c5		       a9 00		      LDA	#0
   3204  f9c7		       85 de		      STA	Chic_Tick
   3205  f9c9		       a9 52		      LDA	#82
   3206  f9cb		       85 81		      STA	player1x
   3207  f9cd		       a9 04		      LDA	#4
   3208  f9cf		       85 86		      STA	player1y
   3209  f9d1		       4c 6d f5 	      jmp	.mainloop
   3210  f9d4
   3211  f9d4				   .skipL0180
   3212  f9d4				   .L0181		;  playfield:
   3213  f9d4
   3214  f9d4				  -	      ifconst	pfres
   3215  f9d4				  -	      ldx	#(12>pfres)*(pfres*pfwidth-1)+(12<=pfres)*47
   3216  f9d4					      else
   3217  f9d4		       a2 2f		      ldx	#((12*pfwidth-1)*((12*pfwidth-1)<47))+(47*((12*pfwidth-1)>=47))
   3218  f9d6					      endif
   3219  f9d6		       4c 09 fa 	      jmp	pflabel4
   3220  f9d9				   PF_data4
   3221  f9d9		       00 00		      .byte.b	%00000000, %00000000
   3222  f9db					      if	(pfwidth>2)
   3223  f9db		       00 00		      .byte.b	%00000000, %00000000
   3224  f9dd					      endif
   3225  f9dd		       00 00		      .byte.b	%00000000, %00000000
   3226  f9df					      if	(pfwidth>2)
   3227  f9df		       00 00		      .byte.b	%00000000, %00000000
   3228  f9e1					      endif
   3229  f9e1		       00 00		      .byte.b	%00000000, %00000000
   3230  f9e3					      if	(pfwidth>2)
   3231  f9e3		       00 00		      .byte.b	%00000000, %00000000
   3232  f9e5					      endif
   3233  f9e5		       00 00		      .byte.b	%00000000, %00000000
   3234  f9e7					      if	(pfwidth>2)
   3235  f9e7		       00 00		      .byte.b	%00000000, %00000000
   3236  f9e9					      endif
   3237  f9e9		       00 00		      .byte.b	%00000000, %00000000
   3238  f9eb					      if	(pfwidth>2)
   3239  f9eb		       00 00		      .byte.b	%00000000, %00000000
   3240  f9ed					      endif
   3241  f9ed		       00 00		      .byte.b	%00000000, %00000000
   3242  f9ef					      if	(pfwidth>2)
   3243  f9ef		       00 00		      .byte.b	%00000000, %00000000
   3244  f9f1					      endif
   3245  f9f1		       00 00		      .byte.b	%00000000, %00000000
   3246  f9f3					      if	(pfwidth>2)
   3247  f9f3		       00 00		      .byte.b	%00000000, %00000000
   3248  f9f5					      endif
   3249  f9f5		       00 00		      .byte.b	%00000000, %00000000
   3250  f9f7					      if	(pfwidth>2)
   3251  f9f7		       00 00		      .byte.b	%00000000, %00000000
   3252  f9f9					      endif
   3253  f9f9		       00 00		      .byte.b	%00000000, %00000000
   3254  f9fb					      if	(pfwidth>2)
   3255  f9fb		       00 00		      .byte.b	%00000000, %00000000
   3256  f9fd					      endif
   3257  f9fd		       00 00		      .byte.b	%00000000, %00000000
   3258  f9ff					      if	(pfwidth>2)
   3259  f9ff		       00 00		      .byte.b	%00000000, %00000000
   3260  fa01					      endif
   3261  fa01		       00 00		      .byte.b	%00000000, %00000000
   3262  fa03					      if	(pfwidth>2)
   3263  fa03		       00 00		      .byte.b	%00000000, %00000000
   3264  fa05					      endif
   3265  fa05		       00 00		      .byte.b	%00000000, %00000000
   3266  fa07					      if	(pfwidth>2)
   3267  fa07		       00 00		      .byte.b	%00000000, %00000000
   3268  fa09					      endif
   3269  fa09				   pflabel4
   3270  fa09		       bd d9 f9 	      lda	PF_data4,x
   3271  fa0c		       95 a4		      sta	playfield,x
   3272  fa0e		       ca		      dex
   3273  fa0f		       10 f8		      bpl	pflabel4
   3274  fa11				   .L0182		;  COLUPF = $1C : gosub __Sound : drawscreen
   3275  fa11
   3276  fa11		       a9 1c		      LDA	#$1C
   3277  fa13		       85 08		      STA	COLUPF
   3278  fa15		       20 34 fb 	      jsr	.__Sound
   3279  fa18		       20 c7 f3 	      jsr	drawscreen
   3280  fa1b				   .L0183		;  if joy0fire then goto __Start else goto ChicJump
   3281  fa1b
   3282  fa1b		       24 0c		      bit	INPT4
   3283  fa1d		       30 06		      BMI	.skipL0183
   3284  fa1f				   .condpart52
   3285  fa1f		       4c 06 f5 	      jmp	.__Start
   3286  fa22		       4c 28 fa 	      jmp	.skipelse5
   3287  fa25				   .skipL0183
   3288  fa25		       4c bf f9 	      jmp	.ChicJump
   3289  fa28
   3290  fa28				   .skipelse5
   3291  fa28				   .
   3292  fa28							;
   3293  fa28
   3294  fa28				   .__Foxy
   3295  fa28							; __Foxy
   3296  fa28
   3297  fa28				   .L0184		;  if doorctl{1} then Fox_Tick = 0 : ballx = 26 : bally = 18 : goto mainloop else Fox_Tick = Fox_Tick + 1
   3298  fa28
   3299  fa28		       a5 d4		      LDA	doorctl
   3300  fa2a		       29 02		      AND	#2
   3301  fa2c		       f0 12		      BEQ	.skipL0184
   3302  fa2e				   .condpart53
   3303  fa2e		       a9 00		      LDA	#0
   3304  fa30		       85 df		      STA	Fox_Tick
   3305  fa32		       a9 1a		      LDA	#26
   3306  fa34		       85 84		      STA	ballx
   3307  fa36		       a9 12		      LDA	#18
   3308  fa38		       85 89		      STA	bally
   3309  fa3a		       4c 6d f5 	      jmp	.mainloop
   3310  fa3d		       4c 42 fa 	      jmp	.skipelse6
   3311  fa40				   .skipL0184
   3312  fa40		       e6 df		      INC	Fox_Tick
   3313  fa42				   .skipelse6
   3314  fa42				   .L0185		;  goto mainloop
   3315  fa42
   3316  fa42		       4c 6d f5 	      jmp	.mainloop
   3317  fa45
   3318  fa45				   .Fox1
   3319  fa45							; Fox1
   3320  fa45
   3321  fa45				   .L0186		;  if doorctl{1} then Fox_Tick = 0 : ballx = 26 : bally = 18 : goto mainloop
   3322  fa45
   3323  fa45		       a5 d4		      LDA	doorctl
   3324  fa47		       29 02		      AND	#2
   3325  fa49		       f0 0f		      BEQ	.skipL0186
   3326  fa4b				   .condpart54
   3327  fa4b		       a9 00		      LDA	#0
   3328  fa4d		       85 df		      STA	Fox_Tick
   3329  fa4f		       a9 1a		      LDA	#26
   3330  fa51		       85 84		      STA	ballx
   3331  fa53		       a9 12		      LDA	#18
   3332  fa55		       85 89		      STA	bally
   3333  fa57		       4c 6d f5 	      jmp	.mainloop
   3334  fa5a
   3335  fa5a				   .skipL0186
   3336  fa5a				   .L0187		;  ballx  =  34
   3337  fa5a
   3338  fa5a		       a9 22		      LDA	#34
   3339  fa5c		       85 84		      STA	ballx
   3340  fa5e				   .L0188		;  bally  =  28
   3341  fa5e
   3342  fa5e		       a9 1c		      LDA	#28
   3343  fa60		       85 89		      STA	bally
   3344  fa62				   .L0189		;  goto mainloop
   3345  fa62
   3346  fa62		       4c 6d f5 	      jmp	.mainloop
   3347  fa65
   3348  fa65				   .Fox2
   3349  fa65							; Fox2
   3350  fa65
   3351  fa65				   .L0190		;  if doorctl{1} then Fox_Tick = 0 : ballx = 26 : bally = 18 : goto mainloop
   3352  fa65
   3353  fa65		       a5 d4		      LDA	doorctl
   3354  fa67		       29 02		      AND	#2
   3355  fa69		       f0 0f		      BEQ	.skipL0190
   3356  fa6b				   .condpart55
   3357  fa6b		       a9 00		      LDA	#0
   3358  fa6d		       85 df		      STA	Fox_Tick
   3359  fa6f		       a9 1a		      LDA	#26
   3360  fa71		       85 84		      STA	ballx
   3361  fa73		       a9 12		      LDA	#18
   3362  fa75		       85 89		      STA	bally
   3363  fa77		       4c 6d f5 	      jmp	.mainloop
   3364  fa7a
   3365  fa7a				   .skipL0190
   3366  fa7a				   .L0191		;  ballx  =  42
   3367  fa7a
   3368  fa7a		       a9 2a		      LDA	#42
   3369  fa7c		       85 84		      STA	ballx
   3370  fa7e				   .L0192		;  bally  =  40
   3371  fa7e
   3372  fa7e		       a9 28		      LDA	#40
   3373  fa80		       85 89		      STA	bally
   3374  fa82				   .L0193		;  goto mainloop
   3375  fa82
   3376  fa82		       4c 6d f5 	      jmp	.mainloop
   3377  fa85
   3378  fa85				   .Fox3
   3379  fa85							; Fox3
   3380  fa85
   3381  fa85				   .L0194		;  if doorctl{1} then Fox_Tick = 0 : ballx = 26 : bally = 18 : goto mainloop
   3382  fa85
   3383  fa85		       a5 d4		      LDA	doorctl
   3384  fa87		       29 02		      AND	#2
   3385  fa89		       f0 0f		      BEQ	.skipL0194
   3386  fa8b				   .condpart56
   3387  fa8b		       a9 00		      LDA	#0
   3388  fa8d		       85 df		      STA	Fox_Tick
   3389  fa8f		       a9 1a		      LDA	#26
   3390  fa91		       85 84		      STA	ballx
   3391  fa93		       a9 12		      LDA	#18
   3392  fa95		       85 89		      STA	bally
   3393  fa97		       4c 6d f5 	      jmp	.mainloop
   3394  fa9a
   3395  fa9a				   .skipL0194
   3396  fa9a				   .L0195		;  ballx  =  52
   3397  fa9a
   3398  fa9a		       a9 34		      LDA	#52
   3399  fa9c		       85 84		      STA	ballx
   3400  fa9e				   .L0196		;  bally  =  52
   3401  fa9e
   3402  fa9e		       a9 34		      LDA	#52
   3403  faa0		       85 89		      STA	bally
   3404  faa2				   .L0197		;  goto mainloop
   3405  faa2
   3406  faa2		       4c 6d f5 	      jmp	.mainloop
   3407  faa5
   3408  faa5				   .Fox4
   3409  faa5							; Fox4
   3410  faa5
   3411  faa5				   .L0198		;  if doorctl{1} then Fox_Tick = 0 : ballx = 26 : bally = 18 : goto mainloop
   3412  faa5
   3413  faa5		       a5 d4		      LDA	doorctl
   3414  faa7		       29 02		      AND	#2
   3415  faa9		       f0 0f		      BEQ	.skipL0198
   3416  faab				   .condpart57
   3417  faab		       a9 00		      LDA	#0
   3418  faad		       85 df		      STA	Fox_Tick
   3419  faaf		       a9 1a		      LDA	#26
   3420  fab1		       85 84		      STA	ballx
   3421  fab3		       a9 12		      LDA	#18
   3422  fab5		       85 89		      STA	bally
   3423  fab7		       4c 6d f5 	      jmp	.mainloop
   3424  faba
   3425  faba				   .skipL0198
   3426  faba				   .L0199		;  ballx  =  60
   3427  faba
   3428  faba		       a9 3c		      LDA	#60
   3429  fabc		       85 84		      STA	ballx
   3430  fabe				   .L0200		;  bally  =  64
   3431  fabe
   3432  fabe		       a9 40		      LDA	#64
   3433  fac0		       85 89		      STA	bally
   3434  fac2				   .L0201		;  goto mainloop
   3435  fac2
   3436  fac2		       4c 6d f5 	      jmp	.mainloop
   3437  fac5
   3438  fac5				   .FoxJump
   3439  fac5							; FoxJump
   3440  fac5
   3441  fac5				   .
   3442  fac5							;
   3443  fac5
   3444  fac5				   .
   3445  fac5							;
   3446  fac5
   3447  fac5				   .
   3448  fac5							;
   3449  fac5
   3450  fac5				   .L0202		;  ballx  =  68
   3451  fac5
   3452  fac5		       a9 44		      LDA	#68
   3453  fac7		       85 84		      STA	ballx
   3454  fac9				   .L0203		;  bally  =  81
   3455  fac9
   3456  fac9		       a9 51		      LDA	#81
   3457  facb		       85 89		      STA	bally
   3458  facd				   .L0204		;  if collision(ball,missile0) then Fox_Tick = 0 : ballx = 26 : bally = 18 : goto mainloop
   3459  facd
   3460  facd		       24 04		      bit	CXM0FB
   3461  facf		       50 0f		      BVC	.skipL0204
   3462  fad1				   .condpart58
   3463  fad1		       a9 00		      LDA	#0
   3464  fad3		       85 df		      STA	Fox_Tick
   3465  fad5		       a9 1a		      LDA	#26
   3466  fad7		       85 84		      STA	ballx
   3467  fad9		       a9 12		      LDA	#18
   3468  fadb		       85 89		      STA	bally
   3469  fadd		       4c 6d f5 	      jmp	.mainloop
   3470  fae0
   3471  fae0				   .skipL0204
   3472  fae0				   .L0205		;  playfield:
   3473  fae0
   3474  fae0				  -	      ifconst	pfres
   3475  fae0				  -	      ldx	#(12>pfres)*(pfres*pfwidth-1)+(12<=pfres)*47
   3476  fae0					      else
   3477  fae0		       a2 2f		      ldx	#((12*pfwidth-1)*((12*pfwidth-1)<47))+(47*((12*pfwidth-1)>=47))
   3478  fae2					      endif
   3479  fae2		       4c 15 fb 	      jmp	pflabel5
   3480  fae5				   PF_data5
   3481  fae5		       00 00		      .byte.b	%00000000, %00000000
   3482  fae7					      if	(pfwidth>2)
   3483  fae7		       00 00		      .byte.b	%00000000, %00000000
   3484  fae9					      endif
   3485  fae9		       00 00		      .byte.b	%00000000, %00000000
   3486  faeb					      if	(pfwidth>2)
   3487  faeb		       00 00		      .byte.b	%00000000, %00000000
   3488  faed					      endif
   3489  faed		       00 00		      .byte.b	%00000000, %00000000
   3490  faef					      if	(pfwidth>2)
   3491  faef		       00 00		      .byte.b	%00000000, %00000000
   3492  faf1					      endif
   3493  faf1		       00 00		      .byte.b	%00000000, %00000000
   3494  faf3					      if	(pfwidth>2)
   3495  faf3		       00 00		      .byte.b	%00000000, %00000000
   3496  faf5					      endif
   3497  faf5		       00 00		      .byte.b	%00000000, %00000000
   3498  faf7					      if	(pfwidth>2)
   3499  faf7		       00 00		      .byte.b	%00000000, %00000000
   3500  faf9					      endif
   3501  faf9		       00 00		      .byte.b	%00000000, %00000000
   3502  fafb					      if	(pfwidth>2)
   3503  fafb		       00 00		      .byte.b	%00000000, %00000000
   3504  fafd					      endif
   3505  fafd		       00 00		      .byte.b	%00000000, %00000000
   3506  faff					      if	(pfwidth>2)
   3507  faff		       00 00		      .byte.b	%00000000, %00000000
   3508  fb01					      endif
   3509  fb01		       00 00		      .byte.b	%00000000, %00000000
   3510  fb03					      if	(pfwidth>2)
   3511  fb03		       00 00		      .byte.b	%00000000, %00000000
   3512  fb05					      endif
   3513  fb05		       00 00		      .byte.b	%00000000, %00000000
   3514  fb07					      if	(pfwidth>2)
   3515  fb07		       00 00		      .byte.b	%00000000, %00000000
   3516  fb09					      endif
   3517  fb09		       00 00		      .byte.b	%00000000, %00000000
   3518  fb0b					      if	(pfwidth>2)
   3519  fb0b		       00 00		      .byte.b	%00000000, %00000000
   3520  fb0d					      endif
   3521  fb0d		       00 00		      .byte.b	%00000000, %00000000
   3522  fb0f					      if	(pfwidth>2)
   3523  fb0f		       00 00		      .byte.b	%00000000, %00000000
   3524  fb11					      endif
   3525  fb11		       00 00		      .byte.b	%00000000, %00000000
   3526  fb13					      if	(pfwidth>2)
   3527  fb13		       00 00		      .byte.b	%00000000, %00000000
   3528  fb15					      endif
   3529  fb15				   pflabel5
   3530  fb15		       bd e5 fa 	      lda	PF_data5,x
   3531  fb18		       95 a4		      sta	playfield,x
   3532  fb1a		       ca		      dex
   3533  fb1b		       10 f8		      bpl	pflabel5
   3534  fb1d				   .
   3535  fb1d							;
   3536  fb1d
   3537  fb1d				   .L0206		;  COLUPF = $34 : gosub __Sound : drawscreen
   3538  fb1d
   3539  fb1d		       a9 34		      LDA	#$34
   3540  fb1f		       85 08		      STA	COLUPF
   3541  fb21		       20 34 fb 	      jsr	.__Sound
   3542  fb24		       20 c7 f3 	      jsr	drawscreen
   3543  fb27				   .L0207		;  if joy0fire then goto __Start else goto FoxJump
   3544  fb27
   3545  fb27		       24 0c		      bit	INPT4
   3546  fb29		       30 06		      BMI	.skipL0207
   3547  fb2b				   .condpart59
   3548  fb2b		       4c 06 f5 	      jmp	.__Start
   3549  fb2e		       4c 34 fb 	      jmp	.skipelse7
   3550  fb31				   .skipL0207
   3551  fb31		       4c c5 fa 	      jmp	.FoxJump
   3552  fb34
   3553  fb34				   .skipelse7
   3554  fb34				   .__Sound
   3555  fb34							; __Sound
   3556  fb34
   3557  fb34				   .
   3558  fb34							;
   3559  fb34
   3560  fb34				   .L0208		;  return
   3561  fb34		       60		      RTS
   3562  fb35				  -	      if	(<*) > (<(*+15))
   3563  fb35				  -	      repeat	($100-<*)
   3564  fb35				  -	      .byte	0
   3565  fb35				  -	      repend
   3566  fb35					      endif
   3567  fb35				   playerL025_0
   3568  fb35		       6c		      .byte.b	%01101100
   3569  fb36		       24		      .byte.b	%00100100
   3570  fb37		       3d		      .byte.b	%00111101
   3571  fb38		       3d		      .byte.b	%00111101
   3572  fb39		       3f		      .byte.b	%00111111
   3573  fb3a		       1c		      .byte.b	%00011100
   3574  fb3b		       08		      .byte.b	%00001000
   3575  fb3c		       1c		      .byte.b	%00011100
   3576  fb3d		       14		      .byte.b	%00010100
   3577  fb3e		       14		      .byte.b	%00010100
   3578  fb3f		       34		      .byte.b	%00110100
   3579  fb40		       0c		      .byte.b	%00001100
   3580  fb41		       00		      .byte.b	%00000000
   3581  fb42		       00		      .byte.b	%00000000
   3582  fb43		       00		      .byte.b	%00000000
   3583  fb44		       00		      .byte.b	%00000000
   3584  fb45				  -	      if	(<*) > (<(*+15))
   3585  fb45				  -	      repeat	($100-<*)
   3586  fb45				  -	      .byte	0
   3587  fb45				  -	      repend
   3588  fb45					      endif
   3589  fb45				   playerL026_1
   3590  fb45		       6c		      .byte.b	%01101100
   3591  fb46		       24		      .byte.b	%00100100
   3592  fb47		       3c		      .byte.b	%00111100
   3593  fb48		       3d		      .byte.b	%00111101
   3594  fb49		       3d		      .byte.b	%00111101
   3595  fb4a		       1f		      .byte.b	%00011111
   3596  fb4b		       08		      .byte.b	%00001000
   3597  fb4c		       1c		      .byte.b	%00011100
   3598  fb4d		       08		      .byte.b	%00001000
   3599  fb4e		       00		      .byte.b	%00000000
   3600  fb4f		       00		      .byte.b	%00000000
   3601  fb50		       00		      .byte.b	%00000000
   3602  fb51		       00		      .byte.b	%00000000
   3603  fb52		       00		      .byte.b	%00000000
   3604  fb53		       00		      .byte.b	%00000000
   3605  fb54		       00		      .byte.b	%00000000
   3606  fb55					      if	ECHOFIRST
      1095 bytes of ROM space left
   3607  fb55					      echo	"    ",[(scoretable - *)]d , "bytes of ROM space left")
   3608  fb55					      endif
   3609  fb55		       00 01	   ECHOFIRST  =	1
   3610  fb55
   3611  fb55
   3612  fb55
   3613  fb55							; feel free to modify the score graphics - just keep each digit 8 highj
   3614  fb55							; and keep the conditional compilation stuff intact
   3615  fb55
   3616  fb55		       00 50	   scorelength =	(LENDEC+LENHEX+LENSPACE+LENDOLLAR+LENPOUND+LENMRHAPPY+LENMRSAD+LENCOPYRIGHT+LENFUJI+LENHEART+LENDIAMOND+LENSPADE+LENCLUB+LENCOLON+LENBLOCK+LENUNDERLINE+LENARISIDE+LENARIFACE)
   3617  fb55
   3618  fb55				  -	      ifconst	ROM2k
   3619  fb55				  -	      ORG	$F7FC-scorelength
   3620  fb55					      else
   3621  fb55				  -	      ifconst	bankswitch
   3622  fb55				  -	      if	bankswitch == 8
   3623  fb55				  -	      ORG	$2FE4-scorelength-bscode_length
   3624  fb55				  -	      RORG	$FFE4-scorelength-bscode_length
   3625  fb55				  -	      endif
   3626  fb55				  -	      if	bankswitch == 16
   3627  fb55				  -	      ORG	$4FE4-scorelength-bscode_length
   3628  fb55				  -	      RORG	$FFE4-scorelength-bscode_length
   3629  fb55				  -	      endif
   3630  fb55				  -	      if	bankswitch == 32
   3631  fb55				  -	      ORG	$8FE4-scorelength-bscode_length
   3632  fb55				  -	      RORG	$FFE4-scorelength-bscode_length
   3633  fb55				  -	      endif
   3634  fb55					      else
   3635  ff9c					      ORG	$FFEC-scorelength
   3636  ff9c					      endif
   3637  ff9c					      endif
   3638  ff9c
   3639  ff9c		       00 00	   NOFONT     =	0
   3640  ff9c		       00 01	   STOCK      =	1	;_FONTNAME
   3641  ff9c		       00 02	   NEWCENTURY =	2	;_FONTNAME
   3642  ff9c		       00 03	   WHIMSEY    =	3	;_FONTNAME
   3643  ff9c		       00 04	   ALARMCLOCK =	4	;_FONTNAME
   3644  ff9c		       00 05	   HANDWRITTEN =	5	;_FONTNAME
   3645  ff9c		       00 06	   INTERRUPTED =	6	;_FONTNAME
   3646  ff9c		       00 07	   TINY       =	7	;_FONTNAME
   3647  ff9c		       00 08	   RETROPUTER =	8	;_FONTNAME
   3648  ff9c		       00 09	   CURVES     =	9	;_FONTNAME
   3649  ff9c		       00 0a	   HUSKY      =	10	;_FONTNAME
   3650  ff9c		       00 0b	   SNAKE      =	11	;_FONTNAME
   3651  ff9c		       00 0d	   PLOK       =	13	;_FONTNAME
   3652  ff9c		       00 0e	   SQUISH     =	14	;_FONTNAME
   3653  ff9c		       00 0f	   TINYTINY   =	15	;_FONTNAME
   3654  ff9c
   3655  ff9c		       00 00	   SYMBOLS    =	0	;_FONTNAME
   3656  ff9c
   3657  ff9c							; ### setup some defaults
   3658  ff9c				  -	      ifnconst	fontstyle
   3659  ff9c				  -fontstyle  =	STOCK
   3660  ff9c					      endif
   3661  ff9c
   3662  ff9c				   scoretable
   3663  ff9c
   3664  ff9c					      if	fontstyle == STOCK
   3665  ff9c
   3666  ff9c		       00 50	   LENDEC     =	80
   3667  ff9c
   3668  ff9c							;byte %00000000 ; STOCK
   3669  ff9c
   3670  ff9c		       3c		      .byte.b	%00111100	; STOCK
   3671  ff9d		       66		      .byte.b	%01100110	; STOCK
   3672  ff9e		       66		      .byte.b	%01100110	; STOCK
   3673  ff9f		       66		      .byte.b	%01100110	; STOCK
   3674  ffa0		       66		      .byte.b	%01100110	; STOCK
   3675  ffa1		       66		      .byte.b	%01100110	; STOCK
   3676  ffa2		       66		      .byte.b	%01100110	; STOCK
   3677  ffa3		       3c		      .byte.b	%00111100	; STOCK
   3678  ffa4
   3679  ffa4							;byte %00000000 ; STOCK
   3680  ffa4
   3681  ffa4		       7e		      .byte.b	%01111110	; STOCK
   3682  ffa5		       18		      .byte.b	%00011000	; STOCK
   3683  ffa6		       18		      .byte.b	%00011000	; STOCK
   3684  ffa7		       18		      .byte.b	%00011000	; STOCK
   3685  ffa8		       18		      .byte.b	%00011000	; STOCK
   3686  ffa9		       38		      .byte.b	%00111000	; STOCK
   3687  ffaa		       18		      .byte.b	%00011000	; STOCK
   3688  ffab		       08		      .byte.b	%00001000	; STOCK
   3689  ffac
   3690  ffac							;byte %00000000 ; STOCK
   3691  ffac
   3692  ffac		       7e		      .byte.b	%01111110	; STOCK
   3693  ffad		       60		      .byte.b	%01100000	; STOCK
   3694  ffae		       60		      .byte.b	%01100000	; STOCK
   3695  ffaf		       3c		      .byte.b	%00111100	; STOCK
   3696  ffb0		       06		      .byte.b	%00000110	; STOCK
   3697  ffb1		       06		      .byte.b	%00000110	; STOCK
   3698  ffb2		       46		      .byte.b	%01000110	; STOCK
   3699  ffb3		       3c		      .byte.b	%00111100	; STOCK
   3700  ffb4
   3701  ffb4							;byte %00000000 ; STOCK
   3702  ffb4
   3703  ffb4		       3c		      .byte.b	%00111100	; STOCK
   3704  ffb5		       46		      .byte.b	%01000110	; STOCK
   3705  ffb6		       06		      .byte.b	%00000110	; STOCK
   3706  ffb7		       06		      .byte.b	%00000110	; STOCK
   3707  ffb8		       1c		      .byte.b	%00011100	; STOCK
   3708  ffb9		       06		      .byte.b	%00000110	; STOCK
   3709  ffba		       46		      .byte.b	%01000110	; STOCK
   3710  ffbb		       3c		      .byte.b	%00111100	; STOCK
   3711  ffbc
   3712  ffbc							;byte %00000000 ; STOCK
   3713  ffbc
   3714  ffbc		       0c		      .byte.b	%00001100	; STOCK
   3715  ffbd		       0c		      .byte.b	%00001100	; STOCK
   3716  ffbe		       7e		      .byte.b	%01111110	; STOCK
   3717  ffbf		       4c		      .byte.b	%01001100	; STOCK
   3718  ffc0		       4c		      .byte.b	%01001100	; STOCK
   3719  ffc1		       2c		      .byte.b	%00101100	; STOCK
   3720  ffc2		       1c		      .byte.b	%00011100	; STOCK
   3721  ffc3		       0c		      .byte.b	%00001100	; STOCK
   3722  ffc4
   3723  ffc4							;byte %00000000 ; STOCK
   3724  ffc4
   3725  ffc4		       3c		      .byte.b	%00111100	; STOCK
   3726  ffc5		       46		      .byte.b	%01000110	; STOCK
   3727  ffc6		       06		      .byte.b	%00000110	; STOCK
   3728  ffc7		       06		      .byte.b	%00000110	; STOCK
   3729  ffc8		       3c		      .byte.b	%00111100	; STOCK
   3730  ffc9		       60		      .byte.b	%01100000	; STOCK
   3731  ffca		       60		      .byte.b	%01100000	; STOCK
   3732  ffcb		       7e		      .byte.b	%01111110	; STOCK
   3733  ffcc
   3734  ffcc							;byte %00000000 ; STOCK
   3735  ffcc
   3736  ffcc		       3c		      .byte.b	%00111100	; STOCK
   3737  ffcd		       66		      .byte.b	%01100110	; STOCK
   3738  ffce		       66		      .byte.b	%01100110	; STOCK
   3739  ffcf		       66		      .byte.b	%01100110	; STOCK
   3740  ffd0		       7c		      .byte.b	%01111100	; STOCK
   3741  ffd1		       60		      .byte.b	%01100000	; STOCK
   3742  ffd2		       62		      .byte.b	%01100010	; STOCK
   3743  ffd3		       3c		      .byte.b	%00111100	; STOCK
   3744  ffd4
   3745  ffd4							;byte %00000000 ; STOCK
   3746  ffd4
   3747  ffd4		       30		      .byte.b	%00110000	; STOCK
   3748  ffd5		       30		      .byte.b	%00110000	; STOCK
   3749  ffd6		       30		      .byte.b	%00110000	; STOCK
   3750  ffd7		       18		      .byte.b	%00011000	; STOCK
   3751  ffd8		       0c		      .byte.b	%00001100	; STOCK
   3752  ffd9		       06		      .byte.b	%00000110	; STOCK
   3753  ffda		       42		      .byte.b	%01000010	; STOCK
   3754  ffdb		       3e		      .byte.b	%00111110	; STOCK
   3755  ffdc
   3756  ffdc							;byte %00000000 ; STOCK
   3757  ffdc
   3758  ffdc		       3c		      .byte.b	%00111100	; STOCK
   3759  ffdd		       66		      .byte.b	%01100110	; STOCK
   3760  ffde		       66		      .byte.b	%01100110	; STOCK
   3761  ffdf		       66		      .byte.b	%01100110	; STOCK
   3762  ffe0		       3c		      .byte.b	%00111100	; STOCK
   3763  ffe1		       66		      .byte.b	%01100110	; STOCK
   3764  ffe2		       66		      .byte.b	%01100110	; STOCK
   3765  ffe3		       3c		      .byte.b	%00111100	; STOCK
   3766  ffe4
   3767  ffe4							;byte %00000000 ; STOCK
   3768  ffe4
   3769  ffe4		       3c		      .byte.b	%00111100	; STOCK
   3770  ffe5		       46		      .byte.b	%01000110	; STOCK
   3771  ffe6		       06		      .byte.b	%00000110	; STOCK
   3772  ffe7		       3e		      .byte.b	%00111110	; STOCK
   3773  ffe8		       66		      .byte.b	%01100110	; STOCK
   3774  ffe9		       66		      .byte.b	%01100110	; STOCK
   3775  ffea		       66		      .byte.b	%01100110	; STOCK
   3776  ffeb		       3c		      .byte.b	%00111100	; STOCK
   3777  ffec
   3778  ffec							;byte %00000000 ; STOCK
   3779  ffec
   3780  ffec				  -	      ifconst	fontcharsHEX
   3781  ffec				  -LENHEX     =	48
   3782  ffec				  -
   3783  ffec				  -	      .byte	%01100110	; STOCK
   3784  ffec				  -	      .byte	%01100110	; STOCK
   3785  ffec				  -	      .byte	%01100110	; STOCK
   3786  ffec				  -	      .byte	%01111110	; STOCK
   3787  ffec				  -	      .byte	%01100110	; STOCK
   3788  ffec				  -	      .byte	%01100110	; STOCK
   3789  ffec				  -	      .byte	%01100110	; STOCK
   3790  ffec				  -	      .byte	%00111100	; STOCK
   3791  ffec				  -
   3792  ffec				  -			;byte %00000000 ; STOCK
   3793  ffec				  -
   3794  ffec				  -	      .byte	%01111100	; STOCK
   3795  ffec				  -	      .byte	%01100110	; STOCK
   3796  ffec				  -	      .byte	%01100110	; STOCK
   3797  ffec				  -	      .byte	%01100110	; STOCK
   3798  ffec				  -	      .byte	%01111100	; STOCK
   3799  ffec				  -	      .byte	%01100110	; STOCK
   3800  ffec				  -	      .byte	%01100110	; STOCK
   3801  ffec				  -	      .byte	%01111100	; STOCK
   3802  ffec				  -
   3803  ffec				  -			;byte %00000000 ; STOCK
   3804  ffec				  -
   3805  ffec				  -	      .byte	%00111100	; STOCK
   3806  ffec				  -	      .byte	%01100110	; STOCK
   3807  ffec				  -	      .byte	%01100000	; STOCK
   3808  ffec				  -	      .byte	%01100000	; STOCK
   3809  ffec				  -	      .byte	%01100000	; STOCK
   3810  ffec				  -	      .byte	%01100000	; STOCK
   3811  ffec				  -	      .byte	%01100110	; STOCK
   3812  ffec				  -	      .byte	%00111100	; STOCK
   3813  ffec				  -
   3814  ffec				  -			;byte %00000000 ; STOCK
   3815  ffec				  -
   3816  ffec				  -	      .byte	%01111100	; STOCK
   3817  ffec				  -	      .byte	%01100110	; STOCK
   3818  ffec				  -	      .byte	%01100110	; STOCK
   3819  ffec				  -	      .byte	%01100110	; STOCK
   3820  ffec				  -	      .byte	%01100110	; STOCK
   3821  ffec				  -	      .byte	%01100110	; STOCK
   3822  ffec				  -	      .byte	%01100110	; STOCK
   3823  ffec				  -	      .byte	%01111100	; STOCK
   3824  ffec				  -
   3825  ffec				  -			;byte %00000000 ; STOCK
   3826  ffec				  -
   3827  ffec				  -	      .byte	%01111110	; STOCK
   3828  ffec				  -	      .byte	%01100000	; STOCK
   3829  ffec				  -	      .byte	%01100000	; STOCK
   3830  ffec				  -	      .byte	%01100000	; STOCK
   3831  ffec				  -	      .byte	%01111100	; STOCK
   3832  ffec				  -	      .byte	%01100000	; STOCK
   3833  ffec				  -	      .byte	%01100000	; STOCK
   3834  ffec				  -	      .byte	%01111110	; STOCK
   3835  ffec				  -
   3836  ffec				  -			;byte %00000000 ; STOCK
   3837  ffec				  -
   3838  ffec				  -	      .byte	%01100000	; STOCK
   3839  ffec				  -	      .byte	%01100000	; STOCK
   3840  ffec				  -	      .byte	%01100000	; STOCK
   3841  ffec				  -	      .byte	%01100000	; STOCK
   3842  ffec				  -	      .byte	%01111100	; STOCK
   3843  ffec				  -	      .byte	%01100000	; STOCK
   3844  ffec				  -	      .byte	%01100000	; STOCK
   3845  ffec				  -	      .byte	%01111110	; STOCK
   3846  ffec				  -
   3847  ffec				  -			;byte %00000000 ; STOCK
   3848  ffec				  -			;byte %00000000 ; STOCK
   3849  ffec				  -			;byte %00000000 ; STOCK
   3850  ffec				  -			;byte %00000000 ; STOCK
   3851  ffec				  -
   3852  ffec					      else
   3853  ffec		       00 00	   LENHEX     =	0
   3854  ffec					      endif		; fontcharsHEX
   3855  ffec					      endif		; STOCK
   3856  ffec
   3857  ffec				  -	      if	fontstyle == NEWCENTURY
   3858  ffec				  -LENDEC     =	80
   3859  ffec				  -			;byte %00000000 ; NEWCENTURY
   3860  ffec				  -
   3861  ffec				  -	      .byte	%00111100	; NEWCENTURY
   3862  ffec				  -	      .byte	%01000010	; NEWCENTURY
   3863  ffec				  -	      .byte	%01000010	; NEWCENTURY
   3864  ffec				  -	      .byte	%01000010	; NEWCENTURY
   3865  ffec				  -	      .byte	%00100100	; NEWCENTURY
   3866  ffec				  -	      .byte	%00100100	; NEWCENTURY
   3867  ffec				  -	      .byte	%00100100	; NEWCENTURY
   3868  ffec				  -	      .byte	%00011000	; NEWCENTURY
   3869  ffec				  -
   3870  ffec				  -			;byte %00000000 ; NEWCENTURY
   3871  ffec				  -
   3872  ffec				  -	      .byte	%00001000	; NEWCENTURY
   3873  ffec				  -	      .byte	%00001000	; NEWCENTURY
   3874  ffec				  -	      .byte	%00001000	; NEWCENTURY
   3875  ffec				  -	      .byte	%00001000	; NEWCENTURY
   3876  ffec				  -	      .byte	%00001000	; NEWCENTURY
   3877  ffec				  -	      .byte	%00001000	; NEWCENTURY
   3878  ffec				  -	      .byte	%00001000	; NEWCENTURY
   3879  ffec				  -	      .byte	%00001000	; NEWCENTURY
   3880  ffec				  -
   3881  ffec				  -			;byte %00000000 ; NEWCENTURY
   3882  ffec				  -
   3883  ffec				  -	      .byte	%01111110	; NEWCENTURY
   3884  ffec				  -	      .byte	%01000000	; NEWCENTURY
   3885  ffec				  -	      .byte	%01000000	; NEWCENTURY
   3886  ffec				  -	      .byte	%00100000	; NEWCENTURY
   3887  ffec				  -	      .byte	%00011100	; NEWCENTURY
   3888  ffec				  -	      .byte	%00000010	; NEWCENTURY
   3889  ffec				  -	      .byte	%00000010	; NEWCENTURY
   3890  ffec				  -	      .byte	%00011100	; NEWCENTURY
   3891  ffec				  -
   3892  ffec				  -			;byte %00000000 ; NEWCENTURY
   3893  ffec				  -
   3894  ffec				  -	      .byte	%01111100	; NEWCENTURY
   3895  ffec				  -	      .byte	%00000010	; NEWCENTURY
   3896  ffec				  -	      .byte	%00000010	; NEWCENTURY
   3897  ffec				  -	      .byte	%00000010	; NEWCENTURY
   3898  ffec				  -	      .byte	%00111100	; NEWCENTURY
   3899  ffec				  -	      .byte	%00000010	; NEWCENTURY
   3900  ffec				  -	      .byte	%00000010	; NEWCENTURY
   3901  ffec				  -	      .byte	%00011100	; NEWCENTURY
   3902  ffec				  -
   3903  ffec				  -			;byte %00000000 ; NEWCENTURY
   3904  ffec				  -
   3905  ffec				  -	      .byte	%00000010	; NEWCENTURY
   3906  ffec				  -	      .byte	%00000010	; NEWCENTURY
   3907  ffec				  -	      .byte	%00000010	; NEWCENTURY
   3908  ffec				  -	      .byte	%00111110	; NEWCENTURY
   3909  ffec				  -	      .byte	%00100010	; NEWCENTURY
   3910  ffec				  -	      .byte	%00100010	; NEWCENTURY
   3911  ffec				  -	      .byte	%00010010	; NEWCENTURY
   3912  ffec				  -	      .byte	%00010010	; NEWCENTURY
   3913  ffec				  -
   3914  ffec				  -			;byte %00000000 ; NEWCENTURY
   3915  ffec				  -
   3916  ffec				  -	      .byte	%01111100	; NEWCENTURY
   3917  ffec				  -	      .byte	%00000010	; NEWCENTURY
   3918  ffec				  -	      .byte	%00000010	; NEWCENTURY
   3919  ffec				  -	      .byte	%00000010	; NEWCENTURY
   3920  ffec				  -	      .byte	%01111100	; NEWCENTURY
   3921  ffec				  -	      .byte	%01000000	; NEWCENTURY
   3922  ffec				  -	      .byte	%01000000	; NEWCENTURY
   3923  ffec				  -	      .byte	%01111000	; NEWCENTURY
   3924  ffec				  -
   3925  ffec				  -			;byte %00000000 ; NEWCENTURY
   3926  ffec				  -
   3927  ffec				  -	      .byte	%00111100	; NEWCENTURY
   3928  ffec				  -	      .byte	%01000010	; NEWCENTURY
   3929  ffec				  -	      .byte	%01000010	; NEWCENTURY
   3930  ffec				  -	      .byte	%01000010	; NEWCENTURY
   3931  ffec				  -	      .byte	%01111100	; NEWCENTURY
   3932  ffec				  -	      .byte	%01000000	; NEWCENTURY
   3933  ffec				  -	      .byte	%01000000	; NEWCENTURY
   3934  ffec				  -	      .byte	%00110000	; NEWCENTURY
   3935  ffec				  -
   3936  ffec				  -			;byte %00000000 ; NEWCENTURY
   3937  ffec				  -
   3938  ffec				  -	      .byte	%00010000	; NEWCENTURY
   3939  ffec				  -	      .byte	%00010000	; NEWCENTURY
   3940  ffec				  -	      .byte	%00001000	; NEWCENTURY
   3941  ffec				  -	      .byte	%00001000	; NEWCENTURY
   3942  ffec				  -	      .byte	%00000100	; NEWCENTURY
   3943  ffec				  -	      .byte	%00000100	; NEWCENTURY
   3944  ffec				  -	      .byte	%00000010	; NEWCENTURY
   3945  ffec				  -	      .byte	%00011110	; NEWCENTURY
   3946  ffec				  -
   3947  ffec				  -			;byte %00000000 ; NEWCENTURY
   3948  ffec				  -
   3949  ffec				  -	      .byte	%00111100	; NEWCENTURY
   3950  ffec				  -	      .byte	%01000010	; NEWCENTURY
   3951  ffec				  -	      .byte	%01000010	; NEWCENTURY
   3952  ffec				  -	      .byte	%01000010	; NEWCENTURY
   3953  ffec				  -	      .byte	%00111100	; NEWCENTURY
   3954  ffec				  -	      .byte	%00100100	; NEWCENTURY
   3955  ffec				  -	      .byte	%00100100	; NEWCENTURY
   3956  ffec				  -	      .byte	%00011000	; NEWCENTURY
   3957  ffec				  -
   3958  ffec				  -			;byte %00000000 ; NEWCENTURY
   3959  ffec				  -
   3960  ffec				  -	      .byte	%00111100	; NEWCENTURY
   3961  ffec				  -	      .byte	%00000010	; NEWCENTURY
   3962  ffec				  -	      .byte	%00000010	; NEWCENTURY
   3963  ffec				  -	      .byte	%00000010	; NEWCENTURY
   3964  ffec				  -	      .byte	%00001110	; NEWCENTURY
   3965  ffec				  -	      .byte	%00010010	; NEWCENTURY
   3966  ffec				  -	      .byte	%00010010	; NEWCENTURY
   3967  ffec				  -	      .byte	%00001100	; NEWCENTURY
   3968  ffec				  -
   3969  ffec				  -	      ifconst	fontcharsHEX
   3970  ffec				  -LENHEX     =	48
   3971  ffec				  -
   3972  ffec				  -			;byte %00000000 ; NEWCENTURY
   3973  ffec				  -
   3974  ffec				  -	      .byte	%01000010	; NEWCENTURY
   3975  ffec				  -	      .byte	%01000010	; NEWCENTURY
   3976  ffec				  -	      .byte	%01000010	; NEWCENTURY
   3977  ffec				  -	      .byte	%01000010	; NEWCENTURY
   3978  ffec				  -	      .byte	%01111100	; NEWCENTURY
   3979  ffec				  -	      .byte	%01000100	; NEWCENTURY
   3980  ffec				  -	      .byte	%01000100	; NEWCENTURY
   3981  ffec				  -	      .byte	%00111000	; NEWCENTURY
   3982  ffec				  -
   3983  ffec				  -			;byte %00000000 ; NEWCENTURY
   3984  ffec				  -
   3985  ffec				  -	      .byte	%01111100	; NEWCENTURY
   3986  ffec				  -	      .byte	%01000010	; NEWCENTURY
   3987  ffec				  -	      .byte	%01000010	; NEWCENTURY
   3988  ffec				  -	      .byte	%01000010	; NEWCENTURY
   3989  ffec				  -	      .byte	%01111100	; NEWCENTURY
   3990  ffec				  -	      .byte	%01000100	; NEWCENTURY
   3991  ffec				  -	      .byte	%01000100	; NEWCENTURY
   3992  ffec				  -	      .byte	%01111000	; NEWCENTURY
   3993  ffec				  -
   3994  ffec				  -			;byte %00000000 ; NEWCENTURY
   3995  ffec				  -
   3996  ffec				  -	      .byte	%00111100	; NEWCENTURY
   3997  ffec				  -	      .byte	%01000010	; NEWCENTURY
   3998  ffec				  -	      .byte	%01000000	; NEWCENTURY
   3999  ffec				  -	      .byte	%01000000	; NEWCENTURY
   4000  ffec				  -	      .byte	%01000000	; NEWCENTURY
   4001  ffec				  -	      .byte	%01000000	; NEWCENTURY
   4002  ffec				  -	      .byte	%01000000	; NEWCENTURY
   4003  ffec				  -	      .byte	%00111000	; NEWCENTURY
   4004  ffec				  -
   4005  ffec				  -			;byte %00000000 ; NEWCENTURY
   4006  ffec				  -
   4007  ffec				  -	      .byte	%01111100	; NEWCENTURY
   4008  ffec				  -	      .byte	%01000010	; NEWCENTURY
   4009  ffec				  -	      .byte	%01000010	; NEWCENTURY
   4010  ffec				  -	      .byte	%01000010	; NEWCENTURY
   4011  ffec				  -	      .byte	%01000010	; NEWCENTURY
   4012  ffec				  -	      .byte	%01000100	; NEWCENTURY
   4013  ffec				  -	      .byte	%01000100	; NEWCENTURY
   4014  ffec				  -	      .byte	%01111000	; NEWCENTURY
   4015  ffec				  -
   4016  ffec				  -			;byte %00000000 ; NEWCENTURY
   4017  ffec				  -
   4018  ffec				  -	      .byte	%01111110	; NEWCENTURY
   4019  ffec				  -	      .byte	%01000000	; NEWCENTURY
   4020  ffec				  -	      .byte	%01000000	; NEWCENTURY
   4021  ffec				  -	      .byte	%01000000	; NEWCENTURY
   4022  ffec				  -	      .byte	%01111100	; NEWCENTURY
   4023  ffec				  -	      .byte	%01000000	; NEWCENTURY
   4024  ffec				  -	      .byte	%01000000	; NEWCENTURY
   4025  ffec				  -	      .byte	%01111000	; NEWCENTURY
   4026  ffec				  -
   4027  ffec				  -			;byte %00000000 ; NEWCENTURY
   4028  ffec				  -
   4029  ffec				  -	      .byte	%01000000	; NEWCENTURY
   4030  ffec				  -	      .byte	%01000000	; NEWCENTURY
   4031  ffec				  -	      .byte	%01000000	; NEWCENTURY
   4032  ffec				  -	      .byte	%01000000	; NEWCENTURY
   4033  ffec				  -	      .byte	%01111100	; NEWCENTURY
   4034  ffec				  -	      .byte	%01000000	; NEWCENTURY
   4035  ffec				  -	      .byte	%01000000	; NEWCENTURY
   4036  ffec				  -	      .byte	%01111000	; NEWCENTURY
   4037  ffec				  -
   4038  ffec				  -			;byte %00000000 ; NEWCENTURY
   4039  ffec				  -			;byte %00000000 ; NEWCENTURY
   4040  ffec				  -			;byte %00000000 ; NEWCENTURY
   4041  ffec				  -			;byte %00000000 ; NEWCENTURY
   4042  ffec				  -
   4043  ffec				  -	      else
   4044  ffec				  -LENHEX     =	0
   4045  ffec				  -	      endif		; fontcharsHEX
   4046  ffec					      endif		; NEWCENTURY
   4047  ffec
   4048  ffec				  -	      if	fontstyle == WHIMSEY
   4049  ffec				  -LENDEC     =	80
   4050  ffec				  -			;byte %00000000 ; WHIMSEY
   4051  ffec				  -
   4052  ffec				  -	      .byte	%00111100	; WHIMSEY
   4053  ffec				  -	      .byte	%01111110	; WHIMSEY
   4054  ffec				  -	      .byte	%01111110	; WHIMSEY
   4055  ffec				  -	      .byte	%01111110	; WHIMSEY
   4056  ffec				  -	      .byte	%01110110	; WHIMSEY
   4057  ffec				  -	      .byte	%01110110	; WHIMSEY
   4058  ffec				  -	      .byte	%01110110	; WHIMSEY
   4059  ffec				  -	      .byte	%00111100	; WHIMSEY
   4060  ffec				  -
   4061  ffec				  -			;byte %00000000 ; WHIMSEY
   4062  ffec				  -
   4063  ffec				  -	      .byte	%01111110	; WHIMSEY
   4064  ffec				  -	      .byte	%01111110	; WHIMSEY
   4065  ffec				  -	      .byte	%01111110	; WHIMSEY
   4066  ffec				  -	      .byte	%00011000	; WHIMSEY
   4067  ffec				  -	      .byte	%00011000	; WHIMSEY
   4068  ffec				  -	      .byte	%00011000	; WHIMSEY
   4069  ffec				  -	      .byte	%01111000	; WHIMSEY
   4070  ffec				  -	      .byte	%00011000	; WHIMSEY
   4071  ffec				  -
   4072  ffec				  -			;byte %00000000 ; WHIMSEY
   4073  ffec				  -
   4074  ffec				  -	      .byte	%01111110	; WHIMSEY
   4075  ffec				  -	      .byte	%01111110	; WHIMSEY
   4076  ffec				  -	      .byte	%01111110	; WHIMSEY
   4077  ffec				  -	      .byte	%01111000	; WHIMSEY
   4078  ffec				  -	      .byte	%00111100	; WHIMSEY
   4079  ffec				  -	      .byte	%00001110	; WHIMSEY
   4080  ffec				  -	      .byte	%01100110	; WHIMSEY
   4081  ffec				  -	      .byte	%00111100	; WHIMSEY
   4082  ffec				  -
   4083  ffec				  -			;byte %00000000 ; WHIMSEY
   4084  ffec				  -
   4085  ffec				  -	      .byte	%00111100	; WHIMSEY
   4086  ffec				  -	      .byte	%01111110	; WHIMSEY
   4087  ffec				  -	      .byte	%01111110	; WHIMSEY
   4088  ffec				  -	      .byte	%01101110	; WHIMSEY
   4089  ffec				  -	      .byte	%00001110	; WHIMSEY
   4090  ffec				  -	      .byte	%00111100	; WHIMSEY
   4091  ffec				  -	      .byte	%00011100	; WHIMSEY
   4092  ffec				  -	      .byte	%01111110	; WHIMSEY
   4093  ffec				  -
   4094  ffec				  -			;byte %00000000 ; WHIMSEY
   4095  ffec				  -
   4096  ffec				  -	      .byte	%00011100	; WHIMSEY
   4097  ffec				  -	      .byte	%00011100	; WHIMSEY
   4098  ffec				  -	      .byte	%01111110	; WHIMSEY
   4099  ffec				  -	      .byte	%01011100	; WHIMSEY
   4100  ffec				  -	      .byte	%01011100	; WHIMSEY
   4101  ffec				  -	      .byte	%00011100	; WHIMSEY
   4102  ffec				  -	      .byte	%00011100	; WHIMSEY
   4103  ffec				  -	      .byte	%00011100	; WHIMSEY
   4104  ffec				  -
   4105  ffec				  -			;byte %00000000 ; WHIMSEY
   4106  ffec				  -
   4107  ffec				  -	      .byte	%00111100	; WHIMSEY
   4108  ffec				  -	      .byte	%01111110	; WHIMSEY
   4109  ffec				  -	      .byte	%01111110	; WHIMSEY
   4110  ffec				  -	      .byte	%01101110	; WHIMSEY
   4111  ffec				  -	      .byte	%00001110	; WHIMSEY
   4112  ffec				  -	      .byte	%01111100	; WHIMSEY
   4113  ffec				  -	      .byte	%01110000	; WHIMSEY
   4114  ffec				  -	      .byte	%01111110	; WHIMSEY
   4115  ffec				  -
   4116  ffec				  -			;byte %00000000 ; WHIMSEY
   4117  ffec				  -
   4118  ffec				  -	      .byte	%00111100	; WHIMSEY
   4119  ffec				  -	      .byte	%01111110	; WHIMSEY
   4120  ffec				  -	      .byte	%01111110	; WHIMSEY
   4121  ffec				  -	      .byte	%01110110	; WHIMSEY
   4122  ffec				  -	      .byte	%01110110	; WHIMSEY
   4123  ffec				  -	      .byte	%01111100	; WHIMSEY
   4124  ffec				  -	      .byte	%01110000	; WHIMSEY
   4125  ffec				  -	      .byte	%00111110	; WHIMSEY
   4126  ffec				  -
   4127  ffec				  -			;byte %00000000 ; WHIMSEY
   4128  ffec				  -
   4129  ffec				  -	      .byte	%01111000	; WHIMSEY
   4130  ffec				  -	      .byte	%01111000	; WHIMSEY
   4131  ffec				  -	      .byte	%01111000	; WHIMSEY
   4132  ffec				  -	      .byte	%00111100	; WHIMSEY
   4133  ffec				  -	      .byte	%00011100	; WHIMSEY
   4134  ffec				  -	      .byte	%00001110	; WHIMSEY
   4135  ffec				  -	      .byte	%00001110	; WHIMSEY
   4136  ffec				  -	      .byte	%01111110	; WHIMSEY
   4137  ffec				  -
   4138  ffec				  -			;byte %00000000 ; WHIMSEY
   4139  ffec				  -
   4140  ffec				  -	      .byte	%00111100	; WHIMSEY
   4141  ffec				  -	      .byte	%01111110	; WHIMSEY
   4142  ffec				  -	      .byte	%01111110	; WHIMSEY
   4143  ffec				  -	      .byte	%01110110	; WHIMSEY
   4144  ffec				  -	      .byte	%01110110	; WHIMSEY
   4145  ffec				  -	      .byte	%00111100	; WHIMSEY
   4146  ffec				  -	      .byte	%01110110	; WHIMSEY
   4147  ffec				  -	      .byte	%00111100	; WHIMSEY
   4148  ffec				  -
   4149  ffec				  -			;byte %00000000 ; WHIMSEY
   4150  ffec				  -
   4151  ffec				  -	      .byte	%00111100	; WHIMSEY
   4152  ffec				  -	      .byte	%01111110	; WHIMSEY
   4153  ffec				  -	      .byte	%01111110	; WHIMSEY
   4154  ffec				  -	      .byte	%01110110	; WHIMSEY
   4155  ffec				  -	      .byte	%00000110	; WHIMSEY
   4156  ffec				  -	      .byte	%00111110	; WHIMSEY
   4157  ffec				  -	      .byte	%01110110	; WHIMSEY
   4158  ffec				  -	      .byte	%00111100	; WHIMSEY
   4159  ffec				  -
   4160  ffec				  -	      ifconst	fontcharsHEX
   4161  ffec				  -LENHEX     =	48
   4162  ffec				  -
   4163  ffec				  -			;byte %00000000 ; WHIMSEY
   4164  ffec				  -
   4165  ffec				  -	      .byte	%01110110	; WHIMSEY
   4166  ffec				  -	      .byte	%01110110	; WHIMSEY
   4167  ffec				  -	      .byte	%01111110	; WHIMSEY
   4168  ffec				  -	      .byte	%01111110	; WHIMSEY
   4169  ffec				  -	      .byte	%01111110	; WHIMSEY
   4170  ffec				  -	      .byte	%01110110	; WHIMSEY
   4171  ffec				  -	      .byte	%01110110	; WHIMSEY
   4172  ffec				  -	      .byte	%00111100	; WHIMSEY
   4173  ffec				  -
   4174  ffec				  -			;byte %00000000 ; WHIMSEY
   4175  ffec				  -
   4176  ffec				  -	      .byte	%01111100	; WHIMSEY
   4177  ffec				  -	      .byte	%01111110	; WHIMSEY
   4178  ffec				  -	      .byte	%01111110	; WHIMSEY
   4179  ffec				  -	      .byte	%01110110	; WHIMSEY
   4180  ffec				  -	      .byte	%01110110	; WHIMSEY
   4181  ffec				  -	      .byte	%01111100	; WHIMSEY
   4182  ffec				  -	      .byte	%01110110	; WHIMSEY
   4183  ffec				  -	      .byte	%01111100	; WHIMSEY
   4184  ffec				  -
   4185  ffec				  -			;byte %00000000 ; WHIMSEY
   4186  ffec				  -
   4187  ffec				  -	      .byte	%00111100	; WHIMSEY
   4188  ffec				  -	      .byte	%01111110	; WHIMSEY
   4189  ffec				  -	      .byte	%01111110	; WHIMSEY
   4190  ffec				  -	      .byte	%01110110	; WHIMSEY
   4191  ffec				  -	      .byte	%01110000	; WHIMSEY
   4192  ffec				  -	      .byte	%01110000	; WHIMSEY
   4193  ffec				  -	      .byte	%01110110	; WHIMSEY
   4194  ffec				  -	      .byte	%00111100	; WHIMSEY
   4195  ffec				  -
   4196  ffec				  -			;byte %00000000 ; WHIMSEY
   4197  ffec				  -
   4198  ffec				  -	      .byte	%01111100	; WHIMSEY
   4199  ffec				  -	      .byte	%01111110	; WHIMSEY
   4200  ffec				  -	      .byte	%01111110	; WHIMSEY
   4201  ffec				  -	      .byte	%01111110	; WHIMSEY
   4202  ffec				  -	      .byte	%01110110	; WHIMSEY
   4203  ffec				  -	      .byte	%01110110	; WHIMSEY
   4204  ffec				  -	      .byte	%01110110	; WHIMSEY
   4205  ffec				  -	      .byte	%01111100	; WHIMSEY
   4206  ffec				  -
   4207  ffec				  -			;byte %00000000 ; WHIMSEY
   4208  ffec				  -
   4209  ffec				  -	      .byte	%01111110	; WHIMSEY
   4210  ffec				  -	      .byte	%01111110	; WHIMSEY
   4211  ffec				  -	      .byte	%01111110	; WHIMSEY
   4212  ffec				  -	      .byte	%01110000	; WHIMSEY
   4213  ffec				  -	      .byte	%01110000	; WHIMSEY
   4214  ffec				  -	      .byte	%01111100	; WHIMSEY
   4215  ffec				  -	      .byte	%01110000	; WHIMSEY
   4216  ffec				  -	      .byte	%01111100	; WHIMSEY
   4217  ffec				  -
   4218  ffec				  -			;byte %00000000 ; WHIMSEY
   4219  ffec				  -
   4220  ffec				  -	      .byte	%01110000	; WHIMSEY
   4221  ffec				  -	      .byte	%01110000	; WHIMSEY
   4222  ffec				  -	      .byte	%01110000	; WHIMSEY
   4223  ffec				  -	      .byte	%01110000	; WHIMSEY
   4224  ffec				  -	      .byte	%01110000	; WHIMSEY
   4225  ffec				  -	      .byte	%01111100	; WHIMSEY
   4226  ffec				  -	      .byte	%01110000	; WHIMSEY
   4227  ffec				  -	      .byte	%01111100	; WHIMSEY
   4228  ffec				  -
   4229  ffec				  -			;byte %00000000 ; WHIMSEY
   4230  ffec				  -			;byte %00000000 ; WHIMSEY
   4231  ffec				  -			;byte %00000000 ; WHIMSEY
   4232  ffec				  -			;byte %00000000 ; WHIMSEY
   4233  ffec				  -
   4234  ffec				  -	      else
   4235  ffec				  -LENHEX     =	0
   4236  ffec				  -	      endif		; fontcharsHEX
   4237  ffec				  -
   4238  ffec					      endif		; WHIMSEY
   4239  ffec
   4240  ffec				  -	      if	fontstyle == ALARMCLOCK
   4241  ffec				  -LENDEC     =	80
   4242  ffec				  -
   4243  ffec				  -			;byte %00000000 ; ALARMCLOCK
   4244  ffec				  -
   4245  ffec				  -	      .byte	%00111100	; ALARMCLOCK
   4246  ffec				  -	      .byte	%01000010	; ALARMCLOCK
   4247  ffec				  -	      .byte	%01000010	; ALARMCLOCK
   4248  ffec				  -	      .byte	%01000010	; ALARMCLOCK
   4249  ffec				  -	      .byte	%00000000	; ALARMCLOCK
   4250  ffec				  -	      .byte	%01000010	; ALARMCLOCK
   4251  ffec				  -	      .byte	%01000010	; ALARMCLOCK
   4252  ffec				  -	      .byte	%00111100	; ALARMCLOCK
   4253  ffec				  -
   4254  ffec				  -			;byte %00000000 ; ALARMCLOCK
   4255  ffec				  -
   4256  ffec				  -	      .byte	%00000000	; ALARMCLOCK
   4257  ffec				  -	      .byte	%00000010	; ALARMCLOCK
   4258  ffec				  -	      .byte	%00000010	; ALARMCLOCK
   4259  ffec				  -	      .byte	%00000010	; ALARMCLOCK
   4260  ffec				  -	      .byte	%00000000	; ALARMCLOCK
   4261  ffec				  -	      .byte	%00000010	; ALARMCLOCK
   4262  ffec				  -	      .byte	%00000010	; ALARMCLOCK
   4263  ffec				  -	      .byte	%00000000	; ALARMCLOCK
   4264  ffec				  -
   4265  ffec				  -			;byte %00000000 ; ALARMCLOCK
   4266  ffec				  -
   4267  ffec				  -	      .byte	%00111100	; ALARMCLOCK
   4268  ffec				  -	      .byte	%01000000	; ALARMCLOCK
   4269  ffec				  -	      .byte	%01000000	; ALARMCLOCK
   4270  ffec				  -	      .byte	%01000000	; ALARMCLOCK
   4271  ffec				  -	      .byte	%00111100	; ALARMCLOCK
   4272  ffec				  -	      .byte	%00000010	; ALARMCLOCK
   4273  ffec				  -	      .byte	%00000010	; ALARMCLOCK
   4274  ffec				  -	      .byte	%00111100	; ALARMCLOCK
   4275  ffec				  -
   4276  ffec				  -			;byte %00000000 ; ALARMCLOCK
   4277  ffec				  -
   4278  ffec				  -	      .byte	%00111100	; ALARMCLOCK
   4279  ffec				  -	      .byte	%00000010	; ALARMCLOCK
   4280  ffec				  -	      .byte	%00000010	; ALARMCLOCK
   4281  ffec				  -	      .byte	%00000010	; ALARMCLOCK
   4282  ffec				  -	      .byte	%00111100	; ALARMCLOCK
   4283  ffec				  -	      .byte	%00000010	; ALARMCLOCK
   4284  ffec				  -	      .byte	%00000010	; ALARMCLOCK
   4285  ffec				  -	      .byte	%00111100	; ALARMCLOCK
   4286  ffec				  -
   4287  ffec				  -			;byte %00000000 ; ALARMCLOCK
   4288  ffec				  -
   4289  ffec				  -	      .byte	%00000000	; ALARMCLOCK
   4290  ffec				  -	      .byte	%00000010	; ALARMCLOCK
   4291  ffec				  -	      .byte	%00000010	; ALARMCLOCK
   4292  ffec				  -	      .byte	%00000010	; ALARMCLOCK
   4293  ffec				  -	      .byte	%00111100	; ALARMCLOCK
   4294  ffec				  -	      .byte	%01000010	; ALARMCLOCK
   4295  ffec				  -	      .byte	%01000010	; ALARMCLOCK
   4296  ffec				  -	      .byte	%00000000	; ALARMCLOCK
   4297  ffec				  -
   4298  ffec				  -			;byte %00000000 ; ALARMCLOCK
   4299  ffec				  -
   4300  ffec				  -	      .byte	%00111100	; ALARMCLOCK
   4301  ffec				  -	      .byte	%00000010	; ALARMCLOCK
   4302  ffec				  -	      .byte	%00000010	; ALARMCLOCK
   4303  ffec				  -	      .byte	%00000010	; ALARMCLOCK
   4304  ffec				  -	      .byte	%00111100	; ALARMCLOCK
   4305  ffec				  -	      .byte	%01000000	; ALARMCLOCK
   4306  ffec				  -	      .byte	%01000000	; ALARMCLOCK
   4307  ffec				  -	      .byte	%00111100	; ALARMCLOCK
   4308  ffec				  -
   4309  ffec				  -			;byte %00000000 ; ALARMCLOCK
   4310  ffec				  -
   4311  ffec				  -	      .byte	%00111100	; ALARMCLOCK
   4312  ffec				  -	      .byte	%01000010	; ALARMCLOCK
   4313  ffec				  -	      .byte	%01000010	; ALARMCLOCK
   4314  ffec				  -	      .byte	%01000010	; ALARMCLOCK
   4315  ffec				  -	      .byte	%00111100	; ALARMCLOCK
   4316  ffec				  -	      .byte	%01000000	; ALARMCLOCK
   4317  ffec				  -	      .byte	%01000000	; ALARMCLOCK
   4318  ffec				  -	      .byte	%00111100	; ALARMCLOCK
   4319  ffec				  -
   4320  ffec				  -			;byte %00000000 ; ALARMCLOCK
   4321  ffec				  -
   4322  ffec				  -	      .byte	%00000000	; ALARMCLOCK
   4323  ffec				  -	      .byte	%00000010	; ALARMCLOCK
   4324  ffec				  -	      .byte	%00000010	; ALARMCLOCK
   4325  ffec				  -	      .byte	%00000010	; ALARMCLOCK
   4326  ffec				  -	      .byte	%00000000	; ALARMCLOCK
   4327  ffec				  -	      .byte	%00000010	; ALARMCLOCK
   4328  ffec				  -	      .byte	%00000010	; ALARMCLOCK
   4329  ffec				  -	      .byte	%00111100	; ALARMCLOCK
   4330  ffec				  -
   4331  ffec				  -			;byte %00000000 ; ALARMCLOCK
   4332  ffec				  -
   4333  ffec				  -	      .byte	%00111100	; ALARMCLOCK
   4334  ffec				  -	      .byte	%01000010	; ALARMCLOCK
   4335  ffec				  -	      .byte	%01000010	; ALARMCLOCK
   4336  ffec				  -	      .byte	%01000010	; ALARMCLOCK
   4337  ffec				  -	      .byte	%00111100	; ALARMCLOCK
   4338  ffec				  -	      .byte	%01000010	; ALARMCLOCK
   4339  ffec				  -	      .byte	%01000010	; ALARMCLOCK
   4340  ffec				  -	      .byte	%00111100	; ALARMCLOCK
   4341  ffec				  -
   4342  ffec				  -			;byte %00000000 ; ALARMCLOCK
   4343  ffec				  -
   4344  ffec				  -	      .byte	%00111100	; ALARMCLOCK
   4345  ffec				  -	      .byte	%00000010	; ALARMCLOCK
   4346  ffec				  -	      .byte	%00000010	; ALARMCLOCK
   4347  ffec				  -	      .byte	%00000010	; ALARMCLOCK
   4348  ffec				  -	      .byte	%00111100	; ALARMCLOCK
   4349  ffec				  -	      .byte	%01000010	; ALARMCLOCK
   4350  ffec				  -	      .byte	%01000010	; ALARMCLOCK
   4351  ffec				  -	      .byte	%00111100	; ALARMCLOCK
   4352  ffec				  -
   4353  ffec				  -
   4354  ffec				  -	      ifconst	fontcharsHEX
   4355  ffec				  -LENHEX     =	48
   4356  ffec				  -			;byte %00000000 ; ALARMCLOCK
   4357  ffec				  -
   4358  ffec				  -
   4359  ffec				  -	      .byte	%00000000	; ALARMCLOCK
   4360  ffec				  -	      .byte	%01000010	; ALARMCLOCK
   4361  ffec				  -	      .byte	%01000010	; ALARMCLOCK
   4362  ffec				  -	      .byte	%01000010	; ALARMCLOCK
   4363  ffec				  -	      .byte	%00111100	; ALARMCLOCK
   4364  ffec				  -	      .byte	%01000010	; ALARMCLOCK
   4365  ffec				  -	      .byte	%01000010	; ALARMCLOCK
   4366  ffec				  -	      .byte	%00111100	; ALARMCLOCK
   4367  ffec				  -
   4368  ffec				  -			;byte %00000000 ; ALARMCLOCK
   4369  ffec				  -
   4370  ffec				  -	      .byte	%00111100	; ALARMCLOCK
   4371  ffec				  -	      .byte	%01000010	; ALARMCLOCK
   4372  ffec				  -	      .byte	%01000010	; ALARMCLOCK
   4373  ffec				  -	      .byte	%01000010	; ALARMCLOCK
   4374  ffec				  -	      .byte	%00111100	; ALARMCLOCK
   4375  ffec				  -	      .byte	%01000000	; ALARMCLOCK
   4376  ffec				  -	      .byte	%01000000	; ALARMCLOCK
   4377  ffec				  -	      .byte	%00000000	; ALARMCLOCK
   4378  ffec				  -
   4379  ffec				  -			;byte %00000000 ; ALARMCLOCK
   4380  ffec				  -
   4381  ffec				  -	      .byte	%00111100	; ALARMCLOCK
   4382  ffec				  -	      .byte	%01000000	; ALARMCLOCK
   4383  ffec				  -	      .byte	%01000000	; ALARMCLOCK
   4384  ffec				  -	      .byte	%01000000	; ALARMCLOCK
   4385  ffec				  -	      .byte	%00000000	; ALARMCLOCK
   4386  ffec				  -	      .byte	%01000000	; ALARMCLOCK
   4387  ffec				  -	      .byte	%01000000	; ALARMCLOCK
   4388  ffec				  -	      .byte	%00111100	; ALARMCLOCK
   4389  ffec				  -
   4390  ffec				  -			;byte %00000000 ; ALARMCLOCK
   4391  ffec				  -
   4392  ffec				  -	      .byte	%00111100	; ALARMCLOCK
   4393  ffec				  -	      .byte	%01000010	; ALARMCLOCK
   4394  ffec				  -	      .byte	%01000010	; ALARMCLOCK
   4395  ffec				  -	      .byte	%01000010	; ALARMCLOCK
   4396  ffec				  -	      .byte	%00111100	; ALARMCLOCK
   4397  ffec				  -	      .byte	%00000010	; ALARMCLOCK
   4398  ffec				  -	      .byte	%00000010	; ALARMCLOCK
   4399  ffec				  -	      .byte	%00000000	; ALARMCLOCK
   4400  ffec				  -
   4401  ffec				  -			;byte %00000000 ; ALARMCLOCK
   4402  ffec				  -
   4403  ffec				  -	      .byte	%00111100	; ALARMCLOCK
   4404  ffec				  -	      .byte	%01000000	; ALARMCLOCK
   4405  ffec				  -	      .byte	%01000000	; ALARMCLOCK
   4406  ffec				  -	      .byte	%01000000	; ALARMCLOCK
   4407  ffec				  -	      .byte	%00111100	; ALARMCLOCK
   4408  ffec				  -	      .byte	%01000000	; ALARMCLOCK
   4409  ffec				  -	      .byte	%01000000	; ALARMCLOCK
   4410  ffec				  -	      .byte	%00111100	; ALARMCLOCK
   4411  ffec				  -
   4412  ffec				  -			;byte %00000000 ; ALARMCLOCK
   4413  ffec				  -
   4414  ffec				  -	      .byte	%00000000	; ALARMCLOCK
   4415  ffec				  -	      .byte	%01000000	; ALARMCLOCK
   4416  ffec				  -	      .byte	%01000000	; ALARMCLOCK
   4417  ffec				  -	      .byte	%01000000	; ALARMCLOCK
   4418  ffec				  -	      .byte	%00111100	; ALARMCLOCK
   4419  ffec				  -	      .byte	%01000000	; ALARMCLOCK
   4420  ffec				  -	      .byte	%01000000	; ALARMCLOCK
   4421  ffec				  -	      .byte	%00111100	; ALARMCLOCK
   4422  ffec				  -
   4423  ffec				  -			;byte %00000000 ; ALARMCLOCK
   4424  ffec				  -			;byte %00000000 ; ALARMCLOCK
   4425  ffec				  -			;byte %00000000 ; ALARMCLOCK
   4426  ffec				  -			;byte %00000000 ; ALARMCLOCK
   4427  ffec				  -
   4428  ffec				  -	      else
   4429  ffec				  -LENHEX     =	0
   4430  ffec				  -	      endif		; fontcharsHEX
   4431  ffec					      endif		; ALARMCLOCK
   4432  ffec
   4433  ffec				  -	      if	fontstyle == HANDWRITTEN
   4434  ffec				  -LENDEC     =	80
   4435  ffec				  -
   4436  ffec				  -			;byte %00000000 ; HANDWRITTEN
   4437  ffec				  -
   4438  ffec				  -	      .byte	%00110000	; HANDWRITTEN
   4439  ffec				  -	      .byte	%01001000	; HANDWRITTEN
   4440  ffec				  -	      .byte	%01001000	; HANDWRITTEN
   4441  ffec				  -	      .byte	%01001000	; HANDWRITTEN
   4442  ffec				  -	      .byte	%00100100	; HANDWRITTEN
   4443  ffec				  -	      .byte	%00100100	; HANDWRITTEN
   4444  ffec				  -	      .byte	%00010010	; HANDWRITTEN
   4445  ffec				  -	      .byte	%00001100	; HANDWRITTEN
   4446  ffec				  -
   4447  ffec				  -			;byte %00000000 ; HANDWRITTEN
   4448  ffec				  -
   4449  ffec				  -	      .byte	%00010000	; HANDWRITTEN
   4450  ffec				  -	      .byte	%00010000	; HANDWRITTEN
   4451  ffec				  -	      .byte	%00010000	; HANDWRITTEN
   4452  ffec				  -	      .byte	%00001000	; HANDWRITTEN
   4453  ffec				  -	      .byte	%00001000	; HANDWRITTEN
   4454  ffec				  -	      .byte	%00001000	; HANDWRITTEN
   4455  ffec				  -	      .byte	%00000100	; HANDWRITTEN
   4456  ffec				  -	      .byte	%00000100	; HANDWRITTEN
   4457  ffec				  -
   4458  ffec				  -			;byte %00000000 ; HANDWRITTEN
   4459  ffec				  -
   4460  ffec				  -	      .byte	%01110000	; HANDWRITTEN
   4461  ffec				  -	      .byte	%01001100	; HANDWRITTEN
   4462  ffec				  -	      .byte	%01000000	; HANDWRITTEN
   4463  ffec				  -	      .byte	%00100000	; HANDWRITTEN
   4464  ffec				  -	      .byte	%00011000	; HANDWRITTEN
   4465  ffec				  -	      .byte	%00000100	; HANDWRITTEN
   4466  ffec				  -	      .byte	%00100010	; HANDWRITTEN
   4467  ffec				  -	      .byte	%00011100	; HANDWRITTEN
   4468  ffec				  -
   4469  ffec				  -			;byte %00000000 ; HANDWRITTEN
   4470  ffec				  -
   4471  ffec				  -	      .byte	%00110000	; HANDWRITTEN
   4472  ffec				  -	      .byte	%01001000	; HANDWRITTEN
   4473  ffec				  -	      .byte	%00000100	; HANDWRITTEN
   4474  ffec				  -	      .byte	%00000100	; HANDWRITTEN
   4475  ffec				  -	      .byte	%00011000	; HANDWRITTEN
   4476  ffec				  -	      .byte	%00000100	; HANDWRITTEN
   4477  ffec				  -	      .byte	%00100010	; HANDWRITTEN
   4478  ffec				  -	      .byte	%00011100	; HANDWRITTEN
   4479  ffec				  -
   4480  ffec				  -			;byte %00000000 ; HANDWRITTEN
   4481  ffec				  -
   4482  ffec				  -	      .byte	%00010000	; HANDWRITTEN
   4483  ffec				  -	      .byte	%00010000	; HANDWRITTEN
   4484  ffec				  -	      .byte	%00001000	; HANDWRITTEN
   4485  ffec				  -	      .byte	%01111000	; HANDWRITTEN
   4486  ffec				  -	      .byte	%01000100	; HANDWRITTEN
   4487  ffec				  -	      .byte	%00100100	; HANDWRITTEN
   4488  ffec				  -	      .byte	%00010010	; HANDWRITTEN
   4489  ffec				  -	      .byte	%00000010	; HANDWRITTEN
   4490  ffec				  -
   4491  ffec				  -			;byte %00000000 ; HANDWRITTEN
   4492  ffec				  -
   4493  ffec				  -	      .byte	%00110000	; HANDWRITTEN
   4494  ffec				  -	      .byte	%01001000	; HANDWRITTEN
   4495  ffec				  -	      .byte	%00000100	; HANDWRITTEN
   4496  ffec				  -	      .byte	%00000100	; HANDWRITTEN
   4497  ffec				  -	      .byte	%00011000	; HANDWRITTEN
   4498  ffec				  -	      .byte	%00100000	; HANDWRITTEN
   4499  ffec				  -	      .byte	%00010010	; HANDWRITTEN
   4500  ffec				  -	      .byte	%00001100	; HANDWRITTEN
   4501  ffec				  -
   4502  ffec				  -			;byte %00000000 ; HANDWRITTEN
   4503  ffec				  -
   4504  ffec				  -	      .byte	%00010000	; HANDWRITTEN
   4505  ffec				  -	      .byte	%00101000	; HANDWRITTEN
   4506  ffec				  -	      .byte	%00100100	; HANDWRITTEN
   4507  ffec				  -	      .byte	%00100100	; HANDWRITTEN
   4508  ffec				  -	      .byte	%00011000	; HANDWRITTEN
   4509  ffec				  -	      .byte	%00010000	; HANDWRITTEN
   4510  ffec				  -	      .byte	%00001000	; HANDWRITTEN
   4511  ffec				  -	      .byte	%00000110	; HANDWRITTEN
   4512  ffec				  -
   4513  ffec				  -			;byte %00000000 ; HANDWRITTEN
   4514  ffec				  -
   4515  ffec				  -	      .byte	%00010000	; HANDWRITTEN
   4516  ffec				  -	      .byte	%00010000	; HANDWRITTEN
   4517  ffec				  -	      .byte	%00010000	; HANDWRITTEN
   4518  ffec				  -	      .byte	%00001000	; HANDWRITTEN
   4519  ffec				  -	      .byte	%00000100	; HANDWRITTEN
   4520  ffec				  -	      .byte	%00000100	; HANDWRITTEN
   4521  ffec				  -	      .byte	%00110010	; HANDWRITTEN
   4522  ffec				  -	      .byte	%00001110	; HANDWRITTEN
   4523  ffec				  -
   4524  ffec				  -			;byte %00000000 ; HANDWRITTEN
   4525  ffec				  -
   4526  ffec				  -	      .byte	%00110000	; HANDWRITTEN
   4527  ffec				  -	      .byte	%01001000	; HANDWRITTEN
   4528  ffec				  -	      .byte	%01000100	; HANDWRITTEN
   4529  ffec				  -	      .byte	%00100100	; HANDWRITTEN
   4530  ffec				  -	      .byte	%00011100	; HANDWRITTEN
   4531  ffec				  -	      .byte	%00010010	; HANDWRITTEN
   4532  ffec				  -	      .byte	%00001010	; HANDWRITTEN
   4533  ffec				  -	      .byte	%00000110	; HANDWRITTEN
   4534  ffec				  -
   4535  ffec				  -			;byte %00000000 ; HANDWRITTEN
   4536  ffec				  -
   4537  ffec				  -	      .byte	%00010000	; HANDWRITTEN
   4538  ffec				  -	      .byte	%00010000	; HANDWRITTEN
   4539  ffec				  -	      .byte	%00001000	; HANDWRITTEN
   4540  ffec				  -	      .byte	%00001000	; HANDWRITTEN
   4541  ffec				  -	      .byte	%00011100	; HANDWRITTEN
   4542  ffec				  -	      .byte	%00100100	; HANDWRITTEN
   4543  ffec				  -	      .byte	%00010010	; HANDWRITTEN
   4544  ffec				  -	      .byte	%00001100	; HANDWRITTEN
   4545  ffec				  -
   4546  ffec				  -	      ifconst	fontcharsHEX
   4547  ffec				  -LENHEX     =	48
   4548  ffec				  -
   4549  ffec				  -			;byte %00000000 ; HANDWRITTEN
   4550  ffec				  -
   4551  ffec				  -	      .byte	%00110110	; HANDWRITTEN
   4552  ffec				  -	      .byte	%01001000	; HANDWRITTEN
   4553  ffec				  -	      .byte	%01001000	; HANDWRITTEN
   4554  ffec				  -	      .byte	%01001000	; HANDWRITTEN
   4555  ffec				  -	      .byte	%00100100	; HANDWRITTEN
   4556  ffec				  -	      .byte	%00100100	; HANDWRITTEN
   4557  ffec				  -	      .byte	%00010010	; HANDWRITTEN
   4558  ffec				  -	      .byte	%00001110	; HANDWRITTEN
   4559  ffec				  -
   4560  ffec				  -			;byte %00000000 ; HANDWRITTEN
   4561  ffec				  -
   4562  ffec				  -	      .byte	%11110000	; HANDWRITTEN
   4563  ffec				  -	      .byte	%01001000	; HANDWRITTEN
   4564  ffec				  -	      .byte	%01000100	; HANDWRITTEN
   4565  ffec				  -	      .byte	%00100100	; HANDWRITTEN
   4566  ffec				  -	      .byte	%00111100	; HANDWRITTEN
   4567  ffec				  -	      .byte	%00010010	; HANDWRITTEN
   4568  ffec				  -	      .byte	%00010010	; HANDWRITTEN
   4569  ffec				  -	      .byte	%00001100	; HANDWRITTEN
   4570  ffec				  -
   4571  ffec				  -			;byte %00000000 ; HANDWRITTEN
   4572  ffec				  -
   4573  ffec				  -	      .byte	%00110000	; HANDWRITTEN
   4574  ffec				  -	      .byte	%01001000	; HANDWRITTEN
   4575  ffec				  -	      .byte	%01001000	; HANDWRITTEN
   4576  ffec				  -	      .byte	%01000000	; HANDWRITTEN
   4577  ffec				  -	      .byte	%00100000	; HANDWRITTEN
   4578  ffec				  -	      .byte	%00100100	; HANDWRITTEN
   4579  ffec				  -	      .byte	%00010100	; HANDWRITTEN
   4580  ffec				  -	      .byte	%00001000	; HANDWRITTEN
   4581  ffec				  -
   4582  ffec				  -			;byte %00000000 ; HANDWRITTEN
   4583  ffec				  -
   4584  ffec				  -	      .byte	%01111000	; HANDWRITTEN
   4585  ffec				  -	      .byte	%01000100	; HANDWRITTEN
   4586  ffec				  -	      .byte	%01000100	; HANDWRITTEN
   4587  ffec				  -	      .byte	%00100100	; HANDWRITTEN
   4588  ffec				  -	      .byte	%00100010	; HANDWRITTEN
   4589  ffec				  -	      .byte	%00010010	; HANDWRITTEN
   4590  ffec				  -	      .byte	%00010010	; HANDWRITTEN
   4591  ffec				  -	      .byte	%00001100	; HANDWRITTEN
   4592  ffec				  -
   4593  ffec				  -			;byte %00000000 ; HANDWRITTEN
   4594  ffec				  -
   4595  ffec				  -	      .byte	%00110000	; HANDWRITTEN
   4596  ffec				  -	      .byte	%01001000	; HANDWRITTEN
   4597  ffec				  -	      .byte	%01000000	; HANDWRITTEN
   4598  ffec				  -	      .byte	%00100000	; HANDWRITTEN
   4599  ffec				  -	      .byte	%00011000	; HANDWRITTEN
   4600  ffec				  -	      .byte	%00010000	; HANDWRITTEN
   4601  ffec				  -	      .byte	%00010010	; HANDWRITTEN
   4602  ffec				  -	      .byte	%00001100	; HANDWRITTEN
   4603  ffec				  -
   4604  ffec				  -			;byte %00000000 ; HANDWRITTEN
   4605  ffec				  -
   4606  ffec				  -	      .byte	%01000000	; HANDWRITTEN
   4607  ffec				  -	      .byte	%01000000	; HANDWRITTEN
   4608  ffec				  -	      .byte	%01000000	; HANDWRITTEN
   4609  ffec				  -	      .byte	%00100000	; HANDWRITTEN
   4610  ffec				  -	      .byte	%00111000	; HANDWRITTEN
   4611  ffec				  -	      .byte	%00010000	; HANDWRITTEN
   4612  ffec				  -	      .byte	%00010010	; HANDWRITTEN
   4613  ffec				  -	      .byte	%00001100	; HANDWRITTEN
   4614  ffec				  -
   4615  ffec				  -			;byte %00000000 ; HANDWRITTEN
   4616  ffec				  -			;byte %00000000 ; HANDWRITTEN
   4617  ffec				  -			;byte %00000000 ; HANDWRITTEN
   4618  ffec				  -			;byte %00000000 ; HANDWRITTEN
   4619  ffec				  -
   4620  ffec				  -	      else
   4621  ffec				  -LENHEX     =	0
   4622  ffec				  -	      endif		; fontcharsHEX
   4623  ffec					      endif		; HANDWRITTEN
   4624  ffec
   4625  ffec				  -	      if	fontstyle == INTERRUPTED
   4626  ffec				  -LENDEC     =	80
   4627  ffec				  -
   4628  ffec				  -			;byte %00000000 ; INTERRUPTED
   4629  ffec				  -
   4630  ffec				  -	      .byte	%00110100	; INTERRUPTED
   4631  ffec				  -	      .byte	%01100110	; INTERRUPTED
   4632  ffec				  -	      .byte	%01100110	; INTERRUPTED
   4633  ffec				  -	      .byte	%01100110	; INTERRUPTED
   4634  ffec				  -	      .byte	%01100110	; INTERRUPTED
   4635  ffec				  -	      .byte	%01100110	; INTERRUPTED
   4636  ffec				  -	      .byte	%01100110	; INTERRUPTED
   4637  ffec				  -	      .byte	%00110100	; INTERRUPTED
   4638  ffec				  -
   4639  ffec				  -			;byte %00000000 ; INTERRUPTED
   4640  ffec				  -
   4641  ffec				  -	      .byte	%00111100	; INTERRUPTED
   4642  ffec				  -	      .byte	%00000000	; INTERRUPTED
   4643  ffec				  -	      .byte	%00011000	; INTERRUPTED
   4644  ffec				  -	      .byte	%00011000	; INTERRUPTED
   4645  ffec				  -	      .byte	%00011000	; INTERRUPTED
   4646  ffec				  -	      .byte	%00011000	; INTERRUPTED
   4647  ffec				  -	      .byte	%00011000	; INTERRUPTED
   4648  ffec				  -	      .byte	%00111000	; INTERRUPTED
   4649  ffec				  -
   4650  ffec				  -			;byte %00000000 ; INTERRUPTED
   4651  ffec				  -
   4652  ffec				  -	      .byte	%01101110	; INTERRUPTED
   4653  ffec				  -	      .byte	%01100000	; INTERRUPTED
   4654  ffec				  -	      .byte	%00110000	; INTERRUPTED
   4655  ffec				  -	      .byte	%00011000	; INTERRUPTED
   4656  ffec				  -	      .byte	%00001100	; INTERRUPTED
   4657  ffec				  -	      .byte	%00000110	; INTERRUPTED
   4658  ffec				  -	      .byte	%01000110	; INTERRUPTED
   4659  ffec				  -	      .byte	%00111100	; INTERRUPTED
   4660  ffec				  -
   4661  ffec				  -			;byte %00000000 ; INTERRUPTED
   4662  ffec				  -
   4663  ffec				  -	      .byte	%01111100	; INTERRUPTED
   4664  ffec				  -	      .byte	%00000110	; INTERRUPTED
   4665  ffec				  -	      .byte	%00000110	; INTERRUPTED
   4666  ffec				  -	      .byte	%00000110	; INTERRUPTED
   4667  ffec				  -	      .byte	%01110110	; INTERRUPTED
   4668  ffec				  -	      .byte	%00000110	; INTERRUPTED
   4669  ffec				  -	      .byte	%00000110	; INTERRUPTED
   4670  ffec				  -	      .byte	%01110100	; INTERRUPTED
   4671  ffec				  -
   4672  ffec				  -			;byte %00000000 ; INTERRUPTED
   4673  ffec				  -
   4674  ffec				  -	      .byte	%00000110	; INTERRUPTED
   4675  ffec				  -	      .byte	%00000110	; INTERRUPTED
   4676  ffec				  -	      .byte	%00000110	; INTERRUPTED
   4677  ffec				  -	      .byte	%00000110	; INTERRUPTED
   4678  ffec				  -	      .byte	%01110110	; INTERRUPTED
   4679  ffec				  -	      .byte	%01100110	; INTERRUPTED
   4680  ffec				  -	      .byte	%01100110	; INTERRUPTED
   4681  ffec				  -	      .byte	%01100110	; INTERRUPTED
   4682  ffec				  -
   4683  ffec				  -			;byte %00000000 ; INTERRUPTED
   4684  ffec				  -
   4685  ffec				  -	      .byte	%01111100	; INTERRUPTED
   4686  ffec				  -	      .byte	%00000110	; INTERRUPTED
   4687  ffec				  -	      .byte	%00000110	; INTERRUPTED
   4688  ffec				  -	      .byte	%00000110	; INTERRUPTED
   4689  ffec				  -	      .byte	%01111100	; INTERRUPTED
   4690  ffec				  -	      .byte	%01100000	; INTERRUPTED
   4691  ffec				  -	      .byte	%01100000	; INTERRUPTED
   4692  ffec				  -	      .byte	%01101110	; INTERRUPTED
   4693  ffec				  -
   4694  ffec				  -			;byte %00000000 ; INTERRUPTED
   4695  ffec				  -
   4696  ffec				  -	      .byte	%00101100	; INTERRUPTED
   4697  ffec				  -	      .byte	%01100110	; INTERRUPTED
   4698  ffec				  -	      .byte	%01100110	; INTERRUPTED
   4699  ffec				  -	      .byte	%01100110	; INTERRUPTED
   4700  ffec				  -	      .byte	%01101100	; INTERRUPTED
   4701  ffec				  -	      .byte	%01100000	; INTERRUPTED
   4702  ffec				  -	      .byte	%00110000	; INTERRUPTED
   4703  ffec				  -	      .byte	%00011100	; INTERRUPTED
   4704  ffec				  -
   4705  ffec				  -			;byte %00000000 ; INTERRUPTED
   4706  ffec				  -
   4707  ffec				  -	      .byte	%00011000	; INTERRUPTED
   4708  ffec				  -	      .byte	%00011000	; INTERRUPTED
   4709  ffec				  -	      .byte	%00011000	; INTERRUPTED
   4710  ffec				  -	      .byte	%00011100	; INTERRUPTED
   4711  ffec				  -	      .byte	%00001110	; INTERRUPTED
   4712  ffec				  -	      .byte	%00000110	; INTERRUPTED
   4713  ffec				  -	      .byte	%00000000	; INTERRUPTED
   4714  ffec				  -	      .byte	%01111110	; INTERRUPTED
   4715  ffec				  -
   4716  ffec				  -			;byte %00000000 ; INTERRUPTED
   4717  ffec				  -
   4718  ffec				  -	      .byte	%00110100	; INTERRUPTED
   4719  ffec				  -	      .byte	%01100110	; INTERRUPTED
   4720  ffec				  -	      .byte	%01100110	; INTERRUPTED
   4721  ffec				  -	      .byte	%01100110	; INTERRUPTED
   4722  ffec				  -	      .byte	%00110100	; INTERRUPTED
   4723  ffec				  -	      .byte	%01100110	; INTERRUPTED
   4724  ffec				  -	      .byte	%01100110	; INTERRUPTED
   4725  ffec				  -	      .byte	%00110100	; INTERRUPTED
   4726  ffec				  -
   4727  ffec				  -			;byte %00000000 ; INTERRUPTED
   4728  ffec				  -
   4729  ffec				  -	      .byte	%00111000	; INTERRUPTED
   4730  ffec				  -	      .byte	%00001100	; INTERRUPTED
   4731  ffec				  -	      .byte	%00000110	; INTERRUPTED
   4732  ffec				  -	      .byte	%00110110	; INTERRUPTED
   4733  ffec				  -	      .byte	%01100110	; INTERRUPTED
   4734  ffec				  -	      .byte	%01100110	; INTERRUPTED
   4735  ffec				  -	      .byte	%01100110	; INTERRUPTED
   4736  ffec				  -	      .byte	%00110100	; INTERRUPTED
   4737  ffec				  -
   4738  ffec				  -	      ifconst	fontcharsHEX
   4739  ffec				  -LENHEX     =	48
   4740  ffec				  -
   4741  ffec				  -			;byte %00000000 ; INTERRUPTED
   4742  ffec				  -
   4743  ffec				  -	      .byte	%01100110	; INTERRUPTED
   4744  ffec				  -	      .byte	%01100110	; INTERRUPTED
   4745  ffec				  -	      .byte	%01100110	; INTERRUPTED
   4746  ffec				  -	      .byte	%01100110	; INTERRUPTED
   4747  ffec				  -	      .byte	%01110110	; INTERRUPTED
   4748  ffec				  -	      .byte	%01100110	; INTERRUPTED
   4749  ffec				  -	      .byte	%01100110	; INTERRUPTED
   4750  ffec				  -	      .byte	%00111100	; INTERRUPTED
   4751  ffec				  -
   4752  ffec				  -			;byte %00000000 ; INTERRUPTED
   4753  ffec				  -
   4754  ffec				  -	      .byte	%01110100	; INTERRUPTED
   4755  ffec				  -	      .byte	%01100110	; INTERRUPTED
   4756  ffec				  -	      .byte	%01100110	; INTERRUPTED
   4757  ffec				  -	      .byte	%01100110	; INTERRUPTED
   4758  ffec				  -	      .byte	%01110100	; INTERRUPTED
   4759  ffec				  -	      .byte	%01100110	; INTERRUPTED
   4760  ffec				  -	      .byte	%01100110	; INTERRUPTED
   4761  ffec				  -	      .byte	%01110100	; INTERRUPTED
   4762  ffec				  -
   4763  ffec				  -			;byte %00000000 ; INTERRUPTED
   4764  ffec				  -
   4765  ffec				  -	      .byte	%00101100	; INTERRUPTED
   4766  ffec				  -	      .byte	%01100110	; INTERRUPTED
   4767  ffec				  -	      .byte	%01100000	; INTERRUPTED
   4768  ffec				  -	      .byte	%01100000	; INTERRUPTED
   4769  ffec				  -	      .byte	%01100000	; INTERRUPTED
   4770  ffec				  -	      .byte	%01100000	; INTERRUPTED
   4771  ffec				  -	      .byte	%01100110	; INTERRUPTED
   4772  ffec				  -	      .byte	%00101100	; INTERRUPTED
   4773  ffec				  -
   4774  ffec				  -			;byte %00000000 ; INTERRUPTED
   4775  ffec				  -
   4776  ffec				  -	      .byte	%01111100	; INTERRUPTED
   4777  ffec				  -	      .byte	%01100110	; INTERRUPTED
   4778  ffec				  -	      .byte	%01100110	; INTERRUPTED
   4779  ffec				  -	      .byte	%01100110	; INTERRUPTED
   4780  ffec				  -	      .byte	%01100110	; INTERRUPTED
   4781  ffec				  -	      .byte	%01100110	; INTERRUPTED
   4782  ffec				  -	      .byte	%01100110	; INTERRUPTED
   4783  ffec				  -	      .byte	%01101100	; INTERRUPTED
   4784  ffec				  -
   4785  ffec				  -			;byte %00000000 ; INTERRUPTED
   4786  ffec				  -
   4787  ffec				  -	      .byte	%01111110	; INTERRUPTED
   4788  ffec				  -	      .byte	%01100000	; INTERRUPTED
   4789  ffec				  -	      .byte	%01100000	; INTERRUPTED
   4790  ffec				  -	      .byte	%01100000	; INTERRUPTED
   4791  ffec				  -	      .byte	%01101110	; INTERRUPTED
   4792  ffec				  -	      .byte	%01100000	; INTERRUPTED
   4793  ffec				  -	      .byte	%01100000	; INTERRUPTED
   4794  ffec				  -	      .byte	%01101110	; INTERRUPTED
   4795  ffec				  -
   4796  ffec				  -			;byte %00000000 ; INTERRUPTED
   4797  ffec				  -
   4798  ffec				  -	      .byte	%01100000	; INTERRUPTED
   4799  ffec				  -	      .byte	%01100000	; INTERRUPTED
   4800  ffec				  -	      .byte	%01100000	; INTERRUPTED
   4801  ffec				  -	      .byte	%01100000	; INTERRUPTED
   4802  ffec				  -	      .byte	%01101110	; INTERRUPTED
   4803  ffec				  -	      .byte	%01100000	; INTERRUPTED
   4804  ffec				  -	      .byte	%01100000	; INTERRUPTED
   4805  ffec				  -	      .byte	%01101110	; INTERRUPTED
   4806  ffec				  -
   4807  ffec				  -			;byte %00000000 ; INTERRUPTED
   4808  ffec				  -			;byte %00000000 ; INTERRUPTED
   4809  ffec				  -			;byte %00000000 ; INTERRUPTED
   4810  ffec				  -			;byte %00000000 ; INTERRUPTED
   4811  ffec				  -
   4812  ffec				  -	      else
   4813  ffec				  -LENHEX     =	0
   4814  ffec				  -	      endif		; fontcharsHEX
   4815  ffec					      endif		; INTERRUPTED
   4816  ffec
   4817  ffec
   4818  ffec				  -	      if	fontstyle == TINY
   4819  ffec				  -LENDEC     =	80
   4820  ffec				  -
   4821  ffec				  -			;byte %00000000 ; TINY
   4822  ffec				  -
   4823  ffec				  -	      .byte	%00000000	; TINY
   4824  ffec				  -	      .byte	%00111000	; TINY
   4825  ffec				  -	      .byte	%00101000	; TINY
   4826  ffec				  -	      .byte	%00101000	; TINY
   4827  ffec				  -	      .byte	%00101000	; TINY
   4828  ffec				  -	      .byte	%00111000	; TINY
   4829  ffec				  -	      .byte	%00000000	; TINY
   4830  ffec				  -	      .byte	%00000000	; TINY
   4831  ffec				  -
   4832  ffec				  -			;byte %00000000 ; TINY
   4833  ffec				  -
   4834  ffec				  -	      .byte	%00000000	; TINY
   4835  ffec				  -	      .byte	%00010000	; TINY
   4836  ffec				  -	      .byte	%00010000	; TINY
   4837  ffec				  -	      .byte	%00010000	; TINY
   4838  ffec				  -	      .byte	%00010000	; TINY
   4839  ffec				  -	      .byte	%00010000	; TINY
   4840  ffec				  -	      .byte	%00000000	; TINY
   4841  ffec				  -	      .byte	%00000000	; TINY
   4842  ffec				  -
   4843  ffec				  -			;byte %00000000 ; TINY
   4844  ffec				  -
   4845  ffec				  -	      .byte	%00000000	; TINY
   4846  ffec				  -	      .byte	%00111000	; TINY
   4847  ffec				  -	      .byte	%00100000	; TINY
   4848  ffec				  -	      .byte	%00111000	; TINY
   4849  ffec				  -	      .byte	%00001000	; TINY
   4850  ffec				  -	      .byte	%00111000	; TINY
   4851  ffec				  -	      .byte	%00000000	; TINY
   4852  ffec				  -	      .byte	%00000000	; TINY
   4853  ffec				  -
   4854  ffec				  -			;byte %00000000 ; TINY
   4855  ffec				  -
   4856  ffec				  -	      .byte	%00000000	; TINY
   4857  ffec				  -	      .byte	%00111000	; TINY
   4858  ffec				  -	      .byte	%00001000	; TINY
   4859  ffec				  -	      .byte	%00111000	; TINY
   4860  ffec				  -	      .byte	%00001000	; TINY
   4861  ffec				  -	      .byte	%00111000	; TINY
   4862  ffec				  -	      .byte	%00000000	; TINY
   4863  ffec				  -	      .byte	%00000000	; TINY
   4864  ffec				  -
   4865  ffec				  -			;byte %00000000 ; TINY
   4866  ffec				  -
   4867  ffec				  -	      .byte	%00000000	; TINY
   4868  ffec				  -	      .byte	%00001000	; TINY
   4869  ffec				  -	      .byte	%00001000	; TINY
   4870  ffec				  -	      .byte	%00111000	; TINY
   4871  ffec				  -	      .byte	%00101000	; TINY
   4872  ffec				  -	      .byte	%00101000	; TINY
   4873  ffec				  -	      .byte	%00000000	; TINY
   4874  ffec				  -	      .byte	%00000000	; TINY
   4875  ffec				  -
   4876  ffec				  -			;byte %00000000 ; TINY
   4877  ffec				  -
   4878  ffec				  -	      .byte	%00000000	; TINY
   4879  ffec				  -	      .byte	%00111000	; TINY
   4880  ffec				  -	      .byte	%00001000	; TINY
   4881  ffec				  -	      .byte	%00111000	; TINY
   4882  ffec				  -	      .byte	%00100000	; TINY
   4883  ffec				  -	      .byte	%00111000	; TINY
   4884  ffec				  -	      .byte	%00000000	; TINY
   4885  ffec				  -	      .byte	%00000000	; TINY
   4886  ffec				  -
   4887  ffec				  -			;byte %00000000 ; TINY
   4888  ffec				  -
   4889  ffec				  -	      .byte	%00000000	; TINY
   4890  ffec				  -	      .byte	%00111000	; TINY
   4891  ffec				  -	      .byte	%00101000	; TINY
   4892  ffec				  -	      .byte	%00111000	; TINY
   4893  ffec				  -	      .byte	%00100000	; TINY
   4894  ffec				  -	      .byte	%00111000	; TINY
   4895  ffec				  -	      .byte	%00000000	; TINY
   4896  ffec				  -	      .byte	%00000000	; TINY
   4897  ffec				  -
   4898  ffec				  -			;byte %00000000 ; TINY
   4899  ffec				  -
   4900  ffec				  -	      .byte	%00000000	; TINY
   4901  ffec				  -	      .byte	%00001000	; TINY
   4902  ffec				  -	      .byte	%00001000	; TINY
   4903  ffec				  -	      .byte	%00001000	; TINY
   4904  ffec				  -	      .byte	%00001000	; TINY
   4905  ffec				  -	      .byte	%00111000	; TINY
   4906  ffec				  -	      .byte	%00000000	; TINY
   4907  ffec				  -	      .byte	%00000000	; TINY
   4908  ffec				  -
   4909  ffec				  -			;byte %00000000 ; TINY
   4910  ffec				  -
   4911  ffec				  -	      .byte	%00000000	; TINY
   4912  ffec				  -	      .byte	%00111000	; TINY
   4913  ffec				  -	      .byte	%00101000	; TINY
   4914  ffec				  -	      .byte	%00111000	; TINY
   4915  ffec				  -	      .byte	%00101000	; TINY
   4916  ffec				  -	      .byte	%00111000	; TINY
   4917  ffec				  -	      .byte	%00000000	; TINY
   4918  ffec				  -	      .byte	%00000000	; TINY
   4919  ffec				  -
   4920  ffec				  -			;byte %00000000 ; TINY
   4921  ffec				  -
   4922  ffec				  -	      .byte	%00000000	; TINY
   4923  ffec				  -	      .byte	%00001000	; TINY
   4924  ffec				  -	      .byte	%00001000	; TINY
   4925  ffec				  -	      .byte	%00111000	; TINY
   4926  ffec				  -	      .byte	%00101000	; TINY
   4927  ffec				  -	      .byte	%00111000	; TINY
   4928  ffec				  -	      .byte	%00000000	; TINY
   4929  ffec				  -	      .byte	%00000000	; TINY
   4930  ffec				  -
   4931  ffec				  -	      ifconst	fontcharsHEX
   4932  ffec				  -LENHEX     =	48
   4933  ffec				  -
   4934  ffec				  -			;byte %00000000 ; TINY
   4935  ffec				  -
   4936  ffec				  -	      .byte	%00000000	; TINY
   4937  ffec				  -	      .byte	%00101000	; TINY
   4938  ffec				  -	      .byte	%00101000	; TINY
   4939  ffec				  -	      .byte	%00111000	; TINY
   4940  ffec				  -	      .byte	%00101000	; TINY
   4941  ffec				  -	      .byte	%00111000	; TINY
   4942  ffec				  -	      .byte	%00000000	; TINY
   4943  ffec				  -	      .byte	%00000000	; TINY
   4944  ffec				  -
   4945  ffec				  -			;byte %00000000 ; TINY
   4946  ffec				  -
   4947  ffec				  -	      .byte	%00000000	; TINY
   4948  ffec				  -	      .byte	%00110000	; TINY
   4949  ffec				  -	      .byte	%00101000	; TINY
   4950  ffec				  -	      .byte	%00110000	; TINY
   4951  ffec				  -	      .byte	%00101000	; TINY
   4952  ffec				  -	      .byte	%00110000	; TINY
   4953  ffec				  -	      .byte	%00000000	; TINY
   4954  ffec				  -	      .byte	%00000000	; TINY
   4955  ffec				  -
   4956  ffec				  -			;byte %00000000 ; TINY
   4957  ffec				  -
   4958  ffec				  -	      .byte	%00000000	; TINY
   4959  ffec				  -	      .byte	%00111000	; TINY
   4960  ffec				  -	      .byte	%00100000	; TINY
   4961  ffec				  -	      .byte	%00100000	; TINY
   4962  ffec				  -	      .byte	%00100000	; TINY
   4963  ffec				  -	      .byte	%00111000	; TINY
   4964  ffec				  -	      .byte	%00000000	; TINY
   4965  ffec				  -	      .byte	%00000000	; TINY
   4966  ffec				  -
   4967  ffec				  -			;byte %00000000 ; TINY
   4968  ffec				  -
   4969  ffec				  -	      .byte	%00000000	; TINY
   4970  ffec				  -	      .byte	%00110000	; TINY
   4971  ffec				  -	      .byte	%00101000	; TINY
   4972  ffec				  -	      .byte	%00101000	; TINY
   4973  ffec				  -	      .byte	%00101000	; TINY
   4974  ffec				  -	      .byte	%00110000	; TINY
   4975  ffec				  -	      .byte	%00000000	; TINY
   4976  ffec				  -	      .byte	%00000000	; TINY
   4977  ffec				  -
   4978  ffec				  -			;byte %00000000 ; TINY
   4979  ffec				  -
   4980  ffec				  -	      .byte	%00000000	; TINY
   4981  ffec				  -	      .byte	%00111000	; TINY
   4982  ffec				  -	      .byte	%00100000	; TINY
   4983  ffec				  -	      .byte	%00111000	; TINY
   4984  ffec				  -	      .byte	%00100000	; TINY
   4985  ffec				  -	      .byte	%00111000	; TINY
   4986  ffec				  -	      .byte	%00000000	; TINY
   4987  ffec				  -	      .byte	%00000000	; TINY
   4988  ffec				  -
   4989  ffec				  -			;byte %00000000 ; TINY
   4990  ffec				  -
   4991  ffec				  -	      .byte	%00000000	; TINY
   4992  ffec				  -	      .byte	%00100000	; TINY
   4993  ffec				  -	      .byte	%00100000	; TINY
   4994  ffec				  -	      .byte	%00111000	; TINY
   4995  ffec				  -	      .byte	%00100000	; TINY
   4996  ffec				  -	      .byte	%00111000	; TINY
   4997  ffec				  -	      .byte	%00000000	; TINY
   4998  ffec				  -	      .byte	%00000000	; TINY
   4999  ffec				  -
   5000  ffec				  -			;byte %00000000 ; TINY
   5001  ffec				  -			;byte %00000000 ; TINY
   5002  ffec				  -			;byte %00000000 ; TINY
   5003  ffec				  -			;byte %00000000 ; TINY
   5004  ffec				  -
   5005  ffec				  -	      else
   5006  ffec				  -LENHEX     =	0
   5007  ffec				  -
   5008  ffec				  -	      endif		; fontcharsHEX
   5009  ffec					      endif		; TINY
   5010  ffec
   5011  ffec				  -	      if	fontstyle == RETROPUTER
   5012  ffec				  -LENDEC     =	80
   5013  ffec				  -
   5014  ffec				  -			;byte %00000000 ; RETROPUTER
   5015  ffec				  -
   5016  ffec				  -	      .byte	%01111110	; RETROPUTER
   5017  ffec				  -	      .byte	%01000110	; RETROPUTER
   5018  ffec				  -	      .byte	%01000110	; RETROPUTER
   5019  ffec				  -	      .byte	%01000110	; RETROPUTER
   5020  ffec				  -	      .byte	%01100010	; RETROPUTER
   5021  ffec				  -	      .byte	%01100010	; RETROPUTER
   5022  ffec				  -	      .byte	%01100010	; RETROPUTER
   5023  ffec				  -	      .byte	%01111110	; RETROPUTER
   5024  ffec				  -
   5025  ffec				  -			;byte %00000000 ; RETROPUTER
   5026  ffec				  -
   5027  ffec				  -	      .byte	%00111000	; RETROPUTER
   5028  ffec				  -	      .byte	%00111000	; RETROPUTER
   5029  ffec				  -	      .byte	%00111000	; RETROPUTER
   5030  ffec				  -	      .byte	%00111000	; RETROPUTER
   5031  ffec				  -	      .byte	%00011000	; RETROPUTER
   5032  ffec				  -	      .byte	%00011000	; RETROPUTER
   5033  ffec				  -	      .byte	%00011000	; RETROPUTER
   5034  ffec				  -	      .byte	%00011000	; RETROPUTER
   5035  ffec				  -
   5036  ffec				  -			;byte %00000000 ; RETROPUTER
   5037  ffec				  -
   5038  ffec				  -	      .byte	%01111110	; RETROPUTER
   5039  ffec				  -	      .byte	%01100000	; RETROPUTER
   5040  ffec				  -	      .byte	%01100000	; RETROPUTER
   5041  ffec				  -	      .byte	%01100000	; RETROPUTER
   5042  ffec				  -	      .byte	%00111110	; RETROPUTER
   5043  ffec				  -	      .byte	%00000010	; RETROPUTER
   5044  ffec				  -	      .byte	%01000010	; RETROPUTER
   5045  ffec				  -	      .byte	%01111110	; RETROPUTER
   5046  ffec				  -
   5047  ffec				  -			;byte %00000000 ; RETROPUTER
   5048  ffec				  -
   5049  ffec				  -	      .byte	%01111110	; RETROPUTER
   5050  ffec				  -	      .byte	%01000110	; RETROPUTER
   5051  ffec				  -	      .byte	%00000110	; RETROPUTER
   5052  ffec				  -	      .byte	%00000110	; RETROPUTER
   5053  ffec				  -	      .byte	%00111110	; RETROPUTER
   5054  ffec				  -	      .byte	%00000010	; RETROPUTER
   5055  ffec				  -	      .byte	%01000010	; RETROPUTER
   5056  ffec				  -	      .byte	%01111110	; RETROPUTER
   5057  ffec				  -
   5058  ffec				  -			;byte %00000000 ; RETROPUTER
   5059  ffec				  -
   5060  ffec				  -	      .byte	%00001100	; RETROPUTER
   5061  ffec				  -	      .byte	%00001100	; RETROPUTER
   5062  ffec				  -	      .byte	%00001100	; RETROPUTER
   5063  ffec				  -	      .byte	%01111110	; RETROPUTER
   5064  ffec				  -	      .byte	%01000100	; RETROPUTER
   5065  ffec				  -	      .byte	%01000100	; RETROPUTER
   5066  ffec				  -	      .byte	%01000100	; RETROPUTER
   5067  ffec				  -	      .byte	%00000100	; RETROPUTER
   5068  ffec				  -
   5069  ffec				  -			;byte %00000000 ; RETROPUTER
   5070  ffec				  -
   5071  ffec				  -	      .byte	%01111110	; RETROPUTER
   5072  ffec				  -	      .byte	%01000110	; RETROPUTER
   5073  ffec				  -	      .byte	%00000110	; RETROPUTER
   5074  ffec				  -	      .byte	%00000110	; RETROPUTER
   5075  ffec				  -	      .byte	%01111100	; RETROPUTER
   5076  ffec				  -	      .byte	%01000000	; RETROPUTER
   5077  ffec				  -	      .byte	%01000000	; RETROPUTER
   5078  ffec				  -	      .byte	%01111110	; RETROPUTER
   5079  ffec				  -
   5080  ffec				  -			;byte %00000000 ; RETROPUTER
   5081  ffec				  -
   5082  ffec				  -	      .byte	%01111110	; RETROPUTER
   5083  ffec				  -	      .byte	%01000110	; RETROPUTER
   5084  ffec				  -	      .byte	%01000110	; RETROPUTER
   5085  ffec				  -	      .byte	%01000110	; RETROPUTER
   5086  ffec				  -	      .byte	%01111100	; RETROPUTER
   5087  ffec				  -	      .byte	%01000000	; RETROPUTER
   5088  ffec				  -	      .byte	%01000010	; RETROPUTER
   5089  ffec				  -	      .byte	%01111110	; RETROPUTER
   5090  ffec				  -
   5091  ffec				  -			;byte %00000000 ; RETROPUTER
   5092  ffec				  -
   5093  ffec				  -	      .byte	%00001100	; RETROPUTER
   5094  ffec				  -	      .byte	%00001100	; RETROPUTER
   5095  ffec				  -	      .byte	%00001100	; RETROPUTER
   5096  ffec				  -	      .byte	%00001100	; RETROPUTER
   5097  ffec				  -	      .byte	%00000100	; RETROPUTER
   5098  ffec				  -	      .byte	%00000010	; RETROPUTER
   5099  ffec				  -	      .byte	%01000010	; RETROPUTER
   5100  ffec				  -	      .byte	%01111110	; RETROPUTER
   5101  ffec				  -
   5102  ffec				  -			;byte %00000000 ; RETROPUTER
   5103  ffec				  -
   5104  ffec				  -	      .byte	%01111110	; RETROPUTER
   5105  ffec				  -	      .byte	%01000110	; RETROPUTER
   5106  ffec				  -	      .byte	%01000110	; RETROPUTER
   5107  ffec				  -	      .byte	%01000110	; RETROPUTER
   5108  ffec				  -	      .byte	%01111110	; RETROPUTER
   5109  ffec				  -	      .byte	%01000010	; RETROPUTER
   5110  ffec				  -	      .byte	%01000010	; RETROPUTER
   5111  ffec				  -	      .byte	%01111110	; RETROPUTER
   5112  ffec				  -
   5113  ffec				  -			;byte %00000000 ; RETROPUTER
   5114  ffec				  -
   5115  ffec				  -	      .byte	%00000110	; RETROPUTER
   5116  ffec				  -	      .byte	%00000110	; RETROPUTER
   5117  ffec				  -	      .byte	%00000110	; RETROPUTER
   5118  ffec				  -	      .byte	%00000010	; RETROPUTER
   5119  ffec				  -	      .byte	%01111110	; RETROPUTER
   5120  ffec				  -	      .byte	%01000010	; RETROPUTER
   5121  ffec				  -	      .byte	%01000010	; RETROPUTER
   5122  ffec				  -	      .byte	%01111110	; RETROPUTER
   5123  ffec				  -
   5124  ffec				  -	      ifconst	fontcharsHEX
   5125  ffec				  -LENHEX     =	48
   5126  ffec				  -
   5127  ffec				  -			;byte %00000000  ; RETROPUTER
   5128  ffec				  -
   5129  ffec				  -	      .byte	%01100010	; RETROPUTER
   5130  ffec				  -	      .byte	%01100010	; RETROPUTER
   5131  ffec				  -	      .byte	%01100010	; RETROPUTER
   5132  ffec				  -	      .byte	%01000010	; RETROPUTER
   5133  ffec				  -	      .byte	%01111110	; RETROPUTER
   5134  ffec				  -	      .byte	%01000010	; RETROPUTER
   5135  ffec				  -	      .byte	%01000010	; RETROPUTER
   5136  ffec				  -	      .byte	%01111110	; RETROPUTER
   5137  ffec				  -
   5138  ffec				  -			;byte %00000000 ; RETROPUTER
   5139  ffec				  -
   5140  ffec				  -	      .byte	%01111110	; RETROPUTER
   5141  ffec				  -	      .byte	%01100010	; RETROPUTER
   5142  ffec				  -	      .byte	%01100010	; RETROPUTER
   5143  ffec				  -	      .byte	%01000010	; RETROPUTER
   5144  ffec				  -	      .byte	%01111100	; RETROPUTER
   5145  ffec				  -	      .byte	%01000010	; RETROPUTER
   5146  ffec				  -	      .byte	%01000010	; RETROPUTER
   5147  ffec				  -	      .byte	%01111110	; RETROPUTER
   5148  ffec				  -
   5149  ffec				  -			;byte %00000000 ; RETROPUTER
   5150  ffec				  -
   5151  ffec				  -	      .byte	%01111110	; RETROPUTER
   5152  ffec				  -	      .byte	%01100010	; RETROPUTER
   5153  ffec				  -	      .byte	%01100010	; RETROPUTER
   5154  ffec				  -	      .byte	%01100000	; RETROPUTER
   5155  ffec				  -	      .byte	%01000000	; RETROPUTER
   5156  ffec				  -	      .byte	%01000000	; RETROPUTER
   5157  ffec				  -	      .byte	%01000010	; RETROPUTER
   5158  ffec				  -	      .byte	%01111110	; RETROPUTER
   5159  ffec				  -
   5160  ffec				  -			;byte %00000000 ; RETROPUTER
   5161  ffec				  -
   5162  ffec				  -	      .byte	%01111100	; RETROPUTER
   5163  ffec				  -	      .byte	%01100010	; RETROPUTER
   5164  ffec				  -	      .byte	%01100010	; RETROPUTER
   5165  ffec				  -	      .byte	%01100010	; RETROPUTER
   5166  ffec				  -	      .byte	%01000010	; RETROPUTER
   5167  ffec				  -	      .byte	%01000010	; RETROPUTER
   5168  ffec				  -	      .byte	%01000010	; RETROPUTER
   5169  ffec				  -	      .byte	%01111100	; RETROPUTER
   5170  ffec				  -
   5171  ffec				  -			;byte %00000000 ; RETROPUTER
   5172  ffec				  -
   5173  ffec				  -	      .byte	%01111110	; RETROPUTER
   5174  ffec				  -	      .byte	%01100010	; RETROPUTER
   5175  ffec				  -	      .byte	%01100000	; RETROPUTER
   5176  ffec				  -	      .byte	%01000000	; RETROPUTER
   5177  ffec				  -	      .byte	%01111100	; RETROPUTER
   5178  ffec				  -	      .byte	%01000000	; RETROPUTER
   5179  ffec				  -	      .byte	%01000010	; RETROPUTER
   5180  ffec				  -	      .byte	%01111110	; RETROPUTER
   5181  ffec				  -
   5182  ffec				  -			;byte %00000000 ; RETROPUTER
   5183  ffec				  -
   5184  ffec				  -	      .byte	%01100000	; RETROPUTER
   5185  ffec				  -	      .byte	%01100000	; RETROPUTER
   5186  ffec				  -	      .byte	%01100000	; RETROPUTER
   5187  ffec				  -	      .byte	%01000000	; RETROPUTER
   5188  ffec				  -	      .byte	%01111100	; RETROPUTER
   5189  ffec				  -	      .byte	%01000000	; RETROPUTER
   5190  ffec				  -	      .byte	%01000010	; RETROPUTER
   5191  ffec				  -	      .byte	%01111110	; RETROPUTER
   5192  ffec				  -
   5193  ffec				  -			;byte %00000000 ; RETROPUTER
   5194  ffec				  -			;byte %00000000 ; RETROPUTER
   5195  ffec				  -			;byte %00000000 ; RETROPUTER
   5196  ffec				  -			;byte %00000000 ; RETROPUTER
   5197  ffec				  -
   5198  ffec				  -	      else
   5199  ffec				  -LENHEX     =	0
   5200  ffec				  -	      endif		; fontcharsHEX
   5201  ffec					      endif		; RETROPUTER
   5202  ffec
   5203  ffec				  -	      if	fontstyle == CURVES
   5204  ffec				  -
   5205  ffec				  -LENDEC     =	80
   5206  ffec				  -
   5207  ffec				  -			;byte %00000000 ; CURVES
   5208  ffec				  -
   5209  ffec				  -	      .byte	%00111100	; CURVES
   5210  ffec				  -	      .byte	%01111110	; CURVES
   5211  ffec				  -	      .byte	%01100110	; CURVES
   5212  ffec				  -	      .byte	%01100110	; CURVES
   5213  ffec				  -	      .byte	%01100110	; CURVES
   5214  ffec				  -	      .byte	%01100110	; CURVES
   5215  ffec				  -	      .byte	%01111110	; CURVES
   5216  ffec				  -	      .byte	%00111100	; CURVES
   5217  ffec				  -
   5218  ffec				  -			;byte %00000000 ; CURVES
   5219  ffec				  -
   5220  ffec				  -	      .byte	%00011000	; CURVES
   5221  ffec				  -	      .byte	%00011000	; CURVES
   5222  ffec				  -	      .byte	%00011000	; CURVES
   5223  ffec				  -	      .byte	%00011000	; CURVES
   5224  ffec				  -	      .byte	%00011000	; CURVES
   5225  ffec				  -	      .byte	%00011000	; CURVES
   5226  ffec				  -	      .byte	%01111000	; CURVES
   5227  ffec				  -	      .byte	%01110000	; CURVES
   5228  ffec				  -
   5229  ffec				  -			;byte %00000000 ; CURVES
   5230  ffec				  -
   5231  ffec				  -	      .byte	%01111110	; CURVES
   5232  ffec				  -	      .byte	%01111110	; CURVES
   5233  ffec				  -	      .byte	%01100000	; CURVES
   5234  ffec				  -	      .byte	%01111100	; CURVES
   5235  ffec				  -	      .byte	%00111110	; CURVES
   5236  ffec				  -	      .byte	%00000110	; CURVES
   5237  ffec				  -	      .byte	%01111110	; CURVES
   5238  ffec				  -	      .byte	%01111100	; CURVES
   5239  ffec				  -
   5240  ffec				  -			;byte %00000000 ; CURVES
   5241  ffec				  -
   5242  ffec				  -	      .byte	%01111100	; CURVES
   5243  ffec				  -	      .byte	%01111110	; CURVES
   5244  ffec				  -	      .byte	%00001110	; CURVES
   5245  ffec				  -	      .byte	%00111100	; CURVES
   5246  ffec				  -	      .byte	%00111100	; CURVES
   5247  ffec				  -	      .byte	%00001110	; CURVES
   5248  ffec				  -	      .byte	%01111110	; CURVES
   5249  ffec				  -	      .byte	%01111100	; CURVES
   5250  ffec				  -
   5251  ffec				  -			;byte %00000000 ; CURVES
   5252  ffec				  -
   5253  ffec				  -	      .byte	%00000110	; CURVES
   5254  ffec				  -	      .byte	%00000110	; CURVES
   5255  ffec				  -	      .byte	%00111110	; CURVES
   5256  ffec				  -	      .byte	%01111110	; CURVES
   5257  ffec				  -	      .byte	%01100110	; CURVES
   5258  ffec				  -	      .byte	%01100110	; CURVES
   5259  ffec				  -	      .byte	%01100110	; CURVES
   5260  ffec				  -	      .byte	%01100110	; CURVES
   5261  ffec				  -
   5262  ffec				  -			;byte %00000000 ; CURVES
   5263  ffec				  -
   5264  ffec				  -	      .byte	%01111100	; CURVES
   5265  ffec				  -	      .byte	%01111110	; CURVES
   5266  ffec				  -	      .byte	%00000110	; CURVES
   5267  ffec				  -	      .byte	%01111110	; CURVES
   5268  ffec				  -	      .byte	%01111100	; CURVES
   5269  ffec				  -	      .byte	%01100000	; CURVES
   5270  ffec				  -	      .byte	%01111110	; CURVES
   5271  ffec				  -	      .byte	%01111110	; CURVES
   5272  ffec				  -
   5273  ffec				  -			;byte %00000000 ; CURVES
   5274  ffec				  -
   5275  ffec				  -	      .byte	%00111100	; CURVES
   5276  ffec				  -	      .byte	%01111110	; CURVES
   5277  ffec				  -	      .byte	%01100110	; CURVES
   5278  ffec				  -	      .byte	%01111110	; CURVES
   5279  ffec				  -	      .byte	%01111100	; CURVES
   5280  ffec				  -	      .byte	%01100000	; CURVES
   5281  ffec				  -	      .byte	%01111110	; CURVES
   5282  ffec				  -	      .byte	%00111110	; CURVES
   5283  ffec				  -
   5284  ffec				  -			;byte %00000000 ; CURVES
   5285  ffec				  -
   5286  ffec				  -	      .byte	%00000110	; CURVES
   5287  ffec				  -	      .byte	%00000110	; CURVES
   5288  ffec				  -	      .byte	%00000110	; CURVES
   5289  ffec				  -	      .byte	%00000110	; CURVES
   5290  ffec				  -	      .byte	%00000110	; CURVES
   5291  ffec				  -	      .byte	%01100110	; CURVES
   5292  ffec				  -	      .byte	%01111110	; CURVES
   5293  ffec				  -	      .byte	%00111100	; CURVES
   5294  ffec				  -
   5295  ffec				  -			;byte %00000000 ; CURVES
   5296  ffec				  -
   5297  ffec				  -	      .byte	%00111100	; CURVES
   5298  ffec				  -	      .byte	%01111110	; CURVES
   5299  ffec				  -	      .byte	%01100110	; CURVES
   5300  ffec				  -	      .byte	%01111110	; CURVES
   5301  ffec				  -	      .byte	%00111100	; CURVES
   5302  ffec				  -	      .byte	%01100110	; CURVES
   5303  ffec				  -	      .byte	%01111110	; CURVES
   5304  ffec				  -	      .byte	%00111100	; CURVES
   5305  ffec				  -
   5306  ffec				  -			;byte %00000000 ; CURVES
   5307  ffec				  -
   5308  ffec				  -	      .byte	%01111100	; CURVES
   5309  ffec				  -	      .byte	%01111110	; CURVES
   5310  ffec				  -	      .byte	%00000110	; CURVES
   5311  ffec				  -	      .byte	%00111110	; CURVES
   5312  ffec				  -	      .byte	%01111110	; CURVES
   5313  ffec				  -	      .byte	%01100110	; CURVES
   5314  ffec				  -	      .byte	%01111110	; CURVES
   5315  ffec				  -	      .byte	%00111100	; CURVES
   5316  ffec				  -
   5317  ffec				  -	      ifconst	fontcharsHEX
   5318  ffec				  -LENHEX     =	48
   5319  ffec				  -
   5320  ffec				  -			;byte %00000000 ; CURVES
   5321  ffec				  -
   5322  ffec				  -	      .byte	%01100110	; CURVES
   5323  ffec				  -	      .byte	%01100110	; CURVES
   5324  ffec				  -	      .byte	%01111110	; CURVES
   5325  ffec				  -	      .byte	%01111110	; CURVES
   5326  ffec				  -	      .byte	%01100110	; CURVES
   5327  ffec				  -	      .byte	%01100110	; CURVES
   5328  ffec				  -	      .byte	%01111110	; CURVES
   5329  ffec				  -	      .byte	%00111100	; CURVES
   5330  ffec				  -
   5331  ffec				  -			;byte %00000000 ; CURVES
   5332  ffec				  -
   5333  ffec				  -	      .byte	%01111100	; CURVES
   5334  ffec				  -	      .byte	%01111110	; CURVES
   5335  ffec				  -	      .byte	%01100110	; CURVES
   5336  ffec				  -	      .byte	%01111110	; CURVES
   5337  ffec				  -	      .byte	%01111100	; CURVES
   5338  ffec				  -	      .byte	%01100110	; CURVES
   5339  ffec				  -	      .byte	%01111110	; CURVES
   5340  ffec				  -	      .byte	%01111100	; CURVES
   5341  ffec				  -
   5342  ffec				  -			;byte %00000000 ; CURVES
   5343  ffec				  -
   5344  ffec				  -	      .byte	%00111110	; CURVES
   5345  ffec				  -	      .byte	%01111110	; CURVES
   5346  ffec				  -	      .byte	%01100000	; CURVES
   5347  ffec				  -	      .byte	%01100000	; CURVES
   5348  ffec				  -	      .byte	%01100000	; CURVES
   5349  ffec				  -	      .byte	%01100000	; CURVES
   5350  ffec				  -	      .byte	%01111110	; CURVES
   5351  ffec				  -	      .byte	%00111110	; CURVES
   5352  ffec				  -
   5353  ffec				  -			;byte %00000000 ; CURVES
   5354  ffec				  -
   5355  ffec				  -	      .byte	%01111100	; CURVES
   5356  ffec				  -	      .byte	%01111110	; CURVES
   5357  ffec				  -	      .byte	%01100110	; CURVES
   5358  ffec				  -	      .byte	%01100110	; CURVES
   5359  ffec				  -	      .byte	%01100110	; CURVES
   5360  ffec				  -	      .byte	%01100110	; CURVES
   5361  ffec				  -	      .byte	%01111110	; CURVES
   5362  ffec				  -	      .byte	%01111100	; CURVES
   5363  ffec				  -
   5364  ffec				  -			;byte %00000000 ; CURVES
   5365  ffec				  -
   5366  ffec				  -	      .byte	%00111110	; CURVES
   5367  ffec				  -	      .byte	%01111110	; CURVES
   5368  ffec				  -	      .byte	%01100000	; CURVES
   5369  ffec				  -	      .byte	%01111100	; CURVES
   5370  ffec				  -	      .byte	%01111100	; CURVES
   5371  ffec				  -	      .byte	%01100000	; CURVES
   5372  ffec				  -	      .byte	%01111110	; CURVES
   5373  ffec				  -	      .byte	%00111110	; CURVES
   5374  ffec				  -
   5375  ffec				  -			;byte %00000000 ; CURVES
   5376  ffec				  -
   5377  ffec				  -	      .byte	%01100000	; CURVES
   5378  ffec				  -	      .byte	%01100000	; CURVES
   5379  ffec				  -	      .byte	%01100000	; CURVES
   5380  ffec				  -	      .byte	%01111100	; CURVES
   5381  ffec				  -	      .byte	%01111100	; CURVES
   5382  ffec				  -	      .byte	%01100000	; CURVES
   5383  ffec				  -	      .byte	%01111110	; CURVES
   5384  ffec				  -	      .byte	%00111110	; CURVES
   5385  ffec				  -
   5386  ffec				  -			;byte %00000000 ; CURVES
   5387  ffec				  -			;byte %00000000 ; CURVES
   5388  ffec				  -			;byte %00000000 ; CURVES
   5389  ffec				  -			;byte %00000000 ; CURVES
   5390  ffec				  -
   5391  ffec				  -	      else
   5392  ffec				  -LENHEX     =	0
   5393  ffec				  -	      endif		; fontcharsHEX
   5394  ffec					      endif		; CURVES
   5395  ffec
   5396  ffec
   5397  ffec				  -	      if	fontstyle == HUSKY
   5398  ffec				  -
   5399  ffec				  -LENDEC     =	80
   5400  ffec				  -
   5401  ffec				  -			;byte %00000000 ; HUSKY
   5402  ffec				  -
   5403  ffec				  -	      .byte	%01111100	; HUSKY
   5404  ffec				  -	      .byte	%11111110	; HUSKY
   5405  ffec				  -	      .byte	%11101110	; HUSKY
   5406  ffec				  -	      .byte	%11101110	; HUSKY
   5407  ffec				  -	      .byte	%11101110	; HUSKY
   5408  ffec				  -	      .byte	%11101110	; HUSKY
   5409  ffec				  -	      .byte	%11111110	; HUSKY
   5410  ffec				  -	      .byte	%01111100	; HUSKY
   5411  ffec				  -
   5412  ffec				  -			;byte %00000000 ; HUSKY
   5413  ffec				  -
   5414  ffec				  -	      .byte	%00111000	; HUSKY
   5415  ffec				  -	      .byte	%00111000	; HUSKY
   5416  ffec				  -	      .byte	%00111000	; HUSKY
   5417  ffec				  -	      .byte	%00111000	; HUSKY
   5418  ffec				  -	      .byte	%00111000	; HUSKY
   5419  ffec				  -	      .byte	%00111000	; HUSKY
   5420  ffec				  -	      .byte	%00111000	; HUSKY
   5421  ffec				  -	      .byte	%00111000	; HUSKY
   5422  ffec				  -
   5423  ffec				  -			;byte %00000000 ; HUSKY
   5424  ffec				  -
   5425  ffec				  -	      .byte	%11111110	; HUSKY
   5426  ffec				  -	      .byte	%11111110	; HUSKY
   5427  ffec				  -	      .byte	%11100000	; HUSKY
   5428  ffec				  -	      .byte	%11111100	; HUSKY
   5429  ffec				  -	      .byte	%01111110	; HUSKY
   5430  ffec				  -	      .byte	%00001110	; HUSKY
   5431  ffec				  -	      .byte	%11111110	; HUSKY
   5432  ffec				  -	      .byte	%11111100	; HUSKY
   5433  ffec				  -
   5434  ffec				  -			;byte %00000000 ; HUSKY
   5435  ffec				  -
   5436  ffec				  -	      .byte	%11111100	; HUSKY
   5437  ffec				  -	      .byte	%11111110	; HUSKY
   5438  ffec				  -	      .byte	%00001110	; HUSKY
   5439  ffec				  -	      .byte	%11111100	; HUSKY
   5440  ffec				  -	      .byte	%11111100	; HUSKY
   5441  ffec				  -	      .byte	%00001110	; HUSKY
   5442  ffec				  -	      .byte	%11111110	; HUSKY
   5443  ffec				  -	      .byte	%11111100	; HUSKY
   5444  ffec				  -
   5445  ffec				  -			;byte %00000000 ; HUSKY
   5446  ffec				  -
   5447  ffec				  -	      .byte	%00011100	; HUSKY
   5448  ffec				  -	      .byte	%00011100	; HUSKY
   5449  ffec				  -	      .byte	%11111110	; HUSKY
   5450  ffec				  -	      .byte	%11111110	; HUSKY
   5451  ffec				  -	      .byte	%11011100	; HUSKY
   5452  ffec				  -	      .byte	%11011100	; HUSKY
   5453  ffec				  -	      .byte	%00011100	; HUSKY
   5454  ffec				  -	      .byte	%00011100	; HUSKY
   5455  ffec				  -
   5456  ffec				  -			;byte %00000000 ; HUSKY
   5457  ffec				  -
   5458  ffec				  -	      .byte	%11111100	; HUSKY
   5459  ffec				  -	      .byte	%11111110	; HUSKY
   5460  ffec				  -	      .byte	%00001110	; HUSKY
   5461  ffec				  -	      .byte	%11111110	; HUSKY
   5462  ffec				  -	      .byte	%11111100	; HUSKY
   5463  ffec				  -	      .byte	%11100000	; HUSKY
   5464  ffec				  -	      .byte	%11111110	; HUSKY
   5465  ffec				  -	      .byte	%11111110	; HUSKY
   5466  ffec				  -
   5467  ffec				  -			;byte %00000000 ; HUSKY
   5468  ffec				  -
   5469  ffec				  -	      .byte	%01111100	; HUSKY
   5470  ffec				  -	      .byte	%11111110	; HUSKY
   5471  ffec				  -	      .byte	%11101110	; HUSKY
   5472  ffec				  -	      .byte	%11111110	; HUSKY
   5473  ffec				  -	      .byte	%11111100	; HUSKY
   5474  ffec				  -	      .byte	%11100000	; HUSKY
   5475  ffec				  -	      .byte	%11111110	; HUSKY
   5476  ffec				  -	      .byte	%01111110	; HUSKY
   5477  ffec				  -
   5478  ffec				  -			;byte %00000000 ; HUSKY
   5479  ffec				  -
   5480  ffec				  -	      .byte	%00111000	; HUSKY
   5481  ffec				  -	      .byte	%00111000	; HUSKY
   5482  ffec				  -	      .byte	%00111000	; HUSKY
   5483  ffec				  -	      .byte	%00111000	; HUSKY
   5484  ffec				  -	      .byte	%00011100	; HUSKY
   5485  ffec				  -	      .byte	%00001110	; HUSKY
   5486  ffec				  -	      .byte	%11111110	; HUSKY
   5487  ffec				  -	      .byte	%11111110	; HUSKY
   5488  ffec				  -
   5489  ffec				  -			;byte %00000000 ; HUSKY
   5490  ffec				  -
   5491  ffec				  -	      .byte	%01111100	; HUSKY
   5492  ffec				  -	      .byte	%11111110	; HUSKY
   5493  ffec				  -	      .byte	%11101110	; HUSKY
   5494  ffec				  -	      .byte	%11111110	; HUSKY
   5495  ffec				  -	      .byte	%01111100	; HUSKY
   5496  ffec				  -	      .byte	%11101110	; HUSKY
   5497  ffec				  -	      .byte	%11111110	; HUSKY
   5498  ffec				  -	      .byte	%01111100	; HUSKY
   5499  ffec				  -
   5500  ffec				  -			;byte %00000000 ; HUSKY
   5501  ffec				  -
   5502  ffec				  -	      .byte	%11111100	; HUSKY
   5503  ffec				  -	      .byte	%11111110	; HUSKY
   5504  ffec				  -	      .byte	%00001110	; HUSKY
   5505  ffec				  -	      .byte	%01111110	; HUSKY
   5506  ffec				  -	      .byte	%11111110	; HUSKY
   5507  ffec				  -	      .byte	%11101110	; HUSKY
   5508  ffec				  -	      .byte	%11111110	; HUSKY
   5509  ffec				  -	      .byte	%01111100	; HUSKY
   5510  ffec				  -
   5511  ffec				  -	      ifconst	fontcharsHEX
   5512  ffec				  -LENHEX     =	48
   5513  ffec				  -
   5514  ffec				  -			;byte %00000000 ; HUSKY
   5515  ffec				  -
   5516  ffec				  -	      .byte	%11101110	; HUSKY
   5517  ffec				  -	      .byte	%11101110	; HUSKY
   5518  ffec				  -	      .byte	%11111110	; HUSKY
   5519  ffec				  -	      .byte	%11111110	; HUSKY
   5520  ffec				  -	      .byte	%11101110	; HUSKY
   5521  ffec				  -	      .byte	%11111110	; HUSKY
   5522  ffec				  -	      .byte	%01111100	; HUSKY
   5523  ffec				  -	      .byte	%00111000	; HUSKY
   5524  ffec				  -
   5525  ffec				  -			;byte %00000000 ; HUSKY
   5526  ffec				  -
   5527  ffec				  -	      .byte	%11111100	; HUSKY
   5528  ffec				  -	      .byte	%11111110	; HUSKY
   5529  ffec				  -	      .byte	%11101110	; HUSKY
   5530  ffec				  -	      .byte	%11111110	; HUSKY
   5531  ffec				  -	      .byte	%11111100	; HUSKY
   5532  ffec				  -	      .byte	%11101110	; HUSKY
   5533  ffec				  -	      .byte	%11111110	; HUSKY
   5534  ffec				  -	      .byte	%11111100	; HUSKY
   5535  ffec				  -
   5536  ffec				  -			;byte %00000000 ; HUSKY
   5537  ffec				  -
   5538  ffec				  -	      .byte	%01111110	; HUSKY
   5539  ffec				  -	      .byte	%11111110	; HUSKY
   5540  ffec				  -	      .byte	%11110000	; HUSKY
   5541  ffec				  -	      .byte	%11100000	; HUSKY
   5542  ffec				  -	      .byte	%11100000	; HUSKY
   5543  ffec				  -	      .byte	%11110000	; HUSKY
   5544  ffec				  -	      .byte	%11111110	; HUSKY
   5545  ffec				  -	      .byte	%01111110	; HUSKY
   5546  ffec				  -
   5547  ffec				  -			;byte %00000000 ; HUSKY
   5548  ffec				  -
   5549  ffec				  -	      .byte	%11111000	; HUSKY
   5550  ffec				  -	      .byte	%11111100	; HUSKY
   5551  ffec				  -	      .byte	%11111110	; HUSKY
   5552  ffec				  -	      .byte	%11101110	; HUSKY
   5553  ffec				  -	      .byte	%11101110	; HUSKY
   5554  ffec				  -	      .byte	%11111110	; HUSKY
   5555  ffec				  -	      .byte	%11111100	; HUSKY
   5556  ffec				  -	      .byte	%11111000	; HUSKY
   5557  ffec				  -
   5558  ffec				  -			;byte %00000000 ; HUSKY
   5559  ffec				  -
   5560  ffec				  -	      .byte	%11111110	; HUSKY
   5561  ffec				  -	      .byte	%11111110	; HUSKY
   5562  ffec				  -	      .byte	%11100000	; HUSKY
   5563  ffec				  -	      .byte	%11111110	; HUSKY
   5564  ffec				  -	      .byte	%11111110	; HUSKY
   5565  ffec				  -	      .byte	%11100000	; HUSKY
   5566  ffec				  -	      .byte	%11111110	; HUSKY
   5567  ffec				  -	      .byte	%11111110	; HUSKY
   5568  ffec				  -
   5569  ffec				  -			;byte %00000000 ; HUSKY
   5570  ffec				  -
   5571  ffec				  -	      .byte	%11100000	; HUSKY
   5572  ffec				  -	      .byte	%11100000	; HUSKY
   5573  ffec				  -	      .byte	%11100000	; HUSKY
   5574  ffec				  -	      .byte	%11111110	; HUSKY
   5575  ffec				  -	      .byte	%11111110	; HUSKY
   5576  ffec				  -	      .byte	%11100000	; HUSKY
   5577  ffec				  -	      .byte	%11111110	; HUSKY
   5578  ffec				  -	      .byte	%11111110	; HUSKY
   5579  ffec				  -
   5580  ffec				  -			;byte %00000000 ; HUSKY
   5581  ffec				  -			;byte %00000000 ; HUSKY
   5582  ffec				  -			;byte %00000000 ; HUSKY
   5583  ffec				  -			;byte %00000000 ; HUSKY
   5584  ffec				  -
   5585  ffec				  -	      else
   5586  ffec				  -LENHEX     =	0
   5587  ffec				  -	      endif		; fontcharsHEX
   5588  ffec					      endif		; HUSKY
   5589  ffec
   5590  ffec
   5591  ffec				  -	      if	fontstyle == SNAKE
   5592  ffec				  -
   5593  ffec				  -LENDEC     =	80
   5594  ffec				  -
   5595  ffec				  -			;byte %00000000 ; SNAKE
   5596  ffec				  -
   5597  ffec				  -	      .byte	%01111110	; SNAKE
   5598  ffec				  -	      .byte	%01000010	; SNAKE
   5599  ffec				  -	      .byte	%01000010	; SNAKE
   5600  ffec				  -	      .byte	%01000010	; SNAKE
   5601  ffec				  -	      .byte	%01000010	; SNAKE
   5602  ffec				  -	      .byte	%01000010	; SNAKE
   5603  ffec				  -	      .byte	%01000010	; SNAKE
   5604  ffec				  -	      .byte	%01111110	; SNAKE
   5605  ffec				  -
   5606  ffec				  -			;byte %00000000 ; SNAKE
   5607  ffec				  -
   5608  ffec				  -	      .byte	%00111000	; SNAKE
   5609  ffec				  -	      .byte	%00101000	; SNAKE
   5610  ffec				  -	      .byte	%00001000	; SNAKE
   5611  ffec				  -	      .byte	%00001000	; SNAKE
   5612  ffec				  -	      .byte	%00001000	; SNAKE
   5613  ffec				  -	      .byte	%00001000	; SNAKE
   5614  ffec				  -	      .byte	%00001000	; SNAKE
   5615  ffec				  -	      .byte	%00111000	; SNAKE
   5616  ffec				  -
   5617  ffec				  -			;byte %00000000 ; SNAKE
   5618  ffec				  -
   5619  ffec				  -	      .byte	%01111110	; SNAKE
   5620  ffec				  -	      .byte	%01000010	; SNAKE
   5621  ffec				  -	      .byte	%01000110	; SNAKE
   5622  ffec				  -	      .byte	%01000000	; SNAKE
   5623  ffec				  -	      .byte	%01111110	; SNAKE
   5624  ffec				  -	      .byte	%00000010	; SNAKE
   5625  ffec				  -	      .byte	%01000010	; SNAKE
   5626  ffec				  -	      .byte	%01111110	; SNAKE
   5627  ffec				  -
   5628  ffec				  -			;byte %00000000 ; SNAKE
   5629  ffec				  -
   5630  ffec				  -	      .byte	%01111110	; SNAKE
   5631  ffec				  -	      .byte	%01000010	; SNAKE
   5632  ffec				  -	      .byte	%01100010	; SNAKE
   5633  ffec				  -	      .byte	%00000010	; SNAKE
   5634  ffec				  -	      .byte	%01111110	; SNAKE
   5635  ffec				  -	      .byte	%00000010	; SNAKE
   5636  ffec				  -	      .byte	%01000010	; SNAKE
   5637  ffec				  -	      .byte	%01111110	; SNAKE
   5638  ffec				  -
   5639  ffec				  -			;byte %00000000 ; SNAKE
   5640  ffec				  -
   5641  ffec				  -	      .byte	%00001110	; SNAKE
   5642  ffec				  -	      .byte	%00001010	; SNAKE
   5643  ffec				  -	      .byte	%00000010	; SNAKE
   5644  ffec				  -	      .byte	%01111110	; SNAKE
   5645  ffec				  -	      .byte	%01000010	; SNAKE
   5646  ffec				  -	      .byte	%01000010	; SNAKE
   5647  ffec				  -	      .byte	%01000010	; SNAKE
   5648  ffec				  -	      .byte	%01100110	; SNAKE
   5649  ffec				  -
   5650  ffec				  -			;byte %00000000 ; SNAKE
   5651  ffec				  -
   5652  ffec				  -	      .byte	%01111110	; SNAKE
   5653  ffec				  -	      .byte	%01000010	; SNAKE
   5654  ffec				  -	      .byte	%01100010	; SNAKE
   5655  ffec				  -	      .byte	%00000010	; SNAKE
   5656  ffec				  -	      .byte	%01111110	; SNAKE
   5657  ffec				  -	      .byte	%01000000	; SNAKE
   5658  ffec				  -	      .byte	%01000010	; SNAKE
   5659  ffec				  -	      .byte	%01111110	; SNAKE
   5660  ffec				  -
   5661  ffec				  -			;byte %00000000 ; SNAKE
   5662  ffec				  -
   5663  ffec				  -	      .byte	%01111110	; SNAKE
   5664  ffec				  -	      .byte	%01000010	; SNAKE
   5665  ffec				  -	      .byte	%01000010	; SNAKE
   5666  ffec				  -	      .byte	%01111110	; SNAKE
   5667  ffec				  -	      .byte	%01000000	; SNAKE
   5668  ffec				  -	      .byte	%01000110	; SNAKE
   5669  ffec				  -	      .byte	%01000010	; SNAKE
   5670  ffec				  -	      .byte	%01111110	; SNAKE
   5671  ffec				  -
   5672  ffec				  -			;byte %00000000 ; SNAKE
   5673  ffec				  -
   5674  ffec				  -	      .byte	%00000110	; SNAKE
   5675  ffec				  -	      .byte	%00000010	; SNAKE
   5676  ffec				  -	      .byte	%00000010	; SNAKE
   5677  ffec				  -	      .byte	%00000010	; SNAKE
   5678  ffec				  -	      .byte	%00000010	; SNAKE
   5679  ffec				  -	      .byte	%01100010	; SNAKE
   5680  ffec				  -	      .byte	%01000010	; SNAKE
   5681  ffec				  -	      .byte	%01111110	; SNAKE
   5682  ffec				  -
   5683  ffec				  -			;byte %00000000 ; SNAKE
   5684  ffec				  -
   5685  ffec				  -	      .byte	%01111110	; SNAKE
   5686  ffec				  -	      .byte	%01000010	; SNAKE
   5687  ffec				  -	      .byte	%01000010	; SNAKE
   5688  ffec				  -	      .byte	%01000010	; SNAKE
   5689  ffec				  -	      .byte	%01111110	; SNAKE
   5690  ffec				  -	      .byte	%01000010	; SNAKE
   5691  ffec				  -	      .byte	%01000010	; SNAKE
   5692  ffec				  -	      .byte	%01111110	; SNAKE
   5693  ffec				  -
   5694  ffec				  -			;byte %00000000 ; SNAKE
   5695  ffec				  -
   5696  ffec				  -	      .byte	%00001110	; SNAKE
   5697  ffec				  -	      .byte	%00001010	; SNAKE
   5698  ffec				  -	      .byte	%00000010	; SNAKE
   5699  ffec				  -	      .byte	%00000010	; SNAKE
   5700  ffec				  -	      .byte	%01111110	; SNAKE
   5701  ffec				  -	      .byte	%01000010	; SNAKE
   5702  ffec				  -	      .byte	%01000010	; SNAKE
   5703  ffec				  -	      .byte	%01111110	; SNAKE
   5704  ffec				  -
   5705  ffec				  -
   5706  ffec				  -	      ifconst	fontcharsHEX
   5707  ffec				  -LENHEX     =	48
   5708  ffec				  -
   5709  ffec				  -			;byte %00000000 ; SNAKE
   5710  ffec				  -
   5711  ffec				  -	      .byte	%01100110	; SNAKE
   5712  ffec				  -	      .byte	%01000010	; SNAKE
   5713  ffec				  -	      .byte	%01000010	; SNAKE
   5714  ffec				  -	      .byte	%01000010	; SNAKE
   5715  ffec				  -	      .byte	%01111110	; SNAKE
   5716  ffec				  -	      .byte	%01000010	; SNAKE
   5717  ffec				  -	      .byte	%01000010	; SNAKE
   5718  ffec				  -	      .byte	%01111110	; SNAKE
   5719  ffec				  -
   5720  ffec				  -			;byte %00000000 ; SNAKE
   5721  ffec				  -
   5722  ffec				  -	      .byte	%01111110	; SNAKE
   5723  ffec				  -	      .byte	%01000010	; SNAKE
   5724  ffec				  -	      .byte	%01000010	; SNAKE
   5725  ffec				  -	      .byte	%01000110	; SNAKE
   5726  ffec				  -	      .byte	%01111100	; SNAKE
   5727  ffec				  -	      .byte	%01000110	; SNAKE
   5728  ffec				  -	      .byte	%01000010	; SNAKE
   5729  ffec				  -	      .byte	%01111110	; SNAKE
   5730  ffec				  -
   5731  ffec				  -			;byte %00000000 ; SNAKE
   5732  ffec				  -
   5733  ffec				  -	      .byte	%01111110	; SNAKE
   5734  ffec				  -	      .byte	%01000010	; SNAKE
   5735  ffec				  -	      .byte	%01000110	; SNAKE
   5736  ffec				  -	      .byte	%01000000	; SNAKE
   5737  ffec				  -	      .byte	%01000000	; SNAKE
   5738  ffec				  -	      .byte	%01000110	; SNAKE
   5739  ffec				  -	      .byte	%01000010	; SNAKE
   5740  ffec				  -	      .byte	%01111110	; SNAKE
   5741  ffec				  -
   5742  ffec				  -			;byte %00000000 ; SNAKE
   5743  ffec				  -
   5744  ffec				  -	      .byte	%01111100	; SNAKE
   5745  ffec				  -	      .byte	%01000110	; SNAKE
   5746  ffec				  -	      .byte	%01000010	; SNAKE
   5747  ffec				  -	      .byte	%01000010	; SNAKE
   5748  ffec				  -	      .byte	%01000010	; SNAKE
   5749  ffec				  -	      .byte	%01000010	; SNAKE
   5750  ffec				  -	      .byte	%01000110	; SNAKE
   5751  ffec				  -	      .byte	%01111100	; SNAKE
   5752  ffec				  -
   5753  ffec				  -			;byte %00000000 ; SNAKE
   5754  ffec				  -
   5755  ffec				  -	      .byte	%01111110	; SNAKE
   5756  ffec				  -	      .byte	%01000010	; SNAKE
   5757  ffec				  -	      .byte	%01000110	; SNAKE
   5758  ffec				  -	      .byte	%01000000	; SNAKE
   5759  ffec				  -	      .byte	%01111000	; SNAKE
   5760  ffec				  -	      .byte	%01000000	; SNAKE
   5761  ffec				  -	      .byte	%01000010	; SNAKE
   5762  ffec				  -	      .byte	%01111110	; SNAKE
   5763  ffec				  -
   5764  ffec				  -			;byte %00000000 ; SNAKE
   5765  ffec				  -
   5766  ffec				  -	      .byte	%01000000	; SNAKE
   5767  ffec				  -	      .byte	%01000000	; SNAKE
   5768  ffec				  -	      .byte	%01000000	; SNAKE
   5769  ffec				  -	      .byte	%01000000	; SNAKE
   5770  ffec				  -	      .byte	%01111000	; SNAKE
   5771  ffec				  -	      .byte	%01000000	; SNAKE
   5772  ffec				  -	      .byte	%01000010	; SNAKE
   5773  ffec				  -	      .byte	%01111110	; SNAKE
   5774  ffec				  -
   5775  ffec				  -			;byte %00000000 ; SNAKE
   5776  ffec				  -			;byte %00000000 ; SNAKE
   5777  ffec				  -			;byte %00000000 ; SNAKE
   5778  ffec				  -			;byte %00000000 ; SNAKE
   5779  ffec				  -
   5780  ffec				  -	      else
   5781  ffec				  -LENHEX     =	0
   5782  ffec				  -	      endif		; fontcharsHEX
   5783  ffec					      endif		; SNAKE
   5784  ffec
   5785  ffec				  -	      if	fontstyle == PLOK
   5786  ffec				  -LENDEC     =	80
   5787  ffec				  -
   5788  ffec				  -			;byte %00000000 ; PLOK
   5789  ffec				  -
   5790  ffec				  -	      .byte	%00000000	; PLOK
   5791  ffec				  -	      .byte	%00111000	; PLOK
   5792  ffec				  -	      .byte	%01100100	; PLOK
   5793  ffec				  -	      .byte	%01100010	; PLOK
   5794  ffec				  -	      .byte	%01100010	; PLOK
   5795  ffec				  -	      .byte	%00110110	; PLOK
   5796  ffec				  -	      .byte	%00011100	; PLOK
   5797  ffec				  -	      .byte	%00000000	; PLOK
   5798  ffec				  -
   5799  ffec				  -			;byte %00000000 ; PLOK
   5800  ffec				  -
   5801  ffec				  -	      .byte	%00000000	; PLOK
   5802  ffec				  -	      .byte	%00010000	; PLOK
   5803  ffec				  -	      .byte	%00011100	; PLOK
   5804  ffec				  -	      .byte	%00011100	; PLOK
   5805  ffec				  -	      .byte	%00011000	; PLOK
   5806  ffec				  -	      .byte	%00111000	; PLOK
   5807  ffec				  -	      .byte	%00011000	; PLOK
   5808  ffec				  -	      .byte	%00000000	; PLOK
   5809  ffec				  -
   5810  ffec				  -			;byte %00000000 ; PLOK
   5811  ffec				  -
   5812  ffec				  -	      .byte	%00000000	; PLOK
   5813  ffec				  -	      .byte	%00001110	; PLOK
   5814  ffec				  -	      .byte	%01111110	; PLOK
   5815  ffec				  -	      .byte	%00011000	; PLOK
   5816  ffec				  -	      .byte	%00001100	; PLOK
   5817  ffec				  -	      .byte	%00000110	; PLOK
   5818  ffec				  -	      .byte	%00111100	; PLOK
   5819  ffec				  -	      .byte	%00000000	; PLOK
   5820  ffec				  -
   5821  ffec				  -			;byte %00000000 ; PLOK
   5822  ffec				  -
   5823  ffec				  -	      .byte	%00000000	; PLOK
   5824  ffec				  -	      .byte	%00111100	; PLOK
   5825  ffec				  -	      .byte	%01101110	; PLOK
   5826  ffec				  -	      .byte	%00001110	; PLOK
   5827  ffec				  -	      .byte	%00011100	; PLOK
   5828  ffec				  -	      .byte	%00000110	; PLOK
   5829  ffec				  -	      .byte	%01111100	; PLOK
   5830  ffec				  -	      .byte	%00000000	; PLOK
   5831  ffec				  -
   5832  ffec				  -			;byte %00000000 ; PLOK
   5833  ffec				  -
   5834  ffec				  -	      .byte	%00000000	; PLOK
   5835  ffec				  -	      .byte	%00011000	; PLOK
   5836  ffec				  -	      .byte	%01111110	; PLOK
   5837  ffec				  -	      .byte	%01101100	; PLOK
   5838  ffec				  -	      .byte	%00100100	; PLOK
   5839  ffec				  -	      .byte	%00110000	; PLOK
   5840  ffec				  -	      .byte	%00110000	; PLOK
   5841  ffec				  -	      .byte	%00000000	; PLOK
   5842  ffec				  -
   5843  ffec				  -			;byte %00000000 ; PLOK
   5844  ffec				  -
   5845  ffec				  -	      .byte	%00000000	; PLOK
   5846  ffec				  -	      .byte	%00111100	; PLOK
   5847  ffec				  -	      .byte	%01001110	; PLOK
   5848  ffec				  -	      .byte	%00011100	; PLOK
   5849  ffec				  -	      .byte	%01100000	; PLOK
   5850  ffec				  -	      .byte	%01111100	; PLOK
   5851  ffec				  -	      .byte	%00011100	; PLOK
   5852  ffec				  -	      .byte	%00000000	; PLOK
   5853  ffec				  -
   5854  ffec				  -			;byte %00000000 ; PLOK
   5855  ffec				  -
   5856  ffec				  -	      .byte	%00000000	; PLOK
   5857  ffec				  -	      .byte	%00111100	; PLOK
   5858  ffec				  -	      .byte	%01000110	; PLOK
   5859  ffec				  -	      .byte	%01101100	; PLOK
   5860  ffec				  -	      .byte	%01110000	; PLOK
   5861  ffec				  -	      .byte	%00111000	; PLOK
   5862  ffec				  -	      .byte	%00010000	; PLOK
   5863  ffec				  -	      .byte	%00000000	; PLOK
   5864  ffec				  -
   5865  ffec				  -			;byte %00000000 ; PLOK
   5866  ffec				  -
   5867  ffec				  -	      .byte	%00000000	; PLOK
   5868  ffec				  -	      .byte	%00111100	; PLOK
   5869  ffec				  -	      .byte	%00011100	; PLOK
   5870  ffec				  -	      .byte	%00001100	; PLOK
   5871  ffec				  -	      .byte	%00000110	; PLOK
   5872  ffec				  -	      .byte	%01111110	; PLOK
   5873  ffec				  -	      .byte	%00110000	; PLOK
   5874  ffec				  -	      .byte	%00000000	; PLOK
   5875  ffec				  -
   5876  ffec				  -			;byte %00000000 ; PLOK
   5877  ffec				  -
   5878  ffec				  -	      .byte	%00000000	; PLOK
   5879  ffec				  -	      .byte	%00111100	; PLOK
   5880  ffec				  -	      .byte	%01001110	; PLOK
   5881  ffec				  -	      .byte	%01101110	; PLOK
   5882  ffec				  -	      .byte	%00111100	; PLOK
   5883  ffec				  -	      .byte	%01100100	; PLOK
   5884  ffec				  -	      .byte	%00111000	; PLOK
   5885  ffec				  -	      .byte	%00000000	; PLOK
   5886  ffec				  -
   5887  ffec				  -			;byte %00000000 ; PLOK
   5888  ffec				  -
   5889  ffec				  -	      .byte	%00000000	; PLOK
   5890  ffec				  -	      .byte	%00011000	; PLOK
   5891  ffec				  -	      .byte	%00001100	; PLOK
   5892  ffec				  -	      .byte	%00011100	; PLOK
   5893  ffec				  -	      .byte	%00100110	; PLOK
   5894  ffec				  -	      .byte	%01001110	; PLOK
   5895  ffec				  -	      .byte	%00111100	; PLOK
   5896  ffec				  -	      .byte	%00000000	; PLOK
   5897  ffec				  -
   5898  ffec				  -	      ifconst	fontcharsHEX
   5899  ffec				  -LENHEX     =	48
   5900  ffec				  -
   5901  ffec				  -			;byte %00000000 ; PLOK
   5902  ffec				  -
   5903  ffec				  -	      .byte	%00000000	; PLOK
   5904  ffec				  -	      .byte	%01100010	; PLOK
   5905  ffec				  -	      .byte	%01100110	; PLOK
   5906  ffec				  -	      .byte	%01111110	; PLOK
   5907  ffec				  -	      .byte	%00101100	; PLOK
   5908  ffec				  -	      .byte	%00101000	; PLOK
   5909  ffec				  -	      .byte	%00110000	; PLOK
   5910  ffec				  -	      .byte	%00000000	; PLOK
   5911  ffec				  -
   5912  ffec				  -			;byte %00000000 ; PLOK
   5913  ffec				  -
   5914  ffec				  -	      .byte	%00000000	; PLOK
   5915  ffec				  -	      .byte	%01111100	; PLOK
   5916  ffec				  -	      .byte	%00110010	; PLOK
   5917  ffec				  -	      .byte	%00110110	; PLOK
   5918  ffec				  -	      .byte	%00111100	; PLOK
   5919  ffec				  -	      .byte	%00110110	; PLOK
   5920  ffec				  -	      .byte	%01111100	; PLOK
   5921  ffec				  -	      .byte	%00000000	; PLOK
   5922  ffec				  -
   5923  ffec				  -			;byte %00000000 ; PLOK
   5924  ffec				  -
   5925  ffec				  -	      .byte	%00000000	; PLOK
   5926  ffec				  -	      .byte	%00111100	; PLOK
   5927  ffec				  -	      .byte	%01100110	; PLOK
   5928  ffec				  -	      .byte	%01100000	; PLOK
   5929  ffec				  -	      .byte	%01100100	; PLOK
   5930  ffec				  -	      .byte	%00101110	; PLOK
   5931  ffec				  -	      .byte	%00011100	; PLOK
   5932  ffec				  -	      .byte	%00000000	; PLOK
   5933  ffec				  -
   5934  ffec				  -			;byte %00000000 ; PLOK
   5935  ffec				  -
   5936  ffec				  -	      .byte	%00000000	; PLOK
   5937  ffec				  -	      .byte	%01111100	; PLOK
   5938  ffec				  -	      .byte	%00110010	; PLOK
   5939  ffec				  -	      .byte	%00110010	; PLOK
   5940  ffec				  -	      .byte	%00110110	; PLOK
   5941  ffec				  -	      .byte	%01111100	; PLOK
   5942  ffec				  -	      .byte	%01111000	; PLOK
   5943  ffec				  -	      .byte	%00000000	; PLOK
   5944  ffec				  -
   5945  ffec				  -			;byte %00000000 ; PLOK
   5946  ffec				  -
   5947  ffec				  -	      .byte	%00000000	; PLOK
   5948  ffec				  -	      .byte	%01111110	; PLOK
   5949  ffec				  -	      .byte	%00110000	; PLOK
   5950  ffec				  -	      .byte	%00111000	; PLOK
   5951  ffec				  -	      .byte	%00111100	; PLOK
   5952  ffec				  -	      .byte	%00110000	; PLOK
   5953  ffec				  -	      .byte	%01111110	; PLOK
   5954  ffec				  -	      .byte	%00000000	; PLOK
   5955  ffec				  -
   5956  ffec				  -			;byte %00000000 ; PLOK
   5957  ffec				  -
   5958  ffec				  -	      .byte	%00000000	; PLOK
   5959  ffec				  -	      .byte	%01100000	; PLOK
   5960  ffec				  -	      .byte	%01100000	; PLOK
   5961  ffec				  -	      .byte	%00111000	; PLOK
   5962  ffec				  -	      .byte	%00100000	; PLOK
   5963  ffec				  -	      .byte	%01111110	; PLOK
   5964  ffec				  -	      .byte	%00011100	; PLOK
   5965  ffec				  -	      .byte	%00000000	; PLOK
   5966  ffec				  -
   5967  ffec				  -			;byte %00000000 ; PLOK
   5968  ffec				  -			;byte %00000000 ; PLOK
   5969  ffec				  -			;byte %00000000 ; PLOK
   5970  ffec				  -			;byte %00000000 ; PLOK
   5971  ffec				  -
   5972  ffec				  -
   5973  ffec				  -	      else
   5974  ffec				  -LENHEX     =	0
   5975  ffec				  -	      endif		; fontcharsHEX
   5976  ffec					      endif		; PLOK
   5977  ffec
   5978  ffec
   5979  ffec
   5980  ffec				  -	      if	fontstyle == SQUISH
   5981  ffec				  -
   5982  ffec				  -LENDEC     =	80
   5983  ffec				  -
   5984  ffec				  -			;byte %00000000 ; SQUISH
   5985  ffec				  -
   5986  ffec				  -	      .byte	%00111100	; SQUISH
   5987  ffec				  -	      .byte	%01100110	; SQUISH
   5988  ffec				  -	      .byte	%01100110	; SQUISH
   5989  ffec				  -	      .byte	%01100110	; SQUISH
   5990  ffec				  -	      .byte	%00111100	; SQUISH
   5991  ffec				  -	      .byte	%00000000	; SQUISH
   5992  ffec				  -	      .byte	%00000000	; SQUISH
   5993  ffec				  -	      .byte	%00000000	; SQUISH
   5994  ffec				  -
   5995  ffec				  -			;byte %00000000 ; SQUISH
   5996  ffec				  -
   5997  ffec				  -	      .byte	%01111110	; SQUISH
   5998  ffec				  -	      .byte	%00011000	; SQUISH
   5999  ffec				  -	      .byte	%00011000	; SQUISH
   6000  ffec				  -	      .byte	%00111000	; SQUISH
   6001  ffec				  -	      .byte	%00011000	; SQUISH
   6002  ffec				  -	      .byte	%00000000	; SQUISH
   6003  ffec				  -	      .byte	%00000000	; SQUISH
   6004  ffec				  -	      .byte	%00000000	; SQUISH
   6005  ffec				  -
   6006  ffec				  -			;byte %00000000 ; SQUISH
   6007  ffec				  -
   6008  ffec				  -	      .byte	%01111110	; SQUISH
   6009  ffec				  -	      .byte	%01100000	; SQUISH
   6010  ffec				  -	      .byte	%00111100	; SQUISH
   6011  ffec				  -	      .byte	%00000110	; SQUISH
   6012  ffec				  -	      .byte	%01111100	; SQUISH
   6013  ffec				  -	      .byte	%00000000	; SQUISH
   6014  ffec				  -	      .byte	%00000000	; SQUISH
   6015  ffec				  -	      .byte	%00000000	; SQUISH
   6016  ffec				  -
   6017  ffec				  -			;byte %00000000 ; SQUISH
   6018  ffec				  -
   6019  ffec				  -	      .byte	%01111100	; SQUISH
   6020  ffec				  -	      .byte	%00000110	; SQUISH
   6021  ffec				  -	      .byte	%00011100	; SQUISH
   6022  ffec				  -	      .byte	%00000110	; SQUISH
   6023  ffec				  -	      .byte	%01111100	; SQUISH
   6024  ffec				  -	      .byte	%00000000	; SQUISH
   6025  ffec				  -	      .byte	%00000000	; SQUISH
   6026  ffec				  -	      .byte	%00000000	; SQUISH
   6027  ffec				  -
   6028  ffec				  -			;byte %00000000 ; SQUISH
   6029  ffec				  -
   6030  ffec				  -	      .byte	%00001100	; SQUISH
   6031  ffec				  -	      .byte	%01111110	; SQUISH
   6032  ffec				  -	      .byte	%01001100	; SQUISH
   6033  ffec				  -	      .byte	%00101100	; SQUISH
   6034  ffec				  -	      .byte	%00011100	; SQUISH
   6035  ffec				  -	      .byte	%00000000	; SQUISH
   6036  ffec				  -	      .byte	%00000000	; SQUISH
   6037  ffec				  -	      .byte	%00000000	; SQUISH
   6038  ffec				  -
   6039  ffec				  -			;byte %00000000 ; SQUISH
   6040  ffec				  -
   6041  ffec				  -	      .byte	%01111100	; SQUISH
   6042  ffec				  -	      .byte	%00000110	; SQUISH
   6043  ffec				  -	      .byte	%00111100	; SQUISH
   6044  ffec				  -	      .byte	%01100000	; SQUISH
   6045  ffec				  -	      .byte	%01111110	; SQUISH
   6046  ffec				  -	      .byte	%00000000	; SQUISH
   6047  ffec				  -	      .byte	%00000000	; SQUISH
   6048  ffec				  -	      .byte	%00000000	; SQUISH
   6049  ffec				  -
   6050  ffec				  -			;byte %00000000 ; SQUISH
   6051  ffec				  -
   6052  ffec				  -	      .byte	%00111100	; SQUISH
   6053  ffec				  -	      .byte	%01100110	; SQUISH
   6054  ffec				  -	      .byte	%01111100	; SQUISH
   6055  ffec				  -	      .byte	%01100000	; SQUISH
   6056  ffec				  -	      .byte	%00111100	; SQUISH
   6057  ffec				  -	      .byte	%00000000	; SQUISH
   6058  ffec				  -	      .byte	%00000000	; SQUISH
   6059  ffec				  -	      .byte	%00000000	; SQUISH
   6060  ffec				  -
   6061  ffec				  -			;byte %00000000 ; SQUISH
   6062  ffec				  -
   6063  ffec				  -	      .byte	%00110000	; SQUISH
   6064  ffec				  -	      .byte	%00011000	; SQUISH
   6065  ffec				  -	      .byte	%00001100	; SQUISH
   6066  ffec				  -	      .byte	%00000110	; SQUISH
   6067  ffec				  -	      .byte	%01111110	; SQUISH
   6068  ffec				  -	      .byte	%00000000	; SQUISH
   6069  ffec				  -	      .byte	%00000000	; SQUISH
   6070  ffec				  -	      .byte	%00000000	; SQUISH
   6071  ffec				  -
   6072  ffec				  -			;byte %00000000 ; SQUISH
   6073  ffec				  -
   6074  ffec				  -	      .byte	%00111100	; SQUISH
   6075  ffec				  -	      .byte	%01100110	; SQUISH
   6076  ffec				  -	      .byte	%00111100	; SQUISH
   6077  ffec				  -	      .byte	%01100110	; SQUISH
   6078  ffec				  -	      .byte	%00111100	; SQUISH
   6079  ffec				  -	      .byte	%00000000	; SQUISH
   6080  ffec				  -	      .byte	%00000000	; SQUISH
   6081  ffec				  -	      .byte	%00000000	; SQUISH
   6082  ffec				  -
   6083  ffec				  -			;byte %00000000 ; SQUISH
   6084  ffec				  -
   6085  ffec				  -	      .byte	%00111100	; SQUISH
   6086  ffec				  -	      .byte	%00000110	; SQUISH
   6087  ffec				  -	      .byte	%00111110	; SQUISH
   6088  ffec				  -	      .byte	%01100110	; SQUISH
   6089  ffec				  -	      .byte	%00111100	; SQUISH
   6090  ffec				  -	      .byte	%00000000	; SQUISH
   6091  ffec				  -	      .byte	%00000000	; SQUISH
   6092  ffec				  -	      .byte	%00000000	; SQUISH
   6093  ffec				  -
   6094  ffec				  -			;byte %00000000 ; SQUISH
   6095  ffec				  -
   6096  ffec				  -	      ifconst	fontcharsHEX
   6097  ffec				  -LENHEX     =	48
   6098  ffec				  -
   6099  ffec				  -	      .byte	%01100110	; SQUISH
   6100  ffec				  -	      .byte	%01100110	; SQUISH
   6101  ffec				  -	      .byte	%01111110	; SQUISH
   6102  ffec				  -	      .byte	%01100110	; SQUISH
   6103  ffec				  -	      .byte	%00111100	; SQUISH
   6104  ffec				  -	      .byte	%00000000	; SQUISH
   6105  ffec				  -	      .byte	%00000000	; SQUISH
   6106  ffec				  -	      .byte	%00000000	; SQUISH
   6107  ffec				  -
   6108  ffec				  -			;byte %00000000 ; SQUISH
   6109  ffec				  -
   6110  ffec				  -	      .byte	%01111100	; SQUISH
   6111  ffec				  -	      .byte	%01100110	; SQUISH
   6112  ffec				  -	      .byte	%01111100	; SQUISH
   6113  ffec				  -	      .byte	%01100110	; SQUISH
   6114  ffec				  -	      .byte	%01111100	; SQUISH
   6115  ffec				  -	      .byte	%00000000	; SQUISH
   6116  ffec				  -	      .byte	%00000000	; SQUISH
   6117  ffec				  -	      .byte	%00000000	; SQUISH
   6118  ffec				  -
   6119  ffec				  -			;byte %00000000 ; SQUISH
   6120  ffec				  -
   6121  ffec				  -	      .byte	%00111100	; SQUISH
   6122  ffec				  -	      .byte	%01100110	; SQUISH
   6123  ffec				  -	      .byte	%01100000	; SQUISH
   6124  ffec				  -	      .byte	%01100110	; SQUISH
   6125  ffec				  -	      .byte	%00111100	; SQUISH
   6126  ffec				  -	      .byte	%00000000	; SQUISH
   6127  ffec				  -	      .byte	%00000000	; SQUISH
   6128  ffec				  -	      .byte	%00000000	; SQUISH
   6129  ffec				  -
   6130  ffec				  -			;byte %00000000 ; SQUISH
   6131  ffec				  -
   6132  ffec				  -	      .byte	%01111100	; SQUISH
   6133  ffec				  -	      .byte	%01100110	; SQUISH
   6134  ffec				  -	      .byte	%01100110	; SQUISH
   6135  ffec				  -	      .byte	%01100110	; SQUISH
   6136  ffec				  -	      .byte	%01111100	; SQUISH
   6137  ffec				  -	      .byte	%00000000	; SQUISH
   6138  ffec				  -	      .byte	%00000000	; SQUISH
   6139  ffec				  -	      .byte	%00000000	; SQUISH
   6140  ffec				  -
   6141  ffec				  -			;byte %00000000 ; SQUISH
   6142  ffec				  -
   6143  ffec				  -	      .byte	%01111110	; SQUISH
   6144  ffec				  -	      .byte	%01100000	; SQUISH
   6145  ffec				  -	      .byte	%01111100	; SQUISH
   6146  ffec				  -	      .byte	%01100000	; SQUISH
   6147  ffec				  -	      .byte	%01111110	; SQUISH
   6148  ffec				  -	      .byte	%00000000	; SQUISH
   6149  ffec				  -	      .byte	%00000000	; SQUISH
   6150  ffec				  -	      .byte	%00000000	; SQUISH
   6151  ffec				  -
   6152  ffec				  -			;byte %00000000 ; SQUISH
   6153  ffec				  -
   6154  ffec				  -	      .byte	%01100000	; SQUISH
   6155  ffec				  -	      .byte	%01100000	; SQUISH
   6156  ffec				  -	      .byte	%01111100	; SQUISH
   6157  ffec				  -	      .byte	%01100000	; SQUISH
   6158  ffec				  -	      .byte	%01111110	; SQUISH
   6159  ffec				  -	      .byte	%00000000	; SQUISH
   6160  ffec				  -	      .byte	%00000000	; SQUISH
   6161  ffec				  -	      .byte	%00000000	; SQUISH
   6162  ffec				  -
   6163  ffec				  -			;byte %00000000 ; SQUISH
   6164  ffec				  -			;byte %00000000 ; SQUISH
   6165  ffec				  -			;byte %00000000 ; SQUISH
   6166  ffec				  -			;byte %00000000 ; SQUISH
   6167  ffec				  -
   6168  ffec				  -	      else
   6169  ffec				  -LENHEX     =	0
   6170  ffec				  -	      endif		; fontcharsHEX
   6171  ffec					      endif		; SQUISH
   6172  ffec
   6173  ffec
   6174  ffec
   6175  ffec
   6176  ffec
   6177  ffec
   6178  ffec				  -	      if	fontstyle == NOFONT
   6179  ffec				  -LENDEC     =	0
   6180  ffec				  -LENHEX     =	0
   6181  ffec					      endif		; NOFONT
   6182  ffec
   6183  ffec
   6184  ffec							; ### any characters that aren't font specific follow...
   6185  ffec
   6186  ffec				  -	      ifconst	fontcharSPACE
   6187  ffec				  -LENSPACE   =	8
   6188  ffec				  -			;byte %00000000 ; SYMBOLS
   6189  ffec				  -
   6190  ffec				  -	      .byte	%00000000	; SYMBOLS
   6191  ffec				  -	      .byte	%00000000	; SYMBOLS
   6192  ffec				  -	      .byte	%00000000	; SYMBOLS
   6193  ffec				  -	      .byte	%00000000	; SYMBOLS
   6194  ffec				  -	      .byte	%00000000	; SYMBOLS
   6195  ffec				  -	      .byte	%00000000	; SYMBOLS
   6196  ffec				  -	      .byte	%00000000	; SYMBOLS
   6197  ffec				  -	      .byte	%00000000	; SYMBOLS
   6198  ffec				  -
   6199  ffec				  -			;byte %00000000 ; SYMBOLS
   6200  ffec					      else
   6201  ffec		       00 00	   LENSPACE   =	0
   6202  ffec					      endif		; fontcharSPACE
   6203  ffec
   6204  ffec				  -	      ifconst	fontcharDOLLAR
   6205  ffec				  -LENDOLLAR  =	8
   6206  ffec				  -			;byte %00000000 ; SYMBOLS
   6207  ffec				  -
   6208  ffec				  -	      .byte	%00000000	; SYMBOLS
   6209  ffec				  -	      .byte	%00010000	; SYMBOLS
   6210  ffec				  -	      .byte	%01111100	; SYMBOLS
   6211  ffec				  -	      .byte	%00010010	; SYMBOLS
   6212  ffec				  -	      .byte	%01111100	; SYMBOLS
   6213  ffec				  -	      .byte	%10010000	; SYMBOLS
   6214  ffec				  -	      .byte	%01111100	; SYMBOLS
   6215  ffec				  -	      .byte	%00010000	; SYMBOLS
   6216  ffec				  -
   6217  ffec				  -			;byte %00000000 ; SYMBOLS
   6218  ffec				  -
   6219  ffec					      else
   6220  ffec		       00 00	   LENDOLLAR  =	0
   6221  ffec					      endif		; fontcharDOLLAR
   6222  ffec
   6223  ffec				  -	      ifconst	fontcharPOUND
   6224  ffec				  -LENPOUND   =	8
   6225  ffec				  -			;byte %00000000 ; SYMBOLS
   6226  ffec				  -
   6227  ffec				  -	      .byte	%01111110	; SYMBOLS
   6228  ffec				  -	      .byte	%01000000	; SYMBOLS
   6229  ffec				  -	      .byte	%00100000	; SYMBOLS
   6230  ffec				  -	      .byte	%00100000	; SYMBOLS
   6231  ffec				  -	      .byte	%01111000	; SYMBOLS
   6232  ffec				  -	      .byte	%00100000	; SYMBOLS
   6233  ffec				  -	      .byte	%00100010	; SYMBOLS
   6234  ffec				  -	      .byte	%00011100	; SYMBOLS
   6235  ffec				  -
   6236  ffec				  -			;byte %00000000 ; SYMBOLS
   6237  ffec				  -
   6238  ffec					      else
   6239  ffec		       00 00	   LENPOUND   =	0
   6240  ffec					      endif		; fontcharPOUND
   6241  ffec
   6242  ffec
   6243  ffec				  -	      ifconst	fontcharMRHAPPY
   6244  ffec				  -LENMRHAPPY =	8
   6245  ffec				  -			;byte %00000000 ; SYMBOLS
   6246  ffec				  -
   6247  ffec				  -	      .byte	%00111100	; SYMBOLS
   6248  ffec				  -	      .byte	%01100110	; SYMBOLS
   6249  ffec				  -	      .byte	%01011010	; SYMBOLS
   6250  ffec				  -	      .byte	%01111110	; SYMBOLS
   6251  ffec				  -	      .byte	%01111110	; SYMBOLS
   6252  ffec				  -	      .byte	%01011010	; SYMBOLS
   6253  ffec				  -	      .byte	%01111110	; SYMBOLS
   6254  ffec				  -	      .byte	%00111100	; SYMBOLS
   6255  ffec				  -
   6256  ffec				  -			;byte %00000000 ; SYMBOLS
   6257  ffec				  -
   6258  ffec					      else
   6259  ffec		       00 00	   LENMRHAPPY =	0
   6260  ffec					      endif		; fontcharMRHAPPY
   6261  ffec
   6262  ffec				  -	      ifconst	fontcharMRSAD
   6263  ffec				  -LENMRSAD   =	8
   6264  ffec				  -			;byte %00000000 ; SYMBOLS
   6265  ffec				  -
   6266  ffec				  -	      .byte	%00111100	; SYMBOLS
   6267  ffec				  -	      .byte	%01011010	; SYMBOLS
   6268  ffec				  -	      .byte	%01100110	; SYMBOLS
   6269  ffec				  -	      .byte	%01111110	; SYMBOLS
   6270  ffec				  -	      .byte	%01111110	; SYMBOLS
   6271  ffec				  -	      .byte	%01011010	; SYMBOLS
   6272  ffec				  -	      .byte	%01111110	; SYMBOLS
   6273  ffec				  -	      .byte	%00111100	; SYMBOLS
   6274  ffec				  -
   6275  ffec				  -			;byte %00000000 ; SYMBOLS
   6276  ffec				  -
   6277  ffec					      else
   6278  ffec		       00 00	   LENMRSAD   =	0
   6279  ffec					      endif		; fontcharMRSAD
   6280  ffec
   6281  ffec
   6282  ffec				  -	      ifconst	fontcharCOPYRIGHT
   6283  ffec				  -LENCOPYRIGHT =	8
   6284  ffec				  -			;byte %00000000 ; SYMBOLS
   6285  ffec				  -
   6286  ffec				  -	      .byte	%00000000	; SYMBOLS
   6287  ffec				  -	      .byte	%00111000	; SYMBOLS
   6288  ffec				  -	      .byte	%01000100	; SYMBOLS
   6289  ffec				  -	      .byte	%10111010	; SYMBOLS
   6290  ffec				  -	      .byte	%10100010	; SYMBOLS
   6291  ffec				  -	      .byte	%10111010	; SYMBOLS
   6292  ffec				  -	      .byte	%01000100	; SYMBOLS
   6293  ffec				  -	      .byte	%00111000	; SYMBOLS
   6294  ffec				  -
   6295  ffec				  -			;byte %00000000 ; SYMBOLS
   6296  ffec				  -
   6297  ffec					      else
   6298  ffec		       00 00	   LENCOPYRIGHT =	0
   6299  ffec					      endif		; fontcharCOPYRIGHT
   6300  ffec
   6301  ffec
   6302  ffec				  -	      ifconst	fontcharFUJI
   6303  ffec				  -LENFUJI    =	16
   6304  ffec				  -
   6305  ffec				  -			;byte %00000000 ; ** these commented-out blanks are for the preview generation program
   6306  ffec				  -
   6307  ffec				  -	      .byte	%01110000	; SYMBOLS
   6308  ffec				  -	      .byte	%01111001	; SYMBOLS
   6309  ffec				  -	      .byte	%00011101	; SYMBOLS
   6310  ffec				  -	      .byte	%00001101	; SYMBOLS
   6311  ffec				  -	      .byte	%00001101	; SYMBOLS
   6312  ffec				  -	      .byte	%00001101	; SYMBOLS
   6313  ffec				  -	      .byte	%00001101	; SYMBOLS
   6314  ffec				  -	      .byte	%00000000	; SYMBOLS
   6315  ffec				  -
   6316  ffec				  -			;byte %00000000 ; SYMBOLS
   6317  ffec				  -
   6318  ffec				  -	      .byte	%00001110	; SYMBOLS
   6319  ffec				  -	      .byte	%10011110	; SYMBOLS
   6320  ffec				  -	      .byte	%10111000	; SYMBOLS
   6321  ffec				  -	      .byte	%10110000	; SYMBOLS
   6322  ffec				  -	      .byte	%10110000	; SYMBOLS
   6323  ffec				  -	      .byte	%10110000	; SYMBOLS
   6324  ffec				  -	      .byte	%10110000	; SYMBOLS
   6325  ffec				  -	      .byte	%00000000	; SYMBOLS
   6326  ffec				  -
   6327  ffec				  -			;byte %00000000 ; SYMBOLS
   6328  ffec				  -
   6329  ffec					      else
   6330  ffec		       00 00	   LENFUJI    =	0
   6331  ffec					      endif		; fontcharFUJI
   6332  ffec
   6333  ffec
   6334  ffec				  -	      ifconst	fontcharHEART
   6335  ffec				  -LENHEART   =	8
   6336  ffec				  -			;byte %00000000 ; SYMBOLS
   6337  ffec				  -
   6338  ffec				  -	      .byte	%00010000	; SYMBOLS
   6339  ffec				  -	      .byte	%00111000	; SYMBOLS
   6340  ffec				  -	      .byte	%01111100	; SYMBOLS
   6341  ffec				  -	      .byte	%01111100	; SYMBOLS
   6342  ffec				  -	      .byte	%11111110	; SYMBOLS
   6343  ffec				  -	      .byte	%11111110	; SYMBOLS
   6344  ffec				  -	      .byte	%11101110	; SYMBOLS
   6345  ffec				  -	      .byte	%01000100	; SYMBOLS
   6346  ffec				  -
   6347  ffec				  -			;byte %00000000 ; SYMBOLS
   6348  ffec				  -
   6349  ffec					      else
   6350  ffec		       00 00	   LENHEART   =	0
   6351  ffec					      endif		; fontcharHEART
   6352  ffec
   6353  ffec				  -	      ifconst	fontcharDIAMOND
   6354  ffec				  -LENDIAMOND =	8
   6355  ffec				  -			;byte %00000000 ; SYMBOLS
   6356  ffec				  -
   6357  ffec				  -	      .byte	%00010000	; SYMBOLS
   6358  ffec				  -	      .byte	%00111000	; SYMBOLS
   6359  ffec				  -	      .byte	%01111100	; SYMBOLS
   6360  ffec				  -	      .byte	%11111110	; SYMBOLS
   6361  ffec				  -	      .byte	%11111110	; SYMBOLS
   6362  ffec				  -	      .byte	%01111100	; SYMBOLS
   6363  ffec				  -	      .byte	%00111000	; SYMBOLS
   6364  ffec				  -	      .byte	%00010000	; SYMBOLS
   6365  ffec				  -
   6366  ffec				  -			;byte %00000000 ; SYMBOLS
   6367  ffec				  -
   6368  ffec					      else
   6369  ffec		       00 00	   LENDIAMOND =	0
   6370  ffec					      endif		; fontcharDIAMOND
   6371  ffec
   6372  ffec				  -	      ifconst	fontcharSPADE
   6373  ffec				  -LENSPADE   =	8
   6374  ffec				  -			;byte %00000000 ; SYMBOLS
   6375  ffec				  -
   6376  ffec				  -	      .byte	%00111000	; SYMBOLS
   6377  ffec				  -	      .byte	%00010000	; SYMBOLS
   6378  ffec				  -	      .byte	%01010100	; SYMBOLS
   6379  ffec				  -	      .byte	%11111110	; SYMBOLS
   6380  ffec				  -	      .byte	%11111110	; SYMBOLS
   6381  ffec				  -	      .byte	%01111100	; SYMBOLS
   6382  ffec				  -	      .byte	%00111000	; SYMBOLS
   6383  ffec				  -	      .byte	%00010000	; SYMBOLS
   6384  ffec				  -
   6385  ffec				  -			;byte %00000000 ; SYMBOLS
   6386  ffec				  -
   6387  ffec					      else
   6388  ffec		       00 00	   LENSPADE   =	0
   6389  ffec					      endif		; fontcharSPADE
   6390  ffec
   6391  ffec				  -	      ifconst	fontcharCLUB
   6392  ffec				  -LENCLUB    =	8
   6393  ffec				  -			;byte %00000000 ; SYMBOLS
   6394  ffec				  -
   6395  ffec				  -	      .byte	%00111000	; SYMBOLS
   6396  ffec				  -	      .byte	%00010000	; SYMBOLS
   6397  ffec				  -	      .byte	%11010110	; SYMBOLS
   6398  ffec				  -	      .byte	%11111110	; SYMBOLS
   6399  ffec				  -	      .byte	%11010110	; SYMBOLS
   6400  ffec				  -	      .byte	%00111000	; SYMBOLS
   6401  ffec				  -	      .byte	%00111000	; SYMBOLS
   6402  ffec				  -	      .byte	%00000000	; SYMBOLS
   6403  ffec				  -
   6404  ffec				  -			;byte %00000000 ; SYMBOLS
   6405  ffec				  -
   6406  ffec					      else
   6407  ffec		       00 00	   LENCLUB    =	0
   6408  ffec					      endif		; fontcharCLUB
   6409  ffec
   6410  ffec
   6411  ffec				  -	      ifconst	fontcharCOLON
   6412  ffec				  -LENCOLON   =	8
   6413  ffec				  -			;byte %00000000 ; SYMBOLS
   6414  ffec				  -
   6415  ffec				  -	      .byte	%00000000	; SYMBOLS
   6416  ffec				  -	      .byte	%00011000	; SYMBOLS
   6417  ffec				  -	      .byte	%00011000	; SYMBOLS
   6418  ffec				  -	      .byte	%00000000	; SYMBOLS
   6419  ffec				  -	      .byte	%00000000	; SYMBOLS
   6420  ffec				  -	      .byte	%00011000	; SYMBOLS
   6421  ffec				  -	      .byte	%00011000	; SYMBOLS
   6422  ffec				  -	      .byte	%00000000	; SYMBOLS
   6423  ffec				  -
   6424  ffec				  -			;byte %00000000 ; SYMBOLS
   6425  ffec				  -
   6426  ffec					      else
   6427  ffec		       00 00	   LENCOLON   =	0
   6428  ffec					      endif		; fontcharCOLON
   6429  ffec
   6430  ffec
   6431  ffec				  -	      ifconst	fontcharBLOCK
   6432  ffec				  -LENBLOCK   =	8
   6433  ffec				  -
   6434  ffec				  -			;byte %00000000 ; SYMBOLS
   6435  ffec				  -
   6436  ffec				  -	      .byte	%11111111	; SYMBOLS
   6437  ffec				  -	      .byte	%11111111	; SYMBOLS
   6438  ffec				  -	      .byte	%11111111	; SYMBOLS
   6439  ffec				  -	      .byte	%11111111	; SYMBOLS
   6440  ffec				  -	      .byte	%11111111	; SYMBOLS
   6441  ffec				  -	      .byte	%11111111	; SYMBOLS
   6442  ffec				  -	      .byte	%11111111	; SYMBOLS
   6443  ffec				  -	      .byte	%11111111	; SYMBOLS
   6444  ffec				  -
   6445  ffec				  -			;byte %00000000 ; SYMBOLS
   6446  ffec				  -
   6447  ffec					      else
   6448  ffec		       00 00	   LENBLOCK   =	0
   6449  ffec					      endif		; fontcharBLOCK
   6450  ffec
   6451  ffec				  -	      ifconst	fontcharUNDERLINE
   6452  ffec				  -LENUNDERLINE =	8
   6453  ffec				  -
   6454  ffec				  -			;byte %00000000 ; SYMBOLS
   6455  ffec				  -
   6456  ffec				  -	      .byte	%11111111	; SYMBOLS
   6457  ffec				  -	      .byte	%00000000	; SYMBOLS
   6458  ffec				  -	      .byte	%00000000	; SYMBOLS
   6459  ffec				  -	      .byte	%00000000	; SYMBOLS
   6460  ffec				  -	      .byte	%00000000	; SYMBOLS
   6461  ffec				  -	      .byte	%00000000	; SYMBOLS
   6462  ffec				  -	      .byte	%00000000	; SYMBOLS
   6463  ffec				  -	      .byte	%00000000	; SYMBOLS
   6464  ffec				  -
   6465  ffec				  -			;byte %00000000 ; SYMBOLS
   6466  ffec				  -
   6467  ffec					      else
   6468  ffec		       00 00	   LENUNDERLINE =	0
   6469  ffec					      endif		; fontcharUNDERLINE
   6470  ffec
   6471  ffec				  -	      ifconst	fontcharARISIDE
   6472  ffec				  -LENARISIDE =	8
   6473  ffec				  -			;byte %00000000 ; SYMBOLS
   6474  ffec				  -
   6475  ffec				  -	      .byte	%00000000	; SYMBOLS
   6476  ffec				  -	      .byte	%00101010	; SYMBOLS
   6477  ffec				  -	      .byte	%00101010	; SYMBOLS
   6478  ffec				  -	      .byte	%00101100	; SYMBOLS
   6479  ffec				  -	      .byte	%01111111	; SYMBOLS
   6480  ffec				  -	      .byte	%00110111	; SYMBOLS
   6481  ffec				  -	      .byte	%00000010	; SYMBOLS
   6482  ffec				  -	      .byte	%00000001	; SYMBOLS
   6483  ffec				  -
   6484  ffec				  -			;byte %00000000 ; SYMBOLS
   6485  ffec				  -
   6486  ffec					      else
   6487  ffec		       00 00	   LENARISIDE =	0
   6488  ffec					      endif		; fontcharARISIDE
   6489  ffec
   6490  ffec				  -	      ifconst	fontcharARIFACE
   6491  ffec				  -LENARIFACE =	8
   6492  ffec				  -			;byte %00000000 ; SYMBOLS
   6493  ffec				  -
   6494  ffec				  -	      .byte	%00001000	; SYMBOLS
   6495  ffec				  -	      .byte	%00011100	; SYMBOLS
   6496  ffec				  -	      .byte	%00111110	; SYMBOLS
   6497  ffec				  -	      .byte	%00101010	; SYMBOLS
   6498  ffec				  -	      .byte	%00011100	; SYMBOLS
   6499  ffec				  -	      .byte	%01010100	; SYMBOLS
   6500  ffec				  -	      .byte	%00100100	; SYMBOLS
   6501  ffec				  -	      .byte	%00000010	; SYMBOLS
   6502  ffec				  -
   6503  ffec				  -			;byte %00000000 ; SYMBOLS
   6504  ffec				  -
   6505  ffec				  -
   6506  ffec					      else
   6507  ffec		       00 00	   LENARIFACE =	0
   6508  ffec					      endif		; fontcharARIRACE
   6509  ffec
   6510  ffec							;byte %00000000 ; SYMBOLS
   6511  ffec							;byte %00000000 ; SYMBOLS
   6512  ffec							;byte %00000000 ; SYMBOLS
   6513  ffec							;byte %00000000 ; SYMBOLS
   6514  ffec
   6515  ffec				   scoretableend
   6516  ffec
   6517  ffec				  -	      ifconst	ROM2k
   6518  ffec				  -	      ORG	$F7FC
   6519  ffec					      else
   6520  ffec				  -	      ifconst	bankswitch
   6521  ffec				  -	      if	bankswitch == 8
   6522  ffec				  -	      ORG	$2FF4-bscode_length
   6523  ffec				  -	      RORG	$FFF4-bscode_length
   6524  ffec				  -	      endif
   6525  ffec				  -	      if	bankswitch == 16
   6526  ffec				  -	      ORG	$4FF4-bscode_length
   6527  ffec				  -	      RORG	$FFF4-bscode_length
   6528  ffec				  -	      endif
   6529  ffec				  -	      if	bankswitch == 32
   6530  ffec				  -	      ORG	$8FF4-bscode_length
   6531  ffec				  -	      RORG	$FFF4-bscode_length
   6532  ffec				  -	      endif
   6533  ffec					      else
   6534  fffc					      ORG	$FFFC
   6535  fffc					      endif
   6536  fffc					      endif
   6537  fffc							; Provided under the CC0 license. See the included LICENSE.txt for details.
   6538  fffc
   6539  fffc				  -	      ifconst	bankswitch
   6540  fffc				  -	      if	bankswitch == 8
   6541  fffc				  -	      ORG	$2FFC
   6542  fffc				  -	      RORG	$FFFC
   6543  fffc				  -	      endif
   6544  fffc				  -	      if	bankswitch == 16
   6545  fffc				  -	      ORG	$4FFC
   6546  fffc				  -	      RORG	$FFFC
   6547  fffc				  -	      endif
   6548  fffc				  -	      if	bankswitch == 32
   6549  fffc				  -	      ORG	$8FFC
   6550  fffc				  -	      RORG	$FFFC
   6551  fffc				  -	      endif
   6552  fffc				  -	      if	bankswitch == 64
   6553  fffc				  -	      ORG	$10FF0
   6554  fffc				  -	      RORG	$1FFF0
   6555  fffc				  -	      lda	$ffe0	; we use wasted space to assist stella with EF format auto-detection
   6556  fffc				  -	      ORG	$10FF8
   6557  fffc				  -	      RORG	$1FFF8
   6558  fffc				  -	      ifconst	superchip
   6559  fffc				  -	      .byte	"E","F","S","C"
   6560  fffc				  -	      else
   6561  fffc				  -	      .byte	"E","F","E","F"
   6562  fffc				  -	      endif
   6563  fffc				  -	      ORG	$10FFC
   6564  fffc				  -	      RORG	$1FFFC
   6565  fffc				  -	      endif
   6566  fffc					      else
   6567  fffc				  -	      ifconst	ROM2k
   6568  fffc				  -	      ORG	$F7FC
   6569  fffc					      else
   6570  fffc					      ORG	$FFFC
   6571  fffc					      endif
   6572  fffc					      endif
   6573  fffc		       00 f0		      .word.w	(start & $ffff)
   6574  fffe		       00 f0		      .word.w	(start & $ffff)
