------- FILE Baudot.bas.asm LEVEL 1 PASS 3
      1  10000 ????						; Provided under the CC0 license. See the included LICENSE.txt for details.
      2  10000 ????
      3  10000 ????				       processor	6502
------- FILE vcs.h LEVEL 2 PASS 3
      0  10000 ????				       include	"vcs.h"
      1  10000 ????						; Provided under the CC0 license. See the included LICENSE.txt for details.
      2  10000 ????
      3  10000 ????						; VCS.H
      4  10000 ????						; Version 1.05, 13/November/2003
      5  10000 ????
      6  10000 ????		00 69	    VERSION_VCS =	105
      7  10000 ????
      8  10000 ????						; THIS IS A PRELIMINARY RELEASE OF *THE* "STANDARD" VCS.H
      9  10000 ????						; THIS FILE IS EXPLICITLY SUPPORTED AS A DASM-PREFERRED COMPANION FILE
     10  10000 ????						; PLEASE DO *NOT* REDISTRIBUTE THIS FILE!
     11  10000 ????						;
     12  10000 ????						; This file defines hardware registers and memory mapping for the
     13  10000 ????						; Atari 2600. It is distributed as a companion machine-specific support package
     14  10000 ????						; for the DASM compiler. Updates to this file, DASM, and associated tools are
     15  10000 ????						; available at at http://www.atari2600.org/dasm
     16  10000 ????						;
     17  10000 ????						; Many thanks to the original author(s) of this file, and to everyone who has
     18  10000 ????						; contributed to understanding the Atari 2600.  If you take issue with the
     19  10000 ????						; contents, or naming of registers, please write to me (atari2600@taswegian.com)
     20  10000 ????						; with your views.  Please contribute, if you think you can improve this
     21  10000 ????						; file!
     22  10000 ????						;
     23  10000 ????						; Latest Revisions...
     24  10000 ????						; 1.05  13/NOV/2003	  - Correction to 1.04 - now functions as requested by MR.
     25  10000 ????						;			  - Added VERSION_VCS equate (which will reflect 100x version #)
     26  10000 ????						;			    This will allow conditional code to verify VCS.H being
     27  10000 ????						;			    used for code assembly.
     28  10000 ????						; 1.04  12/NOV/2003	 Added TIA_BASE_WRITE_ADDRESS and TIA_BASE_READ_ADDRESS for
     29  10000 ????						;			 convenient disassembly/reassembly compatibility for hardware
     30  10000 ????						;			 mirrored reading/writing differences.	This is more a 
     31  10000 ????						;			 readability issue, and binary compatibility with disassembled
     32  10000 ????						;			 and reassembled sources.  Per Manuel Rotschkar's suggestion.
     33  10000 ????						; 1.03  12/MAY/2003	 Added SEG segment at end of file to fix old-code compatibility
     34  10000 ????						;			 which was broken by the use of segments in this file, as
     35  10000 ????						;			 reported by Manuel Polik on [stella] 11/MAY/2003
     36  10000 ????						; 1.02  22/MAR/2003	 Added TIMINT($285)
     37  10000 ????						; 1.01				Constant offset added to allow use for 3F-style bankswitching
     38  10000 ????						;						 - define TIA_BASE_ADDRESS as $40 for Tigervision carts, otherwise
     39  10000 ????						;						   it is safe to leave it undefined, and the base address will
     40  10000 ????						;						   be set to 0.  Thanks to Eckhard Stolberg for the suggestion.
     41  10000 ????						;			    Note, may use -DLABEL=EXPRESSION to define TIA_BASE_ADDRESS
     42  10000 ????						;			  - register definitions are now generated through assignment
     43  10000 ????						;			    in uninitialised segments.	This allows a changeable base
     44  10000 ????						;			    address architecture.
     45  10000 ????						; 1.0	22/MAR/2003		Initial release
     46  10000 ????
     47  10000 ????
     48  10000 ????						;-------------------------------------------------------------------------------
     49  10000 ????
     50  10000 ????						; TIA_BASE_ADDRESS
     51  10000 ????						; The TIA_BASE_ADDRESS defines the base address of access to TIA registers.
     52  10000 ????						; Normally 0, the base address should (externally, before including this file)
     53  10000 ????						; be set to $40 when creating 3F-bankswitched (and other?) cartridges.
     54  10000 ????						; The reason is that this bankswitching scheme treats any access to locations
     55  10000 ????						; < $40 as a bankswitch.
     56  10000 ????
     57  10000 ????			   -	       IFNCONST	TIA_BASE_ADDRESS
     58  10000 ????			   -TIA_BASE_ADDRESS =	0
     59  10000 ????				       ENDIF
     60  10000 ????
     61  10000 ????						; Note: The address may be defined on the command-line using the -D switch, eg:
     62  10000 ????						; dasm.exe code.asm -DTIA_BASE_ADDRESS=$40 -f3 -v5 -ocode.bin
     63  10000 ????						; *OR* by declaring the label before including this file, eg:
     64  10000 ????						; TIA_BASE_ADDRESS = $40
     65  10000 ????						;   include "vcs.h"
     66  10000 ????
     67  10000 ????						; Alternate read/write address capability - allows for some disassembly compatibility
     68  10000 ????						; usage ; to allow reassembly to binary perfect copies).  This is essentially catering
     69  10000 ????						; for the mirrored ROM hardware registers.
     70  10000 ????
     71  10000 ????						; Usage: As per above, define the TIA_BASE_READ_ADDRESS and/or TIA_BASE_WRITE_ADDRESS
     72  10000 ????						; using the -D command-line switch, as required.  If the addresses are not defined, 
     73  10000 ????						; they defaut to the TIA_BASE_ADDRESS.
     74  10000 ????
     75  10000 ????			   -	       IFNCONST	TIA_BASE_READ_ADDRESS
     76  10000 ????			   -TIA_BASE_READ_ADDRESS =	TIA_BASE_ADDRESS
     77  10000 ????				       ENDIF
     78  10000 ????
     79  10000 ????			   -	       IFNCONST	TIA_BASE_WRITE_ADDRESS
     80  10000 ????			   -TIA_BASE_WRITE_ADDRESS =	TIA_BASE_ADDRESS
     81  10000 ????				       ENDIF
     82  10000 ????
     83  10000 ????						;-------------------------------------------------------------------------------
     84  10000 ????
     85 U002d ????				      SEG.U	TIA_REGISTERS_WRITE
     86 U0000					      ORG	TIA_BASE_WRITE_ADDRESS
     87 U0000
     88 U0000							; DO NOT CHANGE THE RELATIVE ORDERING OF REGISTERS!
     89 U0000
     90 U0000		       00	   VSYNC      ds	1	; $00	 0000 00x0   Vertical Sync Set-Clear
     91 U0001		       00	   VBLANK     ds	1	; $01	 xx00 00x0   Vertical Blank Set-Clear
     92 U0002		       00	   WSYNC      ds	1	; $02	 ---- ----   Wait for Horizontal Blank
     93 U0003		       00	   RSYNC      ds	1	; $03	 ---- ----   Reset Horizontal Sync Counter
     94 U0004		       00	   NUSIZ0     ds	1	; $04	 00xx 0xxx   Number-Size player/missle 0
     95 U0005		       00	   NUSIZ1     ds	1	; $05	 00xx 0xxx   Number-Size player/missle 1
     96 U0006		       00	   COLUP0     ds	1	; $06	 xxxx xxx0   Color-Luminance Player 0
     97 U0007		       00	   COLUP1     ds	1	; $07	 xxxx xxx0   Color-Luminance Player 1
     98 U0008		       00	   COLUPF     ds	1	; $08	 xxxx xxx0   Color-Luminance Playfield
     99 U0009		       00	   COLUBK     ds	1	; $09	 xxxx xxx0   Color-Luminance Background
    100 U000a		       00	   CTRLPF     ds	1	; $0A	 00xx 0xxx   Control Playfield, Ball, Collisions
    101 U000b		       00	   REFP0      ds	1	; $0B	 0000 x000   Reflection Player 0
    102 U000c		       00	   REFP1      ds	1	; $0C	 0000 x000   Reflection Player 1
    103 U000d		       00	   PF0	      ds	1	; $0D	 xxxx 0000   Playfield Register Byte 0
    104 U000e		       00	   PF1	      ds	1	; $0E	 xxxx xxxx   Playfield Register Byte 1
    105 U000f		       00	   PF2	      ds	1	; $0F	 xxxx xxxx   Playfield Register Byte 2
    106 U0010		       00	   RESP0      ds	1	; $10	 ---- ----   Reset Player 0
    107 U0011		       00	   RESP1      ds	1	; $11	 ---- ----   Reset Player 1
    108 U0012		       00	   RESM0      ds	1	; $12	 ---- ----   Reset Missle 0
    109 U0013		       00	   RESM1      ds	1	; $13	 ---- ----   Reset Missle 1
    110 U0014		       00	   RESBL      ds	1	; $14	 ---- ----   Reset Ball
    111 U0015		       00	   AUDC0      ds	1	; $15	 0000 xxxx   Audio Control 0
    112 U0016		       00	   AUDC1      ds	1	; $16	 0000 xxxx   Audio Control 1
    113 U0017		       00	   AUDF0      ds	1	; $17	 000x xxxx   Audio Frequency 0
    114 U0018		       00	   AUDF1      ds	1	; $18	 000x xxxx   Audio Frequency 1
    115 U0019		       00	   AUDV0      ds	1	; $19	 0000 xxxx   Audio Volume 0
    116 U001a		       00	   AUDV1      ds	1	; $1A	 0000 xxxx   Audio Volume 1
    117 U001b		       00	   GRP0       ds	1	; $1B	 xxxx xxxx   Graphics Register Player 0
    118 U001c		       00	   GRP1       ds	1	; $1C	 xxxx xxxx   Graphics Register Player 1
    119 U001d		       00	   ENAM0      ds	1	; $1D	 0000 00x0   Graphics Enable Missle 0
    120 U001e		       00	   ENAM1      ds	1	; $1E	 0000 00x0   Graphics Enable Missle 1
    121 U001f		       00	   ENABL      ds	1	; $1F	 0000 00x0   Graphics Enable Ball
    122 U0020		       00	   HMP0       ds	1	; $20	 xxxx 0000   Horizontal Motion Player 0
    123 U0021		       00	   HMP1       ds	1	; $21	 xxxx 0000   Horizontal Motion Player 1
    124 U0022		       00	   HMM0       ds	1	; $22	 xxxx 0000   Horizontal Motion Missle 0
    125 U0023		       00	   HMM1       ds	1	; $23	 xxxx 0000   Horizontal Motion Missle 1
    126 U0024		       00	   HMBL       ds	1	; $24	 xxxx 0000   Horizontal Motion Ball
    127 U0025		       00	   VDELP0     ds	1	; $25	 0000 000x   Vertical Delay Player 0
    128 U0026		       00	   VDELP1     ds	1	; $26	 0000 000x   Vertical Delay Player 1
    129 U0027		       00	   VDELBL     ds	1	; $27	 0000 000x   Vertical Delay Ball
    130 U0028		       00	   RESMP0     ds	1	; $28	 0000 00x0   Reset Missle 0 to Player 0
    131 U0029		       00	   RESMP1     ds	1	; $29	 0000 00x0   Reset Missle 1 to Player 1
    132 U002a		       00	   HMOVE      ds	1	; $2A	 ---- ----   Apply Horizontal Motion
    133 U002b		       00	   HMCLR      ds	1	; $2B	 ---- ----   Clear Horizontal Move Registers
    134 U002c		       00	   CXCLR      ds	1	; $2C	 ---- ----   Clear Collision Latches
    135 U002d
    136 U002d							;-------------------------------------------------------------------------------
    137 U002d
    138 U000e ????				      SEG.U	TIA_REGISTERS_READ
    139 U0000					      ORG	TIA_BASE_READ_ADDRESS
    140 U0000
    141 U0000							;											bit 7	 bit 6
    142 U0000		       00	   CXM0P      ds	1	; $00	     xx00 0000	     Read Collision  M0-P1   M0-P0
    143 U0001		       00	   CXM1P      ds	1	; $01	     xx00 0000			     M1-P0   M1-P1
    144 U0002		       00	   CXP0FB     ds	1	; $02	     xx00 0000			     P0-PF   P0-BL
    145 U0003		       00	   CXP1FB     ds	1	; $03	     xx00 0000			     P1-PF   P1-BL
    146 U0004		       00	   CXM0FB     ds	1	; $04	     xx00 0000			     M0-PF   M0-BL
    147 U0005		       00	   CXM1FB     ds	1	; $05	     xx00 0000			     M1-PF   M1-BL
    148 U0006		       00	   CXBLPF     ds	1	; $06	     x000 0000			     BL-PF   -----
    149 U0007		       00	   CXPPMM     ds	1	; $07	     xx00 0000			     P0-P1   M0-M1
    150 U0008		       00	   INPT0      ds	1	; $08	     x000 0000	     Read Pot Port 0
    151 U0009		       00	   INPT1      ds	1	; $09	     x000 0000	     Read Pot Port 1
    152 U000a		       00	   INPT2      ds	1	; $0A	     x000 0000	     Read Pot Port 2
    153 U000b		       00	   INPT3      ds	1	; $0B	     x000 0000	     Read Pot Port 3
    154 U000c		       00	   INPT4      ds	1	; $0C		x000 0000	 Read Input (Trigger) 0
    155 U000d		       00	   INPT5      ds	1	; $0D		x000 0000	 Read Input (Trigger) 1
    156 U000e
    157 U000e							;-------------------------------------------------------------------------------
    158 U000e
    159 U0298 ????				      SEG.U	RIOT
    160 U0280					      ORG	$280
    161 U0280
    162 U0280							; RIOT MEMORY MAP
    163 U0280
    164 U0280		       00	   SWCHA      ds	1	; $280      Port A data register for joysticks:
    165 U0281							;			Bits 4-7 for player 1.  Bits 0-3 for player 2.
    166 U0281
    167 U0281		       00	   SWACNT     ds	1	; $281      Port A data direction register (DDR)
    168 U0282		       00	   SWCHB      ds	1	; $282		Port B data (console switches)
    169 U0283		       00	   SWBCNT     ds	1	; $283      Port B DDR
    170 U0284		       00	   INTIM      ds	1	; $284		Timer output
    171 U0285
    172 U0285		       00	   TIMINT     ds	1	; $285
    173 U0286
    174 U0286							; Unused/undefined registers ($285-$294)
    175 U0286
    176 U0286		       00		      ds	1	; $286
    177 U0287		       00		      ds	1	; $287
    178 U0288		       00		      ds	1	; $288
    179 U0289		       00		      ds	1	; $289
    180 U028a		       00		      ds	1	; $28A
    181 U028b		       00		      ds	1	; $28B
    182 U028c		       00		      ds	1	; $28C
    183 U028d		       00		      ds	1	; $28D
    184 U028e		       00		      ds	1	; $28E
    185 U028f		       00		      ds	1	; $28F
    186 U0290		       00		      ds	1	; $290
    187 U0291		       00		      ds	1	; $291
    188 U0292		       00		      ds	1	; $292
    189 U0293		       00		      ds	1	; $293
    190 U0294
    191 U0294		       00	   TIM1T      ds	1	; $294		set 1 clock interval
    192 U0295		       00	   TIM8T      ds	1	; $295      set 8 clock interval
    193 U0296		       00	   TIM64T     ds	1	; $296      set 64 clock interval
    194 U0297		       00	   T1024T     ds	1	; $297      set 1024 clock interval
    195 U0298
    196 U0298							;-------------------------------------------------------------------------------
    197 U0298							; The following required for back-compatibility with code which does not use
    198 U0298							; segments.
    199 U0298
    200  10000 ????				       SEG
    201  10000 ????
    202  10000 ????						; EOF
------- FILE Baudot.bas.asm
------- FILE macro.h LEVEL 2 PASS 3
      0  10000 ????				       include	"macro.h"
      1  10000 ????						; Provided under the CC0 license. See the included LICENSE.txt for details.
      2  10000 ????
      3  10000 ????						; MACRO.H
      4  10000 ????						; Version 1.05, 13/NOVEMBER/2003
      5  10000 ????
      6  10000 ????		00 69	    VERSION_MACRO =	105
      7  10000 ????
      8  10000 ????						;
      9  10000 ????						; THIS FILE IS EXPLICITLY SUPPORTED AS A DASM-PREFERRED COMPANION FILE
     10  10000 ????						; PLEASE DO *NOT* REDISTRIBUTE MODIFIED VERSIONS OF THIS FILE!
     11  10000 ????						;
     12  10000 ????						; This file defines DASM macros useful for development for the Atari 2600.
     13  10000 ????						; It is distributed as a companion machine-specific support package
     14  10000 ????						; for the DASM compiler. Updates to this file, DASM, and associated tools are
     15  10000 ????						; available at at http://www.atari2600.org/dasm
     16  10000 ????						;
     17  10000 ????						; Many thanks to the people who have contributed.  If you take issue with the
     18  10000 ????						; contents, or would like to add something, please write to me
     19  10000 ????						; (atari2600@taswegian.com) with your contribution.
     20  10000 ????						;
     21  10000 ????						; Latest Revisions...
     22  10000 ????						;
     23  10000 ????						; 1.05  14/NOV/2003	  - Added VERSION_MACRO equate (which will reflect 100x version #)
     24  10000 ????						;			    This will allow conditional code to verify MACRO.H being
     25  10000 ????						;			    used for code assembly.
     26  10000 ????						; 1.04  13/NOV/2003	 - SET_POINTER macro added (16-bit address load)
     27  10000 ????						;
     28  10000 ????						; 1.03  23/JUN/2003	 - CLEAN_START macro added - clears TIA, RAM, registers
     29  10000 ????						;
     30  10000 ????						; 1.02  14/JUN/2003	 - VERTICAL_SYNC macro added
     31  10000 ????						;			   (standardised macro for vertical synch code)
     32  10000 ????						; 1.01  22/MAR/2003	 - SLEEP macro added. 
     33  10000 ????						;			 - NO_ILLEGAL_OPCODES switch implemented
     34  10000 ????						; 1.0	22/MAR/2003		Initial release
     35  10000 ????
     36  10000 ????						; Note: These macros use illegal opcodes.  To disable illegal opcode usage, 
     37  10000 ????						;   define the symbol NO_ILLEGAL_OPCODES (-DNO_ILLEGAL_OPCODES=1 on command-line).
     38  10000 ????						;   If you do not allow illegal opcode usage, you must include this file 
     39  10000 ????						;   *after* including VCS.H (as the non-illegal opcodes access hardware
     40  10000 ????						;   registers and require them to be defined first).
     41  10000 ????
     42  10000 ????						; Available macros...
     43  10000 ????						;   SLEEP n		 - sleep for n cycles
     44  10000 ????						;   VERTICAL_SYNC	 - correct 3 scanline vertical synch code
     45  10000 ????						;   CLEAN_START	 - set machine to known state on startup
     46  10000 ????						;   SET_POINTER	 - load a 16-bit absolute to a 16-bit variable
     47  10000 ????
     48  10000 ????						;-------------------------------------------------------------------------------
     49  10000 ????						; SLEEP duration
     50  10000 ????						; Original author: Thomas Jentzsch
     51  10000 ????						; Inserts code which takes the specified number of cycles to execute.	This is
     52  10000 ????						; useful for code where precise timing is required.
     53  10000 ????						; ILLEGAL-OPCODE VERSION DOES NOT AFFECT FLAGS OR REGISTERS.
     54  10000 ????						; LEGAL OPCODE VERSION MAY AFFECT FLAGS
     55  10000 ????						; Uses illegal opcode (DASM 2.20.01 onwards).
     56  10000 ????
     57  10000 ????				       MAC	sleep
     58  10000 ????			    .CYCLES    SET	{1}
     59  10000 ????
     60  10000 ????				       IF	.CYCLES < 2
     61  10000 ????				       ECHO	"MACRO ERROR: 'SLEEP': Duration must be > 1"
     62  10000 ????				       ERR
     63  10000 ????				       ENDIF
     64  10000 ????
     65  10000 ????				       IF	.CYCLES & 1
     66  10000 ????				       IFNCONST	NO_ILLEGAL_OPCODES
     67  10000 ????				       nop	0
     68  10000 ????				       ELSE
     69  10000 ????				       bit	VSYNC
     70  10000 ????				       ENDIF
     71  10000 ????			    .CYCLES    SET	.CYCLES - 3
     72  10000 ????				       ENDIF
     73  10000 ????
     74  10000 ????				       REPEAT	.CYCLES / 2
     75  10000 ????				       nop
     76  10000 ????				       REPEND
     77  10000 ????				       ENDM		;usage: SLEEP n (n>1)
     78  10000 ????
     79  10000 ????						;-------------------------------------------------------------------------------
     80  10000 ????						; VERTICAL_SYNC
     81  10000 ????						; Original author: Manuel Polik
     82  10000 ????						; Inserts the code required for a proper 3 scannline 
     83  10000 ????						; vertical sync sequence
     84  10000 ????						;
     85  10000 ????						; Note: Alters the accumulator
     86  10000 ????						;
     87  10000 ????						; IN:
     88  10000 ????						; OUT: A = 1
     89  10000 ????
     90  10000 ????				       MAC	vertical_sync
     91  10000 ????				       LDA	#$02	; A = VSYNC enable
     92  10000 ????				       STA	WSYNC	; Finish current line
     93  10000 ????				       STA	VSYNC	; Start vertical sync
     94  10000 ????				       STA	WSYNC	; 1st line vertical sync
     95  10000 ????				       STA	WSYNC	; 2nd line vertical sync
     96  10000 ????				       LSR		; A = VSYNC disable
     97  10000 ????				       STA	WSYNC	; 3rd line vertical sync
     98  10000 ????				       STA	VSYNC	; Stop vertical sync
     99  10000 ????				       ENDM
    100  10000 ????
    101  10000 ????						;-------------------------------------------------------------------------------
    102  10000 ????						; CLEAN_START
    103  10000 ????						; Original author: Andrew Davie
    104  10000 ????						; Standardised start-up code, clears stack, all TIA registers and RAM to 0
    105  10000 ????						; Sets stack pointer to $FF, and all registers to 0
    106  10000 ????						; Sets decimal mode off, sets interrupt flag (kind of un-necessary)
    107  10000 ????						; Use as very first section of code on boot (ie: at reset)
    108  10000 ????						; Code written to minimise total ROM usage - uses weird 6502 knowledge :)
    109  10000 ????
    110  10000 ????				       MAC	clean_start
    111  10000 ????				       sei
    112  10000 ????				       cld
    113  10000 ????
    114  10000 ????				       ldx	#0
    115  10000 ????				       txa
    116  10000 ????				       tay
    117  10000 ????			    .CLEAR_STACK dex
    118  10000 ????				       txs
    119  10000 ????				       pha
    120  10000 ????				       bne	.CLEAR_STACK	; SP=$FF, X = A = Y = 0
    121  10000 ????
    122  10000 ????				       ENDM
    123  10000 ????
    124  10000 ????						;-------------------------------------------------------
    125  10000 ????						; SET_POINTER
    126  10000 ????						; Original author: Manuel Rotschkar
    127  10000 ????						;
    128  10000 ????						; Sets a 2 byte RAM pointer to an absolute address.
    129  10000 ????						;
    130  10000 ????						; Usage: SET_POINTER pointer, address
    131  10000 ????						; Example: SET_POINTER SpritePTR, SpriteData
    132  10000 ????						;
    133  10000 ????						; Note: Alters the accumulator, NZ flags
    134  10000 ????						; IN 1: 2 byte RAM location reserved for pointer
    135  10000 ????						; IN 2: absolute address
    136  10000 ????
    137  10000 ????				       MAC	set_pointer
    138  10000 ????			    .POINTER   SET	{1}
    139  10000 ????			    .ADDRESS   SET	{2}
    140  10000 ????
    141  10000 ????				       LDA	#<.ADDRESS	; Get Lowbyte of Address
    142  10000 ????				       STA	.POINTER	; Store in pointer
    143  10000 ????				       LDA	#>.ADDRESS	; Get Hibyte of Address
    144  10000 ????				       STA	.POINTER+1	; Store in pointer+1
    145  10000 ????
    146  10000 ????				       ENDM
    147  10000 ????
    148  10000 ????						; EOF
------- FILE Baudot.bas.asm
------- FILE 2600basic.h LEVEL 2 PASS 3
      0  10000 ????				       include	"2600basic.h"
      1  10000 ????						; Provided under the CC0 license. See the included LICENSE.txt for details.
      2  10000 ????
      3  10000 ????				       processor	6502
------- FILE vcs.h LEVEL 3 PASS 3
      0  10000 ????				       include	"vcs.h"
      1  10000 ????						; Provided under the CC0 license. See the included LICENSE.txt for details.
      2  10000 ????
      3  10000 ????						; VCS.H
      4  10000 ????						; Version 1.05, 13/November/2003
      5  10000 ????
      6  10000 ????		00 69	    VERSION_VCS =	105
      7  10000 ????
      8  10000 ????						; THIS IS A PRELIMINARY RELEASE OF *THE* "STANDARD" VCS.H
      9  10000 ????						; THIS FILE IS EXPLICITLY SUPPORTED AS A DASM-PREFERRED COMPANION FILE
     10  10000 ????						; PLEASE DO *NOT* REDISTRIBUTE THIS FILE!
     11  10000 ????						;
     12  10000 ????						; This file defines hardware registers and memory mapping for the
     13  10000 ????						; Atari 2600. It is distributed as a companion machine-specific support package
     14  10000 ????						; for the DASM compiler. Updates to this file, DASM, and associated tools are
     15  10000 ????						; available at at http://www.atari2600.org/dasm
     16  10000 ????						;
     17  10000 ????						; Many thanks to the original author(s) of this file, and to everyone who has
     18  10000 ????						; contributed to understanding the Atari 2600.  If you take issue with the
     19  10000 ????						; contents, or naming of registers, please write to me (atari2600@taswegian.com)
     20  10000 ????						; with your views.  Please contribute, if you think you can improve this
     21  10000 ????						; file!
     22  10000 ????						;
     23  10000 ????						; Latest Revisions...
     24  10000 ????						; 1.05  13/NOV/2003	  - Correction to 1.04 - now functions as requested by MR.
     25  10000 ????						;			  - Added VERSION_VCS equate (which will reflect 100x version #)
     26  10000 ????						;			    This will allow conditional code to verify VCS.H being
     27  10000 ????						;			    used for code assembly.
     28  10000 ????						; 1.04  12/NOV/2003	 Added TIA_BASE_WRITE_ADDRESS and TIA_BASE_READ_ADDRESS for
     29  10000 ????						;			 convenient disassembly/reassembly compatibility for hardware
     30  10000 ????						;			 mirrored reading/writing differences.	This is more a 
     31  10000 ????						;			 readability issue, and binary compatibility with disassembled
     32  10000 ????						;			 and reassembled sources.  Per Manuel Rotschkar's suggestion.
     33  10000 ????						; 1.03  12/MAY/2003	 Added SEG segment at end of file to fix old-code compatibility
     34  10000 ????						;			 which was broken by the use of segments in this file, as
     35  10000 ????						;			 reported by Manuel Polik on [stella] 11/MAY/2003
     36  10000 ????						; 1.02  22/MAR/2003	 Added TIMINT($285)
     37  10000 ????						; 1.01				Constant offset added to allow use for 3F-style bankswitching
     38  10000 ????						;						 - define TIA_BASE_ADDRESS as $40 for Tigervision carts, otherwise
     39  10000 ????						;						   it is safe to leave it undefined, and the base address will
     40  10000 ????						;						   be set to 0.  Thanks to Eckhard Stolberg for the suggestion.
     41  10000 ????						;			    Note, may use -DLABEL=EXPRESSION to define TIA_BASE_ADDRESS
     42  10000 ????						;			  - register definitions are now generated through assignment
     43  10000 ????						;			    in uninitialised segments.	This allows a changeable base
     44  10000 ????						;			    address architecture.
     45  10000 ????						; 1.0	22/MAR/2003		Initial release
     46  10000 ????
     47  10000 ????
     48  10000 ????						;-------------------------------------------------------------------------------
     49  10000 ????
     50  10000 ????						; TIA_BASE_ADDRESS
     51  10000 ????						; The TIA_BASE_ADDRESS defines the base address of access to TIA registers.
     52  10000 ????						; Normally 0, the base address should (externally, before including this file)
     53  10000 ????						; be set to $40 when creating 3F-bankswitched (and other?) cartridges.
     54  10000 ????						; The reason is that this bankswitching scheme treats any access to locations
     55  10000 ????						; < $40 as a bankswitch.
     56  10000 ????
     57  10000 ????			   -	       IFNCONST	TIA_BASE_ADDRESS
     58  10000 ????			   -TIA_BASE_ADDRESS =	0
     59  10000 ????				       ENDIF
     60  10000 ????
     61  10000 ????						; Note: The address may be defined on the command-line using the -D switch, eg:
     62  10000 ????						; dasm.exe code.asm -DTIA_BASE_ADDRESS=$40 -f3 -v5 -ocode.bin
     63  10000 ????						; *OR* by declaring the label before including this file, eg:
     64  10000 ????						; TIA_BASE_ADDRESS = $40
     65  10000 ????						;   include "vcs.h"
     66  10000 ????
     67  10000 ????						; Alternate read/write address capability - allows for some disassembly compatibility
     68  10000 ????						; usage ; to allow reassembly to binary perfect copies).  This is essentially catering
     69  10000 ????						; for the mirrored ROM hardware registers.
     70  10000 ????
     71  10000 ????						; Usage: As per above, define the TIA_BASE_READ_ADDRESS and/or TIA_BASE_WRITE_ADDRESS
     72  10000 ????						; using the -D command-line switch, as required.  If the addresses are not defined, 
     73  10000 ????						; they defaut to the TIA_BASE_ADDRESS.
     74  10000 ????
     75  10000 ????			   -	       IFNCONST	TIA_BASE_READ_ADDRESS
     76  10000 ????			   -TIA_BASE_READ_ADDRESS =	TIA_BASE_ADDRESS
     77  10000 ????				       ENDIF
     78  10000 ????
     79  10000 ????			   -	       IFNCONST	TIA_BASE_WRITE_ADDRESS
     80  10000 ????			   -TIA_BASE_WRITE_ADDRESS =	TIA_BASE_ADDRESS
     81  10000 ????				       ENDIF
     82  10000 ????
     83  10000 ????						;-------------------------------------------------------------------------------
     84  10000 ????
     85 U002d					      SEG.U	TIA_REGISTERS_WRITE
     86 U0000					      ORG	TIA_BASE_WRITE_ADDRESS
     87 U0000
     88 U0000							; DO NOT CHANGE THE RELATIVE ORDERING OF REGISTERS!
     89 U0000
     90 U0000		       00	   VSYNC      ds	1	; $00	 0000 00x0   Vertical Sync Set-Clear
     91 U0001		       00	   VBLANK     ds	1	; $01	 xx00 00x0   Vertical Blank Set-Clear
     92 U0002		       00	   WSYNC      ds	1	; $02	 ---- ----   Wait for Horizontal Blank
     93 U0003		       00	   RSYNC      ds	1	; $03	 ---- ----   Reset Horizontal Sync Counter
     94 U0004		       00	   NUSIZ0     ds	1	; $04	 00xx 0xxx   Number-Size player/missle 0
     95 U0005		       00	   NUSIZ1     ds	1	; $05	 00xx 0xxx   Number-Size player/missle 1
     96 U0006		       00	   COLUP0     ds	1	; $06	 xxxx xxx0   Color-Luminance Player 0
     97 U0007		       00	   COLUP1     ds	1	; $07	 xxxx xxx0   Color-Luminance Player 1
     98 U0008		       00	   COLUPF     ds	1	; $08	 xxxx xxx0   Color-Luminance Playfield
     99 U0009		       00	   COLUBK     ds	1	; $09	 xxxx xxx0   Color-Luminance Background
    100 U000a		       00	   CTRLPF     ds	1	; $0A	 00xx 0xxx   Control Playfield, Ball, Collisions
    101 U000b		       00	   REFP0      ds	1	; $0B	 0000 x000   Reflection Player 0
    102 U000c		       00	   REFP1      ds	1	; $0C	 0000 x000   Reflection Player 1
    103 U000d		       00	   PF0	      ds	1	; $0D	 xxxx 0000   Playfield Register Byte 0
    104 U000e		       00	   PF1	      ds	1	; $0E	 xxxx xxxx   Playfield Register Byte 1
    105 U000f		       00	   PF2	      ds	1	; $0F	 xxxx xxxx   Playfield Register Byte 2
    106 U0010		       00	   RESP0      ds	1	; $10	 ---- ----   Reset Player 0
    107 U0011		       00	   RESP1      ds	1	; $11	 ---- ----   Reset Player 1
    108 U0012		       00	   RESM0      ds	1	; $12	 ---- ----   Reset Missle 0
    109 U0013		       00	   RESM1      ds	1	; $13	 ---- ----   Reset Missle 1
    110 U0014		       00	   RESBL      ds	1	; $14	 ---- ----   Reset Ball
    111 U0015		       00	   AUDC0      ds	1	; $15	 0000 xxxx   Audio Control 0
    112 U0016		       00	   AUDC1      ds	1	; $16	 0000 xxxx   Audio Control 1
    113 U0017		       00	   AUDF0      ds	1	; $17	 000x xxxx   Audio Frequency 0
    114 U0018		       00	   AUDF1      ds	1	; $18	 000x xxxx   Audio Frequency 1
    115 U0019		       00	   AUDV0      ds	1	; $19	 0000 xxxx   Audio Volume 0
    116 U001a		       00	   AUDV1      ds	1	; $1A	 0000 xxxx   Audio Volume 1
    117 U001b		       00	   GRP0       ds	1	; $1B	 xxxx xxxx   Graphics Register Player 0
    118 U001c		       00	   GRP1       ds	1	; $1C	 xxxx xxxx   Graphics Register Player 1
    119 U001d		       00	   ENAM0      ds	1	; $1D	 0000 00x0   Graphics Enable Missle 0
    120 U001e		       00	   ENAM1      ds	1	; $1E	 0000 00x0   Graphics Enable Missle 1
    121 U001f		       00	   ENABL      ds	1	; $1F	 0000 00x0   Graphics Enable Ball
    122 U0020		       00	   HMP0       ds	1	; $20	 xxxx 0000   Horizontal Motion Player 0
    123 U0021		       00	   HMP1       ds	1	; $21	 xxxx 0000   Horizontal Motion Player 1
    124 U0022		       00	   HMM0       ds	1	; $22	 xxxx 0000   Horizontal Motion Missle 0
    125 U0023		       00	   HMM1       ds	1	; $23	 xxxx 0000   Horizontal Motion Missle 1
    126 U0024		       00	   HMBL       ds	1	; $24	 xxxx 0000   Horizontal Motion Ball
    127 U0025		       00	   VDELP0     ds	1	; $25	 0000 000x   Vertical Delay Player 0
    128 U0026		       00	   VDELP1     ds	1	; $26	 0000 000x   Vertical Delay Player 1
    129 U0027		       00	   VDELBL     ds	1	; $27	 0000 000x   Vertical Delay Ball
    130 U0028		       00	   RESMP0     ds	1	; $28	 0000 00x0   Reset Missle 0 to Player 0
    131 U0029		       00	   RESMP1     ds	1	; $29	 0000 00x0   Reset Missle 1 to Player 1
    132 U002a		       00	   HMOVE      ds	1	; $2A	 ---- ----   Apply Horizontal Motion
    133 U002b		       00	   HMCLR      ds	1	; $2B	 ---- ----   Clear Horizontal Move Registers
    134 U002c		       00	   CXCLR      ds	1	; $2C	 ---- ----   Clear Collision Latches
    135 U002d
    136 U002d							;-------------------------------------------------------------------------------
    137 U002d
    138 U000e					      SEG.U	TIA_REGISTERS_READ
    139 U0000					      ORG	TIA_BASE_READ_ADDRESS
    140 U0000
    141 U0000							;											bit 7	 bit 6
    142 U0000		       00	   CXM0P      ds	1	; $00	     xx00 0000	     Read Collision  M0-P1   M0-P0
    143 U0001		       00	   CXM1P      ds	1	; $01	     xx00 0000			     M1-P0   M1-P1
    144 U0002		       00	   CXP0FB     ds	1	; $02	     xx00 0000			     P0-PF   P0-BL
    145 U0003		       00	   CXP1FB     ds	1	; $03	     xx00 0000			     P1-PF   P1-BL
    146 U0004		       00	   CXM0FB     ds	1	; $04	     xx00 0000			     M0-PF   M0-BL
    147 U0005		       00	   CXM1FB     ds	1	; $05	     xx00 0000			     M1-PF   M1-BL
    148 U0006		       00	   CXBLPF     ds	1	; $06	     x000 0000			     BL-PF   -----
    149 U0007		       00	   CXPPMM     ds	1	; $07	     xx00 0000			     P0-P1   M0-M1
    150 U0008		       00	   INPT0      ds	1	; $08	     x000 0000	     Read Pot Port 0
    151 U0009		       00	   INPT1      ds	1	; $09	     x000 0000	     Read Pot Port 1
    152 U000a		       00	   INPT2      ds	1	; $0A	     x000 0000	     Read Pot Port 2
    153 U000b		       00	   INPT3      ds	1	; $0B	     x000 0000	     Read Pot Port 3
    154 U000c		       00	   INPT4      ds	1	; $0C		x000 0000	 Read Input (Trigger) 0
    155 U000d		       00	   INPT5      ds	1	; $0D		x000 0000	 Read Input (Trigger) 1
    156 U000e
    157 U000e							;-------------------------------------------------------------------------------
    158 U000e
    159 U0298					      SEG.U	RIOT
    160 U0280					      ORG	$280
    161 U0280
    162 U0280							; RIOT MEMORY MAP
    163 U0280
    164 U0280		       00	   SWCHA      ds	1	; $280      Port A data register for joysticks:
    165 U0281							;			Bits 4-7 for player 1.  Bits 0-3 for player 2.
    166 U0281
    167 U0281		       00	   SWACNT     ds	1	; $281      Port A data direction register (DDR)
    168 U0282		       00	   SWCHB      ds	1	; $282		Port B data (console switches)
    169 U0283		       00	   SWBCNT     ds	1	; $283      Port B DDR
    170 U0284		       00	   INTIM      ds	1	; $284		Timer output
    171 U0285
    172 U0285		       00	   TIMINT     ds	1	; $285
    173 U0286
    174 U0286							; Unused/undefined registers ($285-$294)
    175 U0286
    176 U0286		       00		      ds	1	; $286
    177 U0287		       00		      ds	1	; $287
    178 U0288		       00		      ds	1	; $288
    179 U0289		       00		      ds	1	; $289
    180 U028a		       00		      ds	1	; $28A
    181 U028b		       00		      ds	1	; $28B
    182 U028c		       00		      ds	1	; $28C
    183 U028d		       00		      ds	1	; $28D
    184 U028e		       00		      ds	1	; $28E
    185 U028f		       00		      ds	1	; $28F
    186 U0290		       00		      ds	1	; $290
    187 U0291		       00		      ds	1	; $291
    188 U0292		       00		      ds	1	; $292
    189 U0293		       00		      ds	1	; $293
    190 U0294
    191 U0294		       00	   TIM1T      ds	1	; $294		set 1 clock interval
    192 U0295		       00	   TIM8T      ds	1	; $295      set 8 clock interval
    193 U0296		       00	   TIM64T     ds	1	; $296      set 64 clock interval
    194 U0297		       00	   T1024T     ds	1	; $297      set 1024 clock interval
    195 U0298
    196 U0298							;-------------------------------------------------------------------------------
    197 U0298							; The following required for back-compatibility with code which does not use
    198 U0298							; segments.
    199 U0298
    200  10000 ????				       SEG
    201  10000 ????
    202  10000 ????						; EOF
------- FILE 2600basic.h
------- FILE macro.h LEVEL 3 PASS 3
      0  10000 ????				       include	"macro.h"
      1  10000 ????						; Provided under the CC0 license. See the included LICENSE.txt for details.
      2  10000 ????
      3  10000 ????						; MACRO.H
      4  10000 ????						; Version 1.05, 13/NOVEMBER/2003
      5  10000 ????
      6  10000 ????		00 69	    VERSION_MACRO =	105
      7  10000 ????
      8  10000 ????						;
      9  10000 ????						; THIS FILE IS EXPLICITLY SUPPORTED AS A DASM-PREFERRED COMPANION FILE
     10  10000 ????						; PLEASE DO *NOT* REDISTRIBUTE MODIFIED VERSIONS OF THIS FILE!
     11  10000 ????						;
     12  10000 ????						; This file defines DASM macros useful for development for the Atari 2600.
     13  10000 ????						; It is distributed as a companion machine-specific support package
     14  10000 ????						; for the DASM compiler. Updates to this file, DASM, and associated tools are
     15  10000 ????						; available at at http://www.atari2600.org/dasm
     16  10000 ????						;
     17  10000 ????						; Many thanks to the people who have contributed.  If you take issue with the
     18  10000 ????						; contents, or would like to add something, please write to me
     19  10000 ????						; (atari2600@taswegian.com) with your contribution.
     20  10000 ????						;
     21  10000 ????						; Latest Revisions...
     22  10000 ????						;
     23  10000 ????						; 1.05  14/NOV/2003	  - Added VERSION_MACRO equate (which will reflect 100x version #)
     24  10000 ????						;			    This will allow conditional code to verify MACRO.H being
     25  10000 ????						;			    used for code assembly.
     26  10000 ????						; 1.04  13/NOV/2003	 - SET_POINTER macro added (16-bit address load)
     27  10000 ????						;
     28  10000 ????						; 1.03  23/JUN/2003	 - CLEAN_START macro added - clears TIA, RAM, registers
     29  10000 ????						;
     30  10000 ????						; 1.02  14/JUN/2003	 - VERTICAL_SYNC macro added
     31  10000 ????						;			   (standardised macro for vertical synch code)
     32  10000 ????						; 1.01  22/MAR/2003	 - SLEEP macro added. 
     33  10000 ????						;			 - NO_ILLEGAL_OPCODES switch implemented
     34  10000 ????						; 1.0	22/MAR/2003		Initial release
     35  10000 ????
     36  10000 ????						; Note: These macros use illegal opcodes.  To disable illegal opcode usage, 
     37  10000 ????						;   define the symbol NO_ILLEGAL_OPCODES (-DNO_ILLEGAL_OPCODES=1 on command-line).
     38  10000 ????						;   If you do not allow illegal opcode usage, you must include this file 
     39  10000 ????						;   *after* including VCS.H (as the non-illegal opcodes access hardware
     40  10000 ????						;   registers and require them to be defined first).
     41  10000 ????
     42  10000 ????						; Available macros...
     43  10000 ????						;   SLEEP n		 - sleep for n cycles
     44  10000 ????						;   VERTICAL_SYNC	 - correct 3 scanline vertical synch code
     45  10000 ????						;   CLEAN_START	 - set machine to known state on startup
     46  10000 ????						;   SET_POINTER	 - load a 16-bit absolute to a 16-bit variable
     47  10000 ????
     48  10000 ????						;-------------------------------------------------------------------------------
     49  10000 ????						; SLEEP duration
     50  10000 ????						; Original author: Thomas Jentzsch
     51  10000 ????						; Inserts code which takes the specified number of cycles to execute.	This is
     52  10000 ????						; useful for code where precise timing is required.
     53  10000 ????						; ILLEGAL-OPCODE VERSION DOES NOT AFFECT FLAGS OR REGISTERS.
     54  10000 ????						; LEGAL OPCODE VERSION MAY AFFECT FLAGS
     55  10000 ????						; Uses illegal opcode (DASM 2.20.01 onwards).
     56  10000 ????
     57  10000 ????				       MAC	sleep
     58  10000 ????			    .CYCLES    SET	{1}
     59  10000 ????
     60  10000 ????				       IF	.CYCLES < 2
     61  10000 ????				       ECHO	"MACRO ERROR: 'SLEEP': Duration must be > 1"
     62  10000 ????				       ERR
     63  10000 ????				       ENDIF
     64  10000 ????
     65  10000 ????				       IF	.CYCLES & 1
     66  10000 ????				       IFNCONST	NO_ILLEGAL_OPCODES
     67  10000 ????				       nop	0
     68  10000 ????				       ELSE
     69  10000 ????				       bit	VSYNC
     70  10000 ????				       ENDIF
     71  10000 ????			    .CYCLES    SET	.CYCLES - 3
     72  10000 ????				       ENDIF
     73  10000 ????
     74  10000 ????				       REPEAT	.CYCLES / 2
     75  10000 ????				       nop
     76  10000 ????				       REPEND
     77  10000 ????				       ENDM		;usage: SLEEP n (n>1)
     78  10000 ????
     79  10000 ????						;-------------------------------------------------------------------------------
     80  10000 ????						; VERTICAL_SYNC
     81  10000 ????						; Original author: Manuel Polik
     82  10000 ????						; Inserts the code required for a proper 3 scannline 
     83  10000 ????						; vertical sync sequence
     84  10000 ????						;
     85  10000 ????						; Note: Alters the accumulator
     86  10000 ????						;
     87  10000 ????						; IN:
     88  10000 ????						; OUT: A = 1
     89  10000 ????
     90  10000 ????				       MAC	vertical_sync
     91  10000 ????				       LDA	#$02	; A = VSYNC enable
     92  10000 ????				       STA	WSYNC	; Finish current line
     93  10000 ????				       STA	VSYNC	; Start vertical sync
     94  10000 ????				       STA	WSYNC	; 1st line vertical sync
     95  10000 ????				       STA	WSYNC	; 2nd line vertical sync
     96  10000 ????				       LSR		; A = VSYNC disable
     97  10000 ????				       STA	WSYNC	; 3rd line vertical sync
     98  10000 ????				       STA	VSYNC	; Stop vertical sync
     99  10000 ????				       ENDM
    100  10000 ????
    101  10000 ????						;-------------------------------------------------------------------------------
    102  10000 ????						; CLEAN_START
    103  10000 ????						; Original author: Andrew Davie
    104  10000 ????						; Standardised start-up code, clears stack, all TIA registers and RAM to 0
    105  10000 ????						; Sets stack pointer to $FF, and all registers to 0
    106  10000 ????						; Sets decimal mode off, sets interrupt flag (kind of un-necessary)
    107  10000 ????						; Use as very first section of code on boot (ie: at reset)
    108  10000 ????						; Code written to minimise total ROM usage - uses weird 6502 knowledge :)
    109  10000 ????
    110  10000 ????				       MAC	clean_start
    111  10000 ????				       sei
    112  10000 ????				       cld
    113  10000 ????
    114  10000 ????				       ldx	#0
    115  10000 ????				       txa
    116  10000 ????				       tay
    117  10000 ????			    .CLEAR_STACK dex
    118  10000 ????				       txs
    119  10000 ????				       pha
    120  10000 ????				       bne	.CLEAR_STACK	; SP=$FF, X = A = Y = 0
    121  10000 ????
    122  10000 ????				       ENDM
    123  10000 ????
    124  10000 ????						;-------------------------------------------------------
    125  10000 ????						; SET_POINTER
    126  10000 ????						; Original author: Manuel Rotschkar
    127  10000 ????						;
    128  10000 ????						; Sets a 2 byte RAM pointer to an absolute address.
    129  10000 ????						;
    130  10000 ????						; Usage: SET_POINTER pointer, address
    131  10000 ????						; Example: SET_POINTER SpritePTR, SpriteData
    132  10000 ????						;
    133  10000 ????						; Note: Alters the accumulator, NZ flags
    134  10000 ????						; IN 1: 2 byte RAM location reserved for pointer
    135  10000 ????						; IN 2: absolute address
    136  10000 ????
    137  10000 ????				       MAC	set_pointer
    138  10000 ????			    .POINTER   SET	{1}
    139  10000 ????			    .ADDRESS   SET	{2}
    140  10000 ????
    141  10000 ????				       LDA	#<.ADDRESS	; Get Lowbyte of Address
    142  10000 ????				       STA	.POINTER	; Store in pointer
    143  10000 ????				       LDA	#>.ADDRESS	; Get Hibyte of Address
    144  10000 ????				       STA	.POINTER+1	; Store in pointer+1
    145  10000 ????
    146  10000 ????				       ENDM
    147  10000 ????
    148  10000 ????						; EOF
------- FILE 2600basic.h
------- FILE 2600basic_variable_redefs.h LEVEL 3 PASS 3
      0  10000 ????				       include	"2600basic_variable_redefs.h"
      1  10000 ????						; This file contains variable mapping and other information for the current project.
      2  10000 ????
      3  10000 ????		00 24	    text_strings_length =	.skipL021-text_strings
      4  10000 ????
      5  10000 ????		00 00	    fontstyle  =	SQUISH
      6  10000 ????
      7  10000 ????		00 12	    textbkcolor =	$12
      8  10000 ????
      9  10000 ????		00 0e	    textcolor  =	$0E
     10  10000 ????
     11  10000 ????		00 60	    scorebkcolor =	$60
     12  10000 ????
     13  10000 ????		00 d7	    qtcontroller =	d
     14  10000 ????
     15  10000 ????		00 ed	    TextIndex  =	z
     16  10000 ????
     17  10000 ????		00 d5	    index      =	b
     18  10000 ????
     19  10000 ????		00 d4	    BaudByte   =	a
     20  10000 ????
------- FILE 2600basic.h
      7  10000 ????
      8  10000 ????		00 80	    player0x   =	$80
      9  10000 ????		00 81	    player1x   =	$81
     10  10000 ????		00 82	    missile0x  =	$82
     11  10000 ????		00 83	    missile1x  =	$83
     12  10000 ????		00 84	    ballx      =	$84
     13  10000 ????
     14  10000 ????		00 85	    objecty    =	$85
     15  10000 ????		00 85	    player0y   =	$85
     16  10000 ????		00 86	    player1y   =	$86
     17  10000 ????		00 87	    missile1height =	$87
     18  10000 ????		00 88	    missile1y  =	$88
     19  10000 ????		00 89	    bally      =	$89
     20  10000 ????
     21  10000 ????		00 87	    player1color =	$87	; replaces missile 1
     22  10000 ????
     23  10000 ????		00 8a	    player0pointer =	$8A	;uses $8A-$8B
     24  10000 ????		00 8a	    player0pointerlo =	$8A
     25  10000 ????		00 8b	    player0pointerhi =	$8B
     26  10000 ????		00 8c	    player1pointer =	$8C	; $8C-$8D
     27  10000 ????		00 8c	    player1pointerlo =	$8C
     28  10000 ????		00 8d	    player1pointerhi =	$8D
     29  10000 ????
     30  10000 ????		00 8e	    player0height =	$8E
     31  10000 ????		00 8f	    player1height =	$8F
     32  10000 ????		00 90	    missile0height =	$90
     33  10000 ????		00 91	    missile0y  =	$91
     34  10000 ????		00 92	    ballheight =	$92
     35  10000 ????
     36  10000 ????		00 90	    currentpaddle =	$90	; replaces missile 0 (and can't be used with playercolor)
     37  10000 ????		00 91	    paddle     =	$91	; replaces missile 0
     38  10000 ????		00 82	    player0colorstore =	$82	; replaces missile 0
     39  10000 ????		00 90	    player0color =	$90	; replaces missile 0
     40  10000 ????
     41  10000 ????		00 93	    score      =	$93	; $93-$95
     42  10000 ????		00 96	    scorepointers =	$96	; $96-$9B = 6 bytes
     43  10000 ????		00 9c	    temp1      =	$9C	;used by kernel.  can be used in program too, but
     44  10000 ????		00 9d	    temp2      =	$9D	;are obliterated when drawscreen is called.
     45  10000 ????		00 9e	    temp3      =	$9E
     46  10000 ????		00 9f	    temp4      =	$9F
     47  10000 ????		00 a0	    temp5      =	$A0
     48  10000 ????		00 a1	    temp6      =	$A1
     49  10000 ????
     50  10000 ????		00 a2	    rand       =	$A2
     51  10000 ????		00 a3	    scorecolor =	$A3
     52  10000 ????
     53  10000 ????		00 a4	    var0       =	$A4
     54  10000 ????		00 a5	    var1       =	$A5
     55  10000 ????		00 a6	    var2       =	$A6
     56  10000 ????		00 a7	    var3       =	$A7
     57  10000 ????		00 a8	    var4       =	$A8
     58  10000 ????		00 a9	    var5       =	$A9
     59  10000 ????		00 aa	    var6       =	$AA
     60  10000 ????		00 ab	    var7       =	$AB
     61  10000 ????		00 ac	    var8       =	$AC
     62  10000 ????		00 ad	    var9       =	$AD
     63  10000 ????		00 ae	    var10      =	$AE
     64  10000 ????		00 af	    var11      =	$AF
     65  10000 ????		00 b0	    var12      =	$B0
     66  10000 ????		00 b1	    var13      =	$B1
     67  10000 ????		00 b2	    var14      =	$B2
     68  10000 ????		00 b3	    var15      =	$B3
     69  10000 ????		00 b4	    var16      =	$B4
     70  10000 ????		00 b5	    var17      =	$B5
     71  10000 ????		00 b6	    var18      =	$B6
     72  10000 ????		00 b7	    var19      =	$B7
     73  10000 ????		00 b8	    var20      =	$B8
     74  10000 ????		00 b9	    var21      =	$B9
     75  10000 ????		00 ba	    var22      =	$BA
     76  10000 ????		00 bb	    var23      =	$BB
     77  10000 ????		00 bc	    var24      =	$BC
     78  10000 ????		00 bd	    var25      =	$BD
     79  10000 ????		00 be	    var26      =	$BE
     80  10000 ????		00 bf	    var27      =	$BF
     81  10000 ????		00 c0	    var28      =	$C0
     82  10000 ????		00 c1	    var29      =	$C1
     83  10000 ????		00 c2	    var30      =	$C2
     84  10000 ????		00 c3	    var31      =	$C3
     85  10000 ????		00 c4	    var32      =	$C4
     86  10000 ????		00 c5	    var33      =	$C5
     87  10000 ????		00 c6	    var34      =	$C6
     88  10000 ????		00 c7	    var35      =	$C7
     89  10000 ????		00 c8	    var36      =	$C8
     90  10000 ????		00 c9	    var37      =	$C9
     91  10000 ????		00 ca	    var38      =	$CA
     92  10000 ????		00 cb	    var39      =	$CB
     93  10000 ????		00 cc	    var40      =	$CC
     94  10000 ????		00 cd	    var41      =	$CD
     95  10000 ????		00 ce	    var42      =	$CE
     96  10000 ????		00 cf	    var43      =	$CF
     97  10000 ????		00 d0	    var44      =	$D0
     98  10000 ????		00 d1	    var45      =	$D1
     99  10000 ????		00 d2	    var46      =	$D2
    100  10000 ????		00 d3	    var47      =	$D3
    101  10000 ????
    102  10000 ????		00 d4	    A	       =	$d4
    103  10000 ????		00 d4	    a	       =	$d4
    104  10000 ????		00 d5	    B	       =	$d5
    105  10000 ????		00 d5	    b	       =	$d5
    106  10000 ????		00 d6	    C	       =	$d6
    107  10000 ????		00 d6	    c	       =	$d6
    108  10000 ????		00 d7	    D	       =	$d7
    109  10000 ????		00 d7	    d	       =	$d7
    110  10000 ????		00 d8	    E	       =	$d8
    111  10000 ????		00 d8	    e	       =	$d8
    112  10000 ????		00 d9	    F	       =	$d9
    113  10000 ????		00 d9	    f	       =	$d9
    114  10000 ????		00 da	    G	       =	$da
    115  10000 ????		00 da	    g	       =	$da
    116  10000 ????		00 db	    H	       =	$db
    117  10000 ????		00 db	    h	       =	$db
    118  10000 ????		00 dc	    I	       =	$dc
    119  10000 ????		00 dc	    i	       =	$dc
    120  10000 ????		00 dd	    J	       =	$dd
    121  10000 ????		00 dd	    j	       =	$dd
    122  10000 ????		00 de	    K	       =	$de
    123  10000 ????		00 de	    k	       =	$de
    124  10000 ????		00 df	    L	       =	$df
    125  10000 ????		00 df	    l	       =	$df
    126  10000 ????		00 e0	    M	       =	$e0
    127  10000 ????		00 e0	    m	       =	$e0
    128  10000 ????		00 e1	    N	       =	$e1
    129  10000 ????		00 e1	    n	       =	$e1
    130  10000 ????		00 e2	    O	       =	$e2
    131  10000 ????		00 e2	    o	       =	$e2
    132  10000 ????		00 e3	    P	       =	$e3
    133  10000 ????		00 e3	    p	       =	$e3
    134  10000 ????		00 e4	    Q	       =	$e4
    135  10000 ????		00 e4	    q	       =	$e4
    136  10000 ????		00 e5	    R	       =	$e5
    137  10000 ????		00 e5	    r	       =	$e5
    138  10000 ????		00 e6	    S	       =	$e6
    139  10000 ????		00 e6	    s	       =	$e6
    140  10000 ????		00 e7	    T	       =	$e7
    141  10000 ????		00 e7	    t	       =	$e7
    142  10000 ????		00 e8	    U	       =	$e8
    143  10000 ????		00 e8	    u	       =	$e8
    144  10000 ????		00 e9	    V	       =	$e9
    145  10000 ????		00 e9	    v	       =	$e9
    146  10000 ????		00 ea	    W	       =	$ea
    147  10000 ????		00 ea	    w	       =	$ea
    148  10000 ????		00 eb	    X	       =	$eb
    149  10000 ????		00 eb	    x	       =	$eb
    150  10000 ????		00 ec	    Y	       =	$ec
    151  10000 ????		00 ec	    y	       =	$ec
    152  10000 ????		00 ed	    Z	       =	$ed
    153  10000 ????		00 ed	    z	       =	$ed
    154  10000 ????
    155  10000 ????		00 ee	    temp7      =	$ee	; This is used to aid in bankswitching
    156  10000 ????		00 ef	    playfieldpos =	$ef
    157  10000 ????
    158  10000 ????						; available for other uses, or if unused, provide more stack space
    159  10000 ????
    160  10000 ????		00 f0	    aux1       =	$f0
    161  10000 ????		00 f1	    aux2       =	$f1
    162  10000 ????		00 f2	    aux3       =	$f2
    163  10000 ????		00 f3	    aux4       =	$f3
    164  10000 ????		00 f4	    aux5       =	$f4
    165  10000 ????		00 f5	    aux6       =	$f5
    166  10000 ????
    167  10000 ????						; playfield color/height pointers
    168  10000 ????		00 f0	    pfcolortable =	$f0	; and $d5
    169  10000 ????		00 f0	    pfheighttable =	$f0	; and $d5
    170  10000 ????						; the above pointers are the same because if color and height are both used together,
    171  10000 ????						; they must used absolute indexed and cannot use pointers
    172  10000 ????
    173  10000 ????		00 f2	    lifepointer =	$f2	; pointer to "lives" shape
    174  10000 ????						; upper 3 bits of $f2 contain the number of lives
    175  10000 ????		00 f4	    lifecolor  =	$f4
    176  10000 ????		00 f3	    lives      =	$f3	; # lives >> 5
    177  10000 ????		00 f5	    statusbarlength =	$f5	; only uses upper 5 bits; other bits free
    178  10000 ????
    179  10000 ????		00 f2	    pfscore1   =	$f2	; optional playfield bytes in score
    180  10000 ????		00 f3	    pfscore2   =	$f3
    181  10000 ????		00 f4	    pfscorecolor =	$f4
    182  10000 ????
    183  10000 ????		00 f6	    stack1     =	$f6
    184  10000 ????		00 f7	    stack2     =	$f7
    185  10000 ????		00 f8	    stack3     =	$f8
    186  10000 ????		00 f9	    stack4     =	$f9
    187  10000 ????						; the stack bytes above may be used in the kernel
    188  10000 ????						; stack = F6-F7, F8-F9, FA-FB, FC-FD, FE-FF
    189  10000 ????
    190  10000 ????				       MAC	return
    191  10000 ????				       ifnconst	bankswitch
    192  10000 ????				       rts
    193  10000 ????				       else
    194  10000 ????				       jmp	BS_return
    195  10000 ????				       endif
    196  10000 ????				       ENDM		; auto-return from either a regular or bankswitched module
    197  10000 ????
    198  10000 ????			   -	       ifconst	superchip
    199  10000 ????			   -playfieldbase =	$10D0
    200  10000 ????			   -	       include	superchip.h
    201  10000 ????				       else
    202  10000 ????		00 a4	    playfieldbase =	$A4
    203  10000 ????				       endif
    204  10000 ????
    205  10000 ????				       ifnconst	pfhalfwidth
    206  10000 ????		00 04	    pfwidth    =	4
    207  10000 ????		00 0e	    PF1L       =	PF1
    208  10000 ????		00 0f	    PF2L       =	PF2
    209  10000 ????		00 0e	    PF1R       =	PF1
    210  10000 ????		00 0f	    PF2R       =	PF2
    211  10000 ????		00 00	    pfadjust   =	0
    212  10000 ????			   -	       else
    213  10000 ????			   -pfwidth    =	2
    214  10000 ????			   -	       ifconst	pfcenter
    215  10000 ????			   -PF1L       =	$3F	; no effect
    216  10000 ????			   -PF2L       =	PF2
    217  10000 ????			   -PF1R       =	$3F
    218  10000 ????			   -PF2R       =	PF2	; no effect
    219  10000 ????			   -pfadjust   =	1
    220  10000 ????			   -	       else
    221  10000 ????			   -PF1L       =	PF1
    222  10000 ????			   -PF2L       =	PF2
    223  10000 ????			   -PF1R       =	$3F	; no effect
    224  10000 ????			   -PF2R       =	$3F	; no effect
    225  10000 ????			   -pfadjust   =	0
    226  10000 ????			   -	       endif
    227  10000 ????				       endif
    228  10000 ????
    229  10000 ????						; define playfield start based on height
    230  10000 ????				       ifnconst	pfres
    231  10000 ????		00 a4	    playfield  =	playfieldbase
    232  10000 ????			   -	       else
    233  10000 ????			   -playfield  =	playfieldbase-(pfres-12*(4/pfwidth))*pfwidth
    234  10000 ????				       endif
------- FILE Baudot.bas.asm
------- FILE 2600basic_variable_redefs.h LEVEL 2 PASS 3
      0  10000 ????				       include	"2600basic_variable_redefs.h"
      1  10000 ????						; This file contains variable mapping and other information for the current project.
      2  10000 ????
      3  10000 ????		00 24	    text_strings_length =	.skipL021-text_strings
      4  10000 ????
      5  10000 ????		00 00	    fontstyle  =	SQUISH
      6  10000 ????
      7  10000 ????		00 12	    textbkcolor =	$12
      8  10000 ????
      9  10000 ????		00 0e	    textcolor  =	$0E
     10  10000 ????
     11  10000 ????		00 60	    scorebkcolor =	$60
     12  10000 ????
     13  10000 ????		00 d7	    qtcontroller =	d
     14  10000 ????
     15  10000 ????		00 ed	    TextIndex  =	z
     16  10000 ????
     17  10000 ????		00 d5	    index      =	b
     18  10000 ????
     19  10000 ????		00 d4	    BaudByte   =	a
     20  10000 ????
------- FILE Baudot.bas.asm
      8  10000 ????			   -	       ifconst	bankswitch
      9  10000 ????			   -	       if	bankswitch == 8
     10  10000 ????			   -	       ORG	$1000
     11  10000 ????			   -	       RORG	$D000
     12  10000 ????			   -	       endif
     13  10000 ????			   -	       if	bankswitch == 16
     14  10000 ????			   -	       ORG	$1000
     15  10000 ????			   -	       RORG	$9000
     16  10000 ????			   -	       endif
     17  10000 ????			   -	       if	bankswitch == 32
     18  10000 ????			   -	       ORG	$1000
     19  10000 ????			   -	       RORG	$1000
     20  10000 ????			   -	       endif
     21  10000 ????			   -	       if	bankswitch == 64
     22  10000 ????			   -	       ORG	$1000
     23  10000 ????			   -	       RORG	$1000
     24  10000 ????			   -	       endif
     25  10000 ????				       else
     26  f000					      ORG	$F000
     27  f000					      endif
     28  f000
     29  f000				  -	      ifconst	bankswitch_hotspot
     30  f000				  -	      if	bankswitch_hotspot = $083F	; 0840 bankswitching hotspot
     31  f000				  -	      .byte	0	; stop unexpected bankswitches
     32  f000				  -	      endif
     33  f000					      endif
     34  f000							; Provided under the CC0 license. See the included LICENSE.txt for details.
     35  f000
     36  f000				   start
     37  f000		       78		      sei
     38  f001		       d8		      cld
     39  f002		       a0 00		      ldy	#0
     40  f004		       a5 d0		      lda	$D0
     41  f006		       c9 2c		      cmp	#$2C	;check RAM location #1
     42  f008		       d0 07		      bne	MachineIs2600
     43  f00a		       a5 d1		      lda	$D1
     44  f00c		       c9 a9		      cmp	#$A9	;check RAM location #2
     45  f00e		       d0 01		      bne	MachineIs2600
     46  f010		       88		      dey
     47  f011				   MachineIs2600
     48  f011		       a2 00		      ldx	#0
     49  f013		       8a		      txa
     50  f014				   clearmem
     51  f014		       e8		      inx
     52  f015		       9a		      txs
     53  f016		       48		      pha
     54  f017		       d0 fb		      bne	clearmem
     55  f019		       84 9c		      sty	temp1
     56  f01b					      ifnconst	multisprite
     57  f01b				  -	      ifconst	pfrowheight
     58  f01b				  -	      lda	#pfrowheight
     59  f01b					      else
     60  f01b				  -	      ifconst	pfres
     61  f01b				  -	      lda	#(96/pfres)
     62  f01b					      else
     63  f01b		       a9 08		      lda	#8
     64  f01d					      endif
     65  f01d					      endif
     66  f01d		       85 ef		      sta	playfieldpos
     67  f01f					      endif
     68  f01f		       a2 05		      ldx	#5
     69  f021				   initscore
     70  f021		       a9 9c		      lda	#<scoretable
     71  f023		       95 96		      sta	scorepointers,x
     72  f025		       ca		      dex
     73  f026		       10 f9		      bpl	initscore
     74  f028		       a9 01		      lda	#1
     75  f02a		       85 0a		      sta	CTRLPF
     76  f02c		       0d 84 02 	      ora	INTIM
     77  f02f		       85 a2		      sta	rand
     78  f031
     79  f031				  -	      ifconst	multisprite
     80  f031				  -	      jsr	multisprite_setup
     81  f031					      endif
     82  f031
     83  f031					      ifnconst	bankswitch
     84  f031		       4c cf f3 	      jmp	game
     85  f034				  -	      else
     86  f034				  -	      lda	#>(game-1)
     87  f034				  -	      pha
     88  f034				  -	      lda	#<(game-1)
     89  f034				  -	      pha
     90  f034				  -	      pha
     91  f034				  -	      pha
     92  f034				  -	      ldx	#1
     93  f034				  -	      jmp	BS_jsr
     94  f034					      endif
     95  f034							; Provided under the CC0 license. See the included LICENSE.txt for details.
     96  f034
     97  f034							; This is a 2-line kernel!
     98  f034					      ifnconst	vertical_reflect
     99  f034				   kernel
    100  f034					      endif
    101  f034		       85 02		      sta	WSYNC
    102  f036		       a9 ff		      lda	#255
    103  f038		       8d 96 02 	      sta	TIM64T
    104  f03b
    105  f03b		       a9 01		      lda	#1
    106  f03d		       85 27		      sta	VDELBL
    107  f03f		       85 25		      sta	VDELP0
    108  f041		       a6 92		      ldx	ballheight
    109  f043		       e8		      inx
    110  f044		       e8		      inx
    111  f045		       86 9f		      stx	temp4
    112  f047		       a5 86		      lda	player1y
    113  f049		       85 9e		      sta	temp3
    114  f04b
    115  f04b				  -	      ifconst	shakescreen
    116  f04b				  -	      jsr	doshakescreen
    117  f04b					      else
    118  f04b		       a6 90		      ldx	missile0height
    119  f04d		       e8		      inx
    120  f04e					      endif
    121  f04e
    122  f04e		       e8		      inx
    123  f04f		       86 f6		      stx	stack1
    124  f051
    125  f051		       a5 89		      lda	bally
    126  f053		       85 f7		      sta	stack2
    127  f055
    128  f055		       a5 85		      lda	player0y
    129  f057		       a2 00		      ldx	#0
    130  f059		       85 02		      sta	WSYNC
    131  f05b		       86 1b		      stx	GRP0
    132  f05d		       86 1c		      stx	GRP1
    133  f05f		       86 0e		      stx	PF1L
    134  f061		       86 0f		      stx	PF2
    135  f063		       86 2c		      stx	CXCLR
    136  f065				  -	      ifconst	readpaddle
    137  f065				  -	      stx	paddle
    138  f065					      else
      0  f065					      sleep	3
      1  f065				   .CYCLES    SET	3
      2  f065
      3  f065				  -	      IF	.CYCLES < 2
      4  f065				  -	      ECHO	"MACRO ERROR: 'SLEEP': Duration must be > 1"
      5  f065				  -	      ERR
      6  f065					      ENDIF
      7  f065
      8  f065					      IF	.CYCLES & 1
      9  f065					      IFNCONST	NO_ILLEGAL_OPCODES
     10  f065		       04 00		      nop	0
     11  f067				  -	      ELSE
     12  f067				  -	      bit	VSYNC
     13  f067					      ENDIF
     14  f067				   .CYCLES    SET	.CYCLES - 3
     15  f067					      ENDIF
     16  f067
     17  f067				  -	      REPEAT	.CYCLES / 2
     18  f067				  -	      nop
     19  f067					      REPEND
    140  f067					      endif
    141  f067
    142  f067		       95 9d		      sta	temp2,x
    143  f069
    144  f069							;store these so they can be retrieved later
    145  f069					      ifnconst	pfres
    146  f069		       a2 54		      ldx	#128-44+(4-pfwidth)*12
    147  f06b				  -	      else
    148  f06b				  -	      ldx	#132-pfres*pfwidth
    149  f06b					      endif
    150  f06b
    151  f06b		       c6 85		      dec	player0y
    152  f06d
    153  f06d		       a5 91		      lda	missile0y
    154  f06f		       85 a0		      sta	temp5
    155  f071		       a5 88		      lda	missile1y
    156  f073		       85 a1		      sta	temp6
    157  f075
    158  f075		       a5 ef		      lda	playfieldpos
    159  f077		       85 9c		      sta	temp1
    160  f079
    161  f079				  -	      ifconst	pfrowheight
    162  f079				  -	      lda	#pfrowheight+2
    163  f079					      else
    164  f079					      ifnconst	pfres
    165  f079		       a9 0a		      lda	#10
    166  f07b				  -	      else
    167  f07b				  -	      lda	#(96/pfres)+2	; try to come close to the real size
    168  f07b					      endif
    169  f07b					      endif
    170  f07b		       18		      clc
    171  f07c		       e5 ef		      sbc	playfieldpos
    172  f07e		       85 ef		      sta	playfieldpos
    173  f080		       4c a8 f0 	      jmp	.startkernel
    174  f083
    175  f083				   .skipDrawP0
    176  f083		       a9 00		      lda	#0
    177  f085		       a8		      tay
    178  f086		       4c d6 f0 	      jmp	.continueP0
    179  f089
    180  f089				   .skipDrawP1
    181  f089		       a9 00		      lda	#0
    182  f08b		       a8		      tay
    183  f08c		       4c b2 f0 	      jmp	.continueP1
    184  f08f
    185  f08f				   .kerloop		; enter at cycle 59??
    186  f08f
    187  f08f				   continuekernel
      0  f08f					      sleep	2
      1  f08f				   .CYCLES    SET	2
      2  f08f
      3  f08f				  -	      IF	.CYCLES < 2
      4  f08f				  -	      ECHO	"MACRO ERROR: 'SLEEP': Duration must be > 1"
      5  f08f				  -	      ERR
      6  f08f					      ENDIF
      7  f08f
      8  f08f				  -	      IF	.CYCLES & 1
      9  f08f				  -	      IFNCONST	NO_ILLEGAL_OPCODES
     10  f08f				  -	      nop	0
     11  f08f				  -	      ELSE
     12  f08f				  -	      bit	VSYNC
     13  f08f				  -	      ENDIF
     14  f08f				  -.CYCLES    SET	.CYCLES - 3
     15  f08f					      ENDIF
     16  f08f
     17  f08f					      REPEAT	.CYCLES / 2
     18  f08f		       ea		      nop
     19  f090					      REPEND
    189  f090				   continuekernel2
    190  f090		       a5 92		      lda	ballheight
    191  f092
    192  f092				  -	      ifconst	pfres
    193  f092				  -	      ldy	playfield+pfres*pfwidth-132,x
    194  f092				  -	      sty	PF1L	;3
    195  f092				  -	      ldy	playfield+pfres*pfwidth-131-pfadjust,x
    196  f092				  -	      sty	PF2L	;3
    197  f092				  -	      ldy	playfield+pfres*pfwidth-129,x
    198  f092				  -	      sty	PF1R	; 3 too early?
    199  f092				  -	      ldy	playfield+pfres*pfwidth-130-pfadjust,x
    200  f092				  -	      sty	PF2R	;3
    201  f092					      else
    202  f092		       b4 50		      ldy	playfield-48+pfwidth*12+44-128,x
    203  f094		       84 0e		      sty	PF1L	;3
    204  f096		       b4 51		      ldy	playfield-48+pfwidth*12+45-128-pfadjust,x	;4
    205  f098		       84 0f		      sty	PF2L	;3
    206  f09a		       b4 53		      ldy	playfield-48+pfwidth*12+47-128,x	;4
    207  f09c		       84 0e		      sty	PF1R	; 3 too early?
    208  f09e		       b4 52		      ldy	playfield-48+pfwidth*12+46-128-pfadjust,x	;4
    209  f0a0		       84 0f		      sty	PF2R	;3
    210  f0a2					      endif
    211  f0a2
    212  f0a2							; should be playfield+$38 for width=2
    213  f0a2
    214  f0a2		       c7 89		      dcp	bally
    215  f0a4		       2a		      rol
    216  f0a5		       2a		      rol
    217  f0a6							; rol
    218  f0a6							; rol
    219  f0a6				   goback
    220  f0a6		       85 1f		      sta	ENABL
    221  f0a8				   .startkernel
    222  f0a8		       a5 8f		      lda	player1height	;3
    223  f0aa		       c7 86		      dcp	player1y	;5
    224  f0ac		       90 db		      bcc	.skipDrawP1	;2
    225  f0ae		       a4 86		      ldy	player1y	;3
    226  f0b0		       b1 8c		      lda	(player1pointer),y	;5; player0pointer must be selected carefully by the compiler
    227  f0b2							; so it doesn't cross a page boundary!
    228  f0b2
    229  f0b2				   .continueP1
    230  f0b2		       85 1c		      sta	GRP1	;3
    231  f0b4
    232  f0b4					      ifnconst	player1colors
    233  f0b4		       a5 87		      lda	missile1height	;3
    234  f0b6		       c7 88		      dcp	missile1y	;5
    235  f0b8		       2a		      rol		;2
    236  f0b9		       2a		      rol		;2
    237  f0ba		       85 1e		      sta	ENAM1	;3
    238  f0bc				  -	      else
    239  f0bc				  -	      lda	(player1color),y
    240  f0bc				  -	      sta	COLUP1
    241  f0bc				  -	      ifnconst	playercolors
    242  f0bc				  -	      sleep	7
    243  f0bc				  -	      else
    244  f0bc				  -	      lda.w	player0colorstore
    245  f0bc				  -	      sta	COLUP0
    246  f0bc				  -	      endif
    247  f0bc					      endif
    248  f0bc
    249  f0bc				  -	      ifconst	pfres
    250  f0bc				  -	      lda	playfield+pfres*pfwidth-132,x
    251  f0bc				  -	      sta	PF1L	;3
    252  f0bc				  -	      lda	playfield+pfres*pfwidth-131-pfadjust,x
    253  f0bc				  -	      sta	PF2L	;3
    254  f0bc				  -	      lda	playfield+pfres*pfwidth-129,x
    255  f0bc				  -	      sta	PF1R	; 3 too early?
    256  f0bc				  -	      lda	playfield+pfres*pfwidth-130-pfadjust,x
    257  f0bc				  -	      sta	PF2R	;3
    258  f0bc					      else
    259  f0bc		       b5 50		      lda	playfield-48+pfwidth*12+44-128,x	;4
    260  f0be		       85 0e		      sta	PF1L	;3
    261  f0c0		       b5 51		      lda	playfield-48+pfwidth*12+45-128-pfadjust,x	;4
    262  f0c2		       85 0f		      sta	PF2L	;3
    263  f0c4		       b5 53		      lda	playfield-48+pfwidth*12+47-128,x	;4
    264  f0c6		       85 0e		      sta	PF1R	; 3 too early?
    265  f0c8		       b5 52		      lda	playfield-48+pfwidth*12+46-128-pfadjust,x	;4
    266  f0ca		       85 0f		      sta	PF2R	;3
    267  f0cc					      endif
    268  f0cc							; sleep 3
    269  f0cc
    270  f0cc		       a5 8e		      lda	player0height
    271  f0ce		       c7 85		      dcp	player0y
    272  f0d0		       90 b1		      bcc	.skipDrawP0
    273  f0d2		       a4 85		      ldy	player0y
    274  f0d4		       b1 8a		      lda	(player0pointer),y
    275  f0d6				   .continueP0
    276  f0d6		       85 1b		      sta	GRP0
    277  f0d8
    278  f0d8					      ifnconst	no_blank_lines
    279  f0d8					      ifnconst	playercolors
    280  f0d8		       a5 90		      lda	missile0height	;3
    281  f0da		       c7 91		      dcp	missile0y	;5
    282  f0dc		       e5 f6		      sbc	stack1
    283  f0de		       85 1d		      sta	ENAM0	;3
    284  f0e0				  -	      else
    285  f0e0				  -	      lda	(player0color),y
    286  f0e0				  -	      sta	player0colorstore
    287  f0e0				  -	      sleep	6
    288  f0e0					      endif
    289  f0e0		       c6 9c		      dec	temp1
    290  f0e2		       d0 ab		      bne	continuekernel
    291  f0e4				  -	      else
    292  f0e4				  -	      dec	temp1
    293  f0e4				  -	      beq	altkernel2
    294  f0e4				  -	      ifconst	readpaddle
    295  f0e4				  -	      ldy	currentpaddle
    296  f0e4				  -	      lda	INPT0,y
    297  f0e4				  -	      bpl	noreadpaddle
    298  f0e4				  -	      inc	paddle
    299  f0e4				  -	      jmp	continuekernel2
    300  f0e4				  -noreadpaddle
    301  f0e4				  -	      sleep	2
    302  f0e4				  -	      jmp	continuekernel
    303  f0e4				  -	      else
    304  f0e4				  -	      ifnconst	playercolors
    305  f0e4				  -	      ifconst	PFcolors
    306  f0e4				  -	      txa
    307  f0e4				  -	      tay
    308  f0e4				  -	      lda	(pfcolortable),y
    309  f0e4				  -	      ifnconst	backgroundchange
    310  f0e4				  -	      sta	COLUPF
    311  f0e4				  -	      else
    312  f0e4				  -	      sta	COLUBK
    313  f0e4				  -	      endif
    314  f0e4				  -	      jmp	continuekernel
    315  f0e4				  -	      else
    316  f0e4				  -	      ifconst	kernelmacrodef
    317  f0e4				  -	      kernelmacro
    318  f0e4				  -	      else
    319  f0e4				  -	      sleep	12
    320  f0e4				  -	      endif
    321  f0e4				  -	      endif
    322  f0e4				  -	      else
    323  f0e4				  -	      lda	(player0color),y
    324  f0e4				  -	      sta	player0colorstore
    325  f0e4				  -	      sleep	4
    326  f0e4				  -	      endif
    327  f0e4				  -	      jmp	continuekernel
    328  f0e4				  -	      endif
    329  f0e4				  -altkernel2
    330  f0e4				  -	      txa
    331  f0e4				  -	      ifnconst	vertical_reflect
    332  f0e4				  -	      sbx	#256-pfwidth
    333  f0e4				  -	      else
    334  f0e4				  -	      sbx	#256-pfwidth/2
    335  f0e4				  -	      endif
    336  f0e4				  -	      bmi	lastkernelline
    337  f0e4				  -	      ifconst	pfrowheight
    338  f0e4				  -	      lda	#pfrowheight
    339  f0e4				  -	      else
    340  f0e4				  -	      ifnconst	pfres
    341  f0e4				  -	      lda	#8
    342  f0e4				  -	      else
    343  f0e4				  -	      lda	#(96/pfres)	; try to come close to the real size
    344  f0e4				  -	      endif
    345  f0e4				  -	      endif
    346  f0e4				  -	      sta	temp1
    347  f0e4				  -	      jmp	continuekernel
    348  f0e4					      endif
    349  f0e4
    350  f0e4				   altkernel
    351  f0e4
    352  f0e4				  -	      ifconst	PFmaskvalue
    353  f0e4				  -	      lda	#PFmaskvalue
    354  f0e4					      else
    355  f0e4		       a9 00		      lda	#0
    356  f0e6					      endif
    357  f0e6		       85 0e		      sta	PF1L
    358  f0e8		       85 0f		      sta	PF2
    359  f0ea
    360  f0ea
    361  f0ea							;sleep 3
    362  f0ea
    363  f0ea							;28 cycles to fix things
    364  f0ea							;minus 11=17
    365  f0ea
    366  f0ea							; lax temp4
    367  f0ea							; clc
    368  f0ea		       8a		      txa
    369  f0eb					      ifnconst	vertical_reflect
    370  f0eb		       cb fc		      sbx	#256-pfwidth
    371  f0ed				  -	      else
    372  f0ed				  -	      sbx	#256-pfwidth/2
    373  f0ed					      endif
    374  f0ed
    375  f0ed		       30 12		      bmi	lastkernelline
    376  f0ef
    377  f0ef				  -	      ifconst	PFcolorandheight
    378  f0ef				  -	      ifconst	pfres
    379  f0ef				  -	      ldy	playfieldcolorandheight-131+pfres*pfwidth,x
    380  f0ef				  -	      else
    381  f0ef				  -	      ldy	playfieldcolorandheight-87,x
    382  f0ef				  -	      endif
    383  f0ef				  -	      ifnconst	backgroundchange
    384  f0ef				  -	      sty	COLUPF
    385  f0ef				  -	      else
    386  f0ef				  -	      sty	COLUBK
    387  f0ef				  -	      endif
    388  f0ef				  -	      ifconst	pfres
    389  f0ef				  -	      lda	playfieldcolorandheight-132+pfres*pfwidth,x
    390  f0ef				  -	      else
    391  f0ef				  -	      lda	playfieldcolorandheight-88,x
    392  f0ef				  -	      endif
    393  f0ef				  -	      sta.w	temp1
    394  f0ef					      endif
    395  f0ef				  -	      ifconst	PFheights
    396  f0ef				  -	      lsr
    397  f0ef				  -	      lsr
    398  f0ef				  -	      tay
    399  f0ef				  -	      lda	(pfheighttable),y
    400  f0ef				  -	      sta.w	temp1
    401  f0ef					      endif
    402  f0ef				  -	      ifconst	PFcolors
    403  f0ef				  -	      tay
    404  f0ef				  -	      lda	(pfcolortable),y
    405  f0ef				  -	      ifnconst	backgroundchange
    406  f0ef				  -	      sta	COLUPF
    407  f0ef				  -	      else
    408  f0ef				  -	      sta	COLUBK
    409  f0ef				  -	      endif
    410  f0ef				  -	      ifconst	pfrowheight
    411  f0ef				  -	      lda	#pfrowheight
    412  f0ef				  -	      else
    413  f0ef				  -	      ifnconst	pfres
    414  f0ef				  -	      lda	#8
    415  f0ef				  -	      else
    416  f0ef				  -	      lda	#(96/pfres)	; try to come close to the real size
    417  f0ef				  -	      endif
    418  f0ef				  -	      endif
    419  f0ef				  -	      sta	temp1
    420  f0ef					      endif
    421  f0ef					      ifnconst	PFcolorandheight
    422  f0ef					      ifnconst	PFcolors
    423  f0ef					      ifnconst	PFheights
    424  f0ef					      ifnconst	no_blank_lines
    425  f0ef							; read paddle 0
    426  f0ef							; lo-res paddle read
    427  f0ef							; bit INPT0
    428  f0ef							; bmi paddleskipread
    429  f0ef							; inc paddle0
    430  f0ef							;donepaddleskip
      0  f0ef					      sleep	10
      1  f0ef				   .CYCLES    SET	10
      2  f0ef
      3  f0ef				  -	      IF	.CYCLES < 2
      4  f0ef				  -	      ECHO	"MACRO ERROR: 'SLEEP': Duration must be > 1"
      5  f0ef				  -	      ERR
      6  f0ef					      ENDIF
      7  f0ef
      8  f0ef				  -	      IF	.CYCLES & 1
      9  f0ef				  -	      IFNCONST	NO_ILLEGAL_OPCODES
     10  f0ef				  -	      nop	0
     11  f0ef				  -	      ELSE
     12  f0ef				  -	      bit	VSYNC
     13  f0ef				  -	      ENDIF
     14  f0ef				  -.CYCLES    SET	.CYCLES - 3
     15  f0ef					      ENDIF
     16  f0ef
     17  f0ef					      REPEAT	.CYCLES / 2
     18  f0ef		       ea		      nop
     17  f0ef					      REPEND
     18  f0f0		       ea		      nop
     17  f0f0					      REPEND
     18  f0f1		       ea		      nop
     17  f0f1					      REPEND
     18  f0f2		       ea		      nop
     17  f0f2					      REPEND
     18  f0f3		       ea		      nop
     19  f0f4					      REPEND
    432  f0f4				  -	      ifconst	pfrowheight
    433  f0f4				  -	      lda	#pfrowheight
    434  f0f4					      else
    435  f0f4					      ifnconst	pfres
    436  f0f4		       a9 08		      lda	#8
    437  f0f6				  -	      else
    438  f0f6				  -	      lda	#(96/pfres)	; try to come close to the real size
    439  f0f6					      endif
    440  f0f6					      endif
    441  f0f6		       85 9c		      sta	temp1
    442  f0f8					      endif
    443  f0f8					      endif
    444  f0f8					      endif
    445  f0f8					      endif
    446  f0f8
    447  f0f8
    448  f0f8		       a5 92		      lda	ballheight
    449  f0fa		       c7 89		      dcp	bally
    450  f0fc		       e5 9f		      sbc	temp4
    451  f0fe
    452  f0fe
    453  f0fe		       4c a6 f0 	      jmp	goback
    454  f101
    455  f101
    456  f101					      ifnconst	no_blank_lines
    457  f101				   lastkernelline
    458  f101					      ifnconst	PFcolors
      0  f101					      sleep	10
      1  f101				   .CYCLES    SET	10
      2  f101
      3  f101				  -	      IF	.CYCLES < 2
      4  f101				  -	      ECHO	"MACRO ERROR: 'SLEEP': Duration must be > 1"
      5  f101				  -	      ERR
      6  f101					      ENDIF
      7  f101
      8  f101				  -	      IF	.CYCLES & 1
      9  f101				  -	      IFNCONST	NO_ILLEGAL_OPCODES
     10  f101				  -	      nop	0
     11  f101				  -	      ELSE
     12  f101				  -	      bit	VSYNC
     13  f101				  -	      ENDIF
     14  f101				  -.CYCLES    SET	.CYCLES - 3
     15  f101					      ENDIF
     16  f101
     17  f101					      REPEAT	.CYCLES / 2
     18  f101		       ea		      nop
     17  f101					      REPEND
     18  f102		       ea		      nop
     17  f102					      REPEND
     18  f103		       ea		      nop
     17  f103					      REPEND
     18  f104		       ea		      nop
     17  f104					      REPEND
     18  f105		       ea		      nop
     19  f106					      REPEND
    460  f106				  -	      else
    461  f106				  -	      ldy	#124
    462  f106				  -	      lda	(pfcolortable),y
    463  f106				  -	      sta	COLUPF
    464  f106					      endif
    465  f106
    466  f106				  -	      ifconst	PFheights
    467  f106				  -	      ldx	#1
    468  f106				  -			;sleep 4
    469  f106				  -	      sleep	3	; this was over 1 cycle
    470  f106					      else
    471  f106		       a6 ef		      ldx	playfieldpos
    472  f108							;sleep 3
      0  f108					      sleep	2	; this was over 1 cycle
      1  f108				   .CYCLES    SET	2
      2  f108
      3  f108				  -	      IF	.CYCLES < 2
      4  f108				  -	      ECHO	"MACRO ERROR: 'SLEEP': Duration must be > 1"
      5  f108				  -	      ERR
      6  f108					      ENDIF
      7  f108
      8  f108				  -	      IF	.CYCLES & 1
      9  f108				  -	      IFNCONST	NO_ILLEGAL_OPCODES
     10  f108				  -	      nop	0
     11  f108				  -	      ELSE
     12  f108				  -	      bit	VSYNC
     13  f108				  -	      ENDIF
     14  f108				  -.CYCLES    SET	.CYCLES - 3
     15  f108					      ENDIF
     16  f108
     17  f108					      REPEAT	.CYCLES / 2
     18  f108		       ea		      nop
     19  f109					      REPEND
    474  f109					      endif
    475  f109
    476  f109		       4c 27 f1 	      jmp	enterlastkernel
    477  f10c
    478  f10c				  -	      else
    479  f10c				  -lastkernelline
    480  f10c				  -
    481  f10c				  -	      ifconst	PFheights
    482  f10c				  -	      ldx	#1
    483  f10c				  -			;sleep 5
    484  f10c				  -	      sleep	4	; this was over 1 cycle
    485  f10c				  -	      else
    486  f10c				  -	      ldx	playfieldpos
    487  f10c				  -			;sleep 4
    488  f10c				  -	      sleep	3	; this was over 1 cycle
    489  f10c				  -	      endif
    490  f10c				  -
    491  f10c				  -	      cpx	#0
    492  f10c				  -	      bne	.enterfromNBL
    493  f10c				  -	      jmp	no_blank_lines_bailout
    494  f10c					      endif
    495  f10c
    496  f10c				  -	      if	((<*)>$d5)
    497  f10c				  -	      align	256
    498  f10c					      endif
    499  f10c							; this is a kludge to prevent page wrapping - fix!!!
    500  f10c
    501  f10c				   .skipDrawlastP1
    502  f10c		       a9 00		      lda	#0
    503  f10e		       a8		      tay		; added so we don't cross a page
    504  f10f		       4c 39 f1 	      jmp	.continuelastP1
    505  f112
    506  f112				   .endkerloop		; enter at cycle 59??
    507  f112
    508  f112		       ea		      nop
    509  f113
    510  f113				   .enterfromNBL
    511  f113				  -	      ifconst	pfres
    512  f113				  -	      ldy.w	playfield+pfres*pfwidth-4
    513  f113				  -	      sty	PF1L	;3
    514  f113				  -	      ldy.w	playfield+pfres*pfwidth-3-pfadjust
    515  f113				  -	      sty	PF2L	;3
    516  f113				  -	      ldy.w	playfield+pfres*pfwidth-1
    517  f113				  -	      sty	PF1R	; possibly too early?
    518  f113				  -	      ldy.w	playfield+pfres*pfwidth-2-pfadjust
    519  f113				  -	      sty	PF2R	;3
    520  f113					      else
    521  f113		       ac d0 00 	      ldy.w	playfield-48+pfwidth*12+44
    522  f116		       84 0e		      sty	PF1L	;3
    523  f118		       ac d1 00 	      ldy.w	playfield-48+pfwidth*12+45-pfadjust
    524  f11b		       84 0f		      sty	PF2L	;3
    525  f11d		       ac d3 00 	      ldy.w	playfield-48+pfwidth*12+47
    526  f120		       84 0e		      sty	PF1R	; possibly too early?
    527  f122		       ac d2 00 	      ldy.w	playfield-48+pfwidth*12+46-pfadjust
    528  f125		       84 0f		      sty	PF2R	;3
    529  f127					      endif
    530  f127
    531  f127				   enterlastkernel
    532  f127		       a5 92		      lda	ballheight
    533  f129
    534  f129							; tya
    535  f129		       c7 89		      dcp	bally
    536  f12b							; sleep 4
    537  f12b
    538  f12b							; sbc stack3
    539  f12b		       2a		      rol
    540  f12c		       2a		      rol
    541  f12d		       85 1f		      sta	ENABL
    542  f12f
    543  f12f		       a5 8f		      lda	player1height	;3
    544  f131		       c7 86		      dcp	player1y	;5
    545  f133		       90 d7		      bcc	.skipDrawlastP1
    546  f135		       a4 86		      ldy	player1y	;3
    547  f137		       b1 8c		      lda	(player1pointer),y	;5; player0pointer must be selected carefully by the compiler
    548  f139							; so it doesn't cross a page boundary!
    549  f139
    550  f139				   .continuelastP1
    551  f139		       85 1c		      sta	GRP1	;3
    552  f13b
    553  f13b					      ifnconst	player1colors
    554  f13b		       a5 87		      lda	missile1height	;3
    555  f13d		       c7 88		      dcp	missile1y	;5
    556  f13f				  -	      else
    557  f13f				  -	      lda	(player1color),y
    558  f13f				  -	      sta	COLUP1
    559  f13f					      endif
    560  f13f
    561  f13f		       ca		      dex
    562  f140							;dec temp4 ; might try putting this above PF writes
    563  f140		       f0 36		      beq	endkernel
    564  f142
    565  f142
    566  f142				  -	      ifconst	pfres
    567  f142				  -	      ldy.w	playfield+pfres*pfwidth-4
    568  f142				  -	      sty	PF1L	;3
    569  f142				  -	      ldy.w	playfield+pfres*pfwidth-3-pfadjust
    570  f142				  -	      sty	PF2L	;3
    571  f142				  -	      ldy.w	playfield+pfres*pfwidth-1
    572  f142				  -	      sty	PF1R	; possibly too early?
    573  f142				  -	      ldy.w	playfield+pfres*pfwidth-2-pfadjust
    574  f142				  -	      sty	PF2R	;3
    575  f142					      else
    576  f142		       ac d0 00 	      ldy.w	playfield-48+pfwidth*12+44
    577  f145		       84 0e		      sty	PF1L	;3
    578  f147		       ac d1 00 	      ldy.w	playfield-48+pfwidth*12+45-pfadjust
    579  f14a		       84 0f		      sty	PF2L	;3
    580  f14c		       ac d3 00 	      ldy.w	playfield-48+pfwidth*12+47
    581  f14f		       84 0e		      sty	PF1R	; possibly too early?
    582  f151		       ac d2 00 	      ldy.w	playfield-48+pfwidth*12+46-pfadjust
    583  f154		       84 0f		      sty	PF2R	;3
    584  f156					      endif
    585  f156
    586  f156					      ifnconst	player1colors
    587  f156		       2a		      rol		;2
    588  f157		       2a		      rol		;2
    589  f158		       85 1e		      sta	ENAM1	;3
    590  f15a				  -	      else
    591  f15a				  -	      ifnconst	playercolors
    592  f15a				  -	      sleep	7
    593  f15a				  -	      else
    594  f15a				  -	      lda.w	player0colorstore
    595  f15a				  -	      sta	COLUP0
    596  f15a				  -	      endif
    597  f15a					      endif
    598  f15a
    599  f15a		       ad 8e 00 	      lda.w	player0height
    600  f15d		       c7 85		      dcp	player0y
    601  f15f		       90 11		      bcc	.skipDrawlastP0
    602  f161		       a4 85		      ldy	player0y
    603  f163		       b1 8a		      lda	(player0pointer),y
    604  f165				   .continuelastP0
    605  f165		       85 1b		      sta	GRP0
    606  f167
    607  f167
    608  f167
    609  f167					      ifnconst	no_blank_lines
    610  f167		       a5 90		      lda	missile0height	;3
    611  f169		       c7 91		      dcp	missile0y	;5
    612  f16b		       e5 f6		      sbc	stack1
    613  f16d		       85 1d		      sta	ENAM0	;3
    614  f16f		       4c 12 f1 	      jmp	.endkerloop
    615  f172				  -	      else
    616  f172				  -	      ifconst	readpaddle
    617  f172				  -	      ldy	currentpaddle
    618  f172				  -	      lda	INPT0,y
    619  f172				  -	      bpl	noreadpaddle2
    620  f172				  -	      inc	paddle
    621  f172				  -	      jmp	.endkerloop
    622  f172				  -noreadpaddle2
    623  f172				  -	      sleep	4
    624  f172				  -	      jmp	.endkerloop
    625  f172				  -	      else		; no_blank_lines and no paddle reading
    626  f172				  -	      pla
    627  f172				  -	      pha		; 14 cycles in 4 bytes
    628  f172				  -	      pla
    629  f172				  -	      pha
    630  f172				  -			; sleep 14
    631  f172				  -	      jmp	.endkerloop
    632  f172				  -	      endif
    633  f172					      endif
    634  f172
    635  f172
    636  f172							; ifconst donepaddleskip
    637  f172							;paddleskipread
    638  f172							; this is kind of lame, since it requires 4 cycles from a page boundary crossing
    639  f172							; plus we get a lo-res paddle read
    640  f172							; bmi donepaddleskip
    641  f172							; endif
    642  f172
    643  f172				   .skipDrawlastP0
    644  f172		       a9 00		      lda	#0
    645  f174		       a8		      tay
    646  f175		       4c 65 f1 	      jmp	.continuelastP0
    647  f178
    648  f178				  -	      ifconst	no_blank_lines
    649  f178				  -no_blank_lines_bailout
    650  f178				  -	      ldx	#0
    651  f178					      endif
    652  f178
    653  f178				   endkernel
    654  f178							; 6 digit score routine
    655  f178		       86 0e		      stx	PF1
    656  f17a		       86 0f		      stx	PF2
    657  f17c		       86 0d		      stx	PF0
    658  f17e		       18		      clc
    659  f17f
    660  f17f				  -	      ifconst	pfrowheight
    661  f17f				  -	      lda	#pfrowheight+2
    662  f17f					      else
    663  f17f					      ifnconst	pfres
    664  f17f		       a9 0a		      lda	#10
    665  f181				  -	      else
    666  f181				  -	      lda	#(96/pfres)+2	; try to come close to the real size
    667  f181					      endif
    668  f181					      endif
    669  f181
    670  f181		       e5 ef		      sbc	playfieldpos
    671  f183		       85 ef		      sta	playfieldpos
    672  f185		       8a		      txa
    673  f186
    674  f186				  -	      ifconst	shakescreen
    675  f186				  -	      bit	shakescreen
    676  f186				  -	      bmi	noshakescreen2
    677  f186				  -	      ldx	#$3D
    678  f186				  -noshakescreen2
    679  f186					      endif
    680  f186
    681  f186		       95 02		      sta	WSYNC,x
    682  f188
    683  f188							; STA WSYNC ;first one, need one more
    684  f188		       85 0b		      sta	REFP0
    685  f18a		       85 0c		      sta	REFP1
    686  f18c		       85 1b		      STA	GRP0
    687  f18e		       85 1c		      STA	GRP1
    688  f190							; STA PF1
    689  f190							; STA PF2
    690  f190		       85 2b		      sta	HMCLR
    691  f192		       85 1d		      sta	ENAM0
    692  f194		       85 1e		      sta	ENAM1
    693  f196		       85 1f		      sta	ENABL
    694  f198
    695  f198		       a5 9d		      lda	temp2	;restore variables that were obliterated by kernel
    696  f19a		       85 85		      sta	player0y
    697  f19c		       a5 9e		      lda	temp3
    698  f19e		       85 86		      sta	player1y
    699  f1a0					      ifnconst	player1colors
    700  f1a0		       a5 a1		      lda	temp6
    701  f1a2		       85 88		      sta	missile1y
    702  f1a4					      endif
    703  f1a4					      ifnconst	playercolors
    704  f1a4					      ifnconst	readpaddle
    705  f1a4		       a5 a0		      lda	temp5
    706  f1a6		       85 91		      sta	missile0y
    707  f1a8					      endif
    708  f1a8					      endif
    709  f1a8		       a5 f7		      lda	stack2
    710  f1aa		       85 89		      sta	bally
    711  f1ac
    712  f1ac							; strangely, this isn't required any more. might have
    713  f1ac							; resulted from the no_blank_lines score bounce fix
    714  f1ac							;ifconst no_blank_lines
    715  f1ac							;sta WSYNC
    716  f1ac							;endif
    717  f1ac
    718  f1ac		       ad 84 02 	      lda	INTIM
    719  f1af		       18		      clc
    720  f1b0					      ifnconst	vblank_time
    721  f1b0		       69 8e		      adc	#43+12+87
    722  f1b2				  -	      else
    723  f1b2				  -	      adc	#vblank_time+12+87
    724  f1b2				  -
    725  f1b2					      endif
    726  f1b2							; sta WSYNC
    727  f1b2		       8d 96 02 	      sta	TIM64T
    728  f1b5
    729  f1b5					      ifconst	minikernel
    730  f1b5		       20 b9 f4 	      jsr	minikernel
    731  f1b8					      endif
    732  f1b8
    733  f1b8							; now reassign temp vars for score pointers
    734  f1b8
    735  f1b8							; score pointers contain:
    736  f1b8							; score1-5: lo1,lo2,lo3,lo4,lo5,lo6
    737  f1b8							; swap lo2->temp1
    738  f1b8							; swap lo4->temp3
    739  f1b8							; swap lo6->temp5
    740  f1b8				  -	      ifnconst	noscore
    741  f1b8				  -	      lda	scorepointers+1
    742  f1b8				  -			; ldy temp1
    743  f1b8				  -	      sta	temp1
    744  f1b8				  -			; sty scorepointers+1
    745  f1b8				  -
    746  f1b8				  -	      lda	scorepointers+3
    747  f1b8				  -			; ldy temp3
    748  f1b8				  -	      sta	temp3
    749  f1b8				  -			; sty scorepointers+3
    750  f1b8				  -
    751  f1b8				  -
    752  f1b8				  -	      sta	HMCLR
    753  f1b8				  -	      tsx
    754  f1b8				  -	      stx	stack1
    755  f1b8				  -	      ldx	#$E0
    756  f1b8				  -	      stx	HMP0
    757  f1b8				  -
    758  f1b8				  -	      LDA	scorecolor
    759  f1b8				  -	      STA	COLUP0
    760  f1b8				  -	      STA	COLUP1
    761  f1b8				  -	      ifconst	scorefade
    762  f1b8				  -	      STA	stack2
    763  f1b8				  -	      endif
    764  f1b8				  -	      ifconst	pfscore
    765  f1b8				  -	      lda	pfscorecolor
    766  f1b8				  -	      sta	COLUPF
    767  f1b8				  -	      endif
    768  f1b8				  -	      sta	WSYNC
    769  f1b8				  -	      ldx	#0
    770  f1b8				  -	      STx	GRP0
    771  f1b8				  -	      STx	GRP1	; seems to be needed because of vdel
    772  f1b8				  -
    773  f1b8				  -	      lda	scorepointers+5
    774  f1b8				  -			; ldy temp5
    775  f1b8				  -	      sta	temp5,x
    776  f1b8				  -			; sty scorepointers+5
    777  f1b8				  -	      lda	#>scoretable
    778  f1b8				  -	      sta	scorepointers+1
    779  f1b8				  -	      sta	scorepointers+3
    780  f1b8				  -	      sta	scorepointers+5
    781  f1b8				  -	      sta	temp2
    782  f1b8				  -	      sta	temp4
    783  f1b8				  -	      sta	temp6
    784  f1b8				  -	      LDY	#7
    785  f1b8				  -	      STY	VDELP0
    786  f1b8				  -	      STA	RESP0
    787  f1b8				  -	      STA	RESP1
    788  f1b8				  -
    789  f1b8				  -
    790  f1b8				  -	      LDA	#$03
    791  f1b8				  -	      STA	NUSIZ0
    792  f1b8				  -	      STA	NUSIZ1
    793  f1b8				  -	      STA	VDELP1
    794  f1b8				  -	      LDA	#$F0
    795  f1b8				  -	      STA	HMP1
    796  f1b8				  -	      lda	(scorepointers),y
    797  f1b8				  -	      sta	GRP0
    798  f1b8				  -	      STA	HMOVE	; cycle 73 ?
    799  f1b8				  -	      jmp	beginscore
    800  f1b8				  -
    801  f1b8				  -
    802  f1b8				  -	      if	((<*)>$d4)
    803  f1b8				  -	      align	256	; kludge that potentially wastes space! should be fixed!
    804  f1b8				  -	      endif
    805  f1b8				  -
    806  f1b8				  -loop2
    807  f1b8				  -	      lda	(scorepointers),y	;+5 68 204
    808  f1b8				  -	      sta	GRP0	;+3 71 213 D1 -- -- --
    809  f1b8				  -	      ifconst	pfscore
    810  f1b8				  -	      lda.w	pfscore1
    811  f1b8				  -	      sta	PF1
    812  f1b8				  -	      else
    813  f1b8				  -	      ifconst	scorefade
    814  f1b8				  -	      sleep	2
    815  f1b8				  -	      dec	stack2	; decrement the temporary scorecolor
    816  f1b8				  -	      else
    817  f1b8				  -	      sleep	7
    818  f1b8				  -	      endif
    819  f1b8				  -	      endif
    820  f1b8				  -			; cycle 0
    821  f1b8				  -beginscore
    822  f1b8				  -	      lda	(scorepointers+$8),y	;+5 5 15
    823  f1b8				  -	      sta	GRP1	;+3 8 24 D1 D1 D2 --
    824  f1b8				  -	      lda	(scorepointers+$6),y	;+5 13 39
    825  f1b8				  -	      sta	GRP0	;+3 16 48 D3 D1 D2 D2
    826  f1b8				  -	      lax	(scorepointers+$2),y	;+5 29 87
    827  f1b8				  -	      txs
    828  f1b8				  -	      lax	(scorepointers+$4),y	;+5 36 108
    829  f1b8				  -	      ifconst	scorefade
    830  f1b8				  -	      lda	stack2
    831  f1b8				  -	      else
    832  f1b8				  -	      sleep	3
    833  f1b8				  -	      endif
    834  f1b8				  -
    835  f1b8				  -	      ifconst	pfscore
    836  f1b8				  -	      lda	pfscore2
    837  f1b8				  -	      sta	PF1
    838  f1b8				  -	      else
    839  f1b8				  -	      ifconst	scorefade
    840  f1b8				  -	      sta	COLUP0
    841  f1b8				  -	      sta	COLUP1
    842  f1b8				  -	      else
    843  f1b8				  -	      sleep	6
    844  f1b8				  -	      endif
    845  f1b8				  -	      endif
    846  f1b8				  -
    847  f1b8				  -	      lda	(scorepointers+$A),y	;+5 21 63
    848  f1b8				  -	      stx	GRP1	;+3 44 132 D3 D3 D4 D2!
    849  f1b8				  -	      tsx
    850  f1b8				  -	      stx	GRP0	;+3 47 141 D5 D3! D4 D4
    851  f1b8				  -	      sta	GRP1	;+3 50 150 D5 D5 D6 D4!
    852  f1b8				  -	      sty	GRP0	;+3 53 159 D4* D5! D6 D6
    853  f1b8				  -	      dey
    854  f1b8				  -	      bpl	loop2	;+2 60 180
    855  f1b8				  -
    856  f1b8				  -	      ldx	stack1
    857  f1b8				  -	      txs
    858  f1b8				  -			; lda scorepointers+1
    859  f1b8				  -	      ldy	temp1
    860  f1b8				  -			; sta temp1
    861  f1b8				  -	      sty	scorepointers+1
    862  f1b8				  -
    863  f1b8				  -	      LDA	#0
    864  f1b8				  -	      sta	PF1
    865  f1b8				  -	      STA	GRP0
    866  f1b8				  -	      STA	GRP1
    867  f1b8				  -	      STA	VDELP0
    868  f1b8				  -	      STA	VDELP1	;do we need these
    869  f1b8				  -	      STA	NUSIZ0
    870  f1b8				  -	      STA	NUSIZ1
    871  f1b8				  -
    872  f1b8				  -			; lda scorepointers+3
    873  f1b8				  -	      ldy	temp3
    874  f1b8				  -			; sta temp3
    875  f1b8				  -	      sty	scorepointers+3
    876  f1b8				  -
    877  f1b8				  -			; lda scorepointers+5
    878  f1b8				  -	      ldy	temp5
    879  f1b8				  -			; sta temp5
    880  f1b8				  -	      sty	scorepointers+5
    881  f1b8					      endif		;noscore
    882  f1b8				  -	      ifconst	readpaddle
    883  f1b8				  -	      lda	#%11000010
    884  f1b8					      else
    885  f1b8					      ifconst	qtcontroller
    886  f1b8		       a5 d7		      lda	qtcontroller
    887  f1ba		       4a		      lsr		; bit 0 in carry
    888  f1bb		       a9 04		      lda	#4
    889  f1bd		       6a		      ror		; carry into top of A
    890  f1be				  -	      else
    891  f1be				  -	      lda	#2
    892  f1be					      endif		; qtcontroller
    893  f1be					      endif		; readpaddle
    894  f1be		       85 02		      sta	WSYNC
    895  f1c0		       85 01		      sta	VBLANK
      0  f1c2					      RETURN
      1  f1c2					      ifnconst	bankswitch
      2  f1c2		       60		      rts
      3  f1c3				  -	      else
      4  f1c3				  -	      jmp	BS_return
      5  f1c3					      endif
    897  f1c3				  -	      ifconst	shakescreen
    898  f1c3				  -doshakescreen
    899  f1c3				  -	      bit	shakescreen
    900  f1c3				  -	      bmi	noshakescreen
    901  f1c3				  -	      sta	WSYNC
    902  f1c3				  -noshakescreen
    903  f1c3				  -	      ldx	missile0height
    904  f1c3				  -	      inx
    905  f1c3				  -	      rts
    906  f1c3					      endif
    907  f1c3
    908  f1c3							; Provided under the CC0 license. See the included LICENSE.txt for details.
    909  f1c3
    910  f1c3							; playfield drawing routines
    911  f1c3							; you get a 32x12 bitmapped display in a single color :)
    912  f1c3							; 0-31 and 0-11
    913  f1c3
    914  f1c3				   pfclear		; clears playfield - or fill with pattern
    915  f1c3				  -	      ifconst	pfres
    916  f1c3				  -	      ldx	#pfres*pfwidth-1
    917  f1c3					      else
    918  f1c3		       a2 2f		      ldx	#47-(4-pfwidth)*12	; will this work?
    919  f1c5					      endif
    920  f1c5				   pfclear_loop
    921  f1c5					      ifnconst	superchip
    922  f1c5		       95 a4		      sta	playfield,x
    923  f1c7				  -	      else
    924  f1c7				  -	      sta	playfield-128,x
    925  f1c7					      endif
    926  f1c7		       ca		      dex
    927  f1c8		       10 fb		      bpl	pfclear_loop
      0  f1ca					      RETURN
      1  f1ca					      ifnconst	bankswitch
      2  f1ca		       60		      rts
      3  f1cb				  -	      else
      4  f1cb				  -	      jmp	BS_return
      5  f1cb					      endif
    929  f1cb
    930  f1cb				   setuppointers
    931  f1cb		       86 9d		      stx	temp2	; store on.off.flip value
    932  f1cd		       aa		      tax		; put x-value in x 
    933  f1ce		       4a		      lsr
    934  f1cf		       4a		      lsr
    935  f1d0		       4a		      lsr		; divide x pos by 8 
    936  f1d1		       85 9c		      sta	temp1
    937  f1d3		       98		      tya
    938  f1d4		       0a		      asl
    939  f1d5					      if	pfwidth=4
    940  f1d5		       0a		      asl		; multiply y pos by 4
    941  f1d6					      endif		; else multiply by 2
    942  f1d6		       18		      clc
    943  f1d7		       65 9c		      adc	temp1	; add them together to get actual memory location offset
    944  f1d9		       a8		      tay		; put the value in y
    945  f1da		       a5 9d		      lda	temp2	; restore on.off.flip value
    946  f1dc		       60		      rts
    947  f1dd
    948  f1dd				   pfread
    949  f1dd							;x=xvalue, y=yvalue
    950  f1dd		       20 cb f1 	      jsr	setuppointers
    951  f1e0		       bd 45 f2 	      lda	setbyte,x
    952  f1e3		       39 a4 00 	      and	playfield,y
    953  f1e6		       5d 45 f2 	      eor	setbyte,x
    954  f1e9							; beq readzero
    955  f1e9							; lda #1
    956  f1e9							; readzero
      0  f1e9					      RETURN
      1  f1e9					      ifnconst	bankswitch
      2  f1e9		       60		      rts
      3  f1ea				  -	      else
      4  f1ea				  -	      jmp	BS_return
      5  f1ea					      endif
    958  f1ea
    959  f1ea				   pfpixel
    960  f1ea							;x=xvalue, y=yvalue, a=0,1,2
    961  f1ea		       20 cb f1 	      jsr	setuppointers
    962  f1ed
    963  f1ed				  -	      ifconst	bankswitch
    964  f1ed				  -	      lda	temp2	; load on.off.flip value (0,1, or 2)
    965  f1ed				  -	      beq	pixelon_r	; if "on" go to on
    966  f1ed				  -	      lsr
    967  f1ed				  -	      bcs	pixeloff_r	; value is 1 if true
    968  f1ed				  -	      lda	playfield,y	; if here, it's "flip"
    969  f1ed				  -	      eor	setbyte,x
    970  f1ed				  -	      ifconst	superchip
    971  f1ed				  -	      sta	playfield-128,y
    972  f1ed				  -	      else
    973  f1ed				  -	      sta	playfield,y
    974  f1ed				  -	      endif
    975  f1ed				  -	      RETURN
    976  f1ed				  -pixelon_r
    977  f1ed				  -	      lda	playfield,y
    978  f1ed				  -	      ora	setbyte,x
    979  f1ed				  -	      ifconst	superchip
    980  f1ed				  -	      sta	playfield-128,y
    981  f1ed				  -	      else
    982  f1ed				  -	      sta	playfield,y
    983  f1ed				  -	      endif
    984  f1ed				  -	      RETURN
    985  f1ed				  -pixeloff_r
    986  f1ed				  -	      lda	setbyte,x
    987  f1ed				  -	      eor	#$ff
    988  f1ed				  -	      and	playfield,y
    989  f1ed				  -	      ifconst	superchip
    990  f1ed				  -	      sta	playfield-128,y
    991  f1ed				  -	      else
    992  f1ed				  -	      sta	playfield,y
    993  f1ed				  -	      endif
    994  f1ed				  -	      RETURN
    995  f1ed				  -
    996  f1ed					      else
    997  f1ed		       4c 1e f2 	      jmp	plotpoint
    998  f1f0					      endif
    999  f1f0
   1000  f1f0				   pfhline
   1001  f1f0							;x=xvalue, y=yvalue, a=0,1,2, temp3=endx
   1002  f1f0		       20 cb f1 	      jsr	setuppointers
   1003  f1f3		       4c fd f1 	      jmp	noinc
   1004  f1f6				   keepgoing
   1005  f1f6		       e8		      inx
   1006  f1f7		       8a		      txa
   1007  f1f8		       29 07		      and	#7
   1008  f1fa		       d0 01		      bne	noinc
   1009  f1fc		       c8		      iny
   1010  f1fd				   noinc
   1011  f1fd		       20 1e f2 	      jsr	plotpoint
   1012  f200		       e4 9e		      cpx	temp3
   1013  f202		       30 f2		      bmi	keepgoing
      0  f204					      RETURN
      1  f204					      ifnconst	bankswitch
      2  f204		       60		      rts
      3  f205				  -	      else
      4  f205				  -	      jmp	BS_return
      5  f205					      endif
   1015  f205
   1016  f205				   pfvline
   1017  f205							;x=xvalue, y=yvalue, a=0,1,2, temp3=endx
   1018  f205		       20 cb f1 	      jsr	setuppointers
   1019  f208		       84 9c		      sty	temp1	; store memory location offset
   1020  f20a		       e6 9e		      inc	temp3	; increase final x by 1 
   1021  f20c		       a5 9e		      lda	temp3
   1022  f20e		       0a		      asl
   1023  f20f					      if	pfwidth=4
   1024  f20f		       0a		      asl		; multiply by 4
   1025  f210					      endif		; else multiply by 2
   1026  f210		       85 9e		      sta	temp3	; store it
   1027  f212							; Thanks to Michael Rideout for fixing a bug in this code
   1028  f212							; right now, temp1=y=starting memory location, temp3=final
   1029  f212							; x should equal original x value
   1030  f212				   keepgoingy
   1031  f212		       20 1e f2 	      jsr	plotpoint
   1032  f215		       c8		      iny
   1033  f216		       c8		      iny
   1034  f217					      if	pfwidth=4
   1035  f217		       c8		      iny
   1036  f218		       c8		      iny
   1037  f219					      endif
   1038  f219		       c4 9e		      cpy	temp3
   1039  f21b		       30 f5		      bmi	keepgoingy
      0  f21d					      RETURN
      1  f21d					      ifnconst	bankswitch
      2  f21d		       60		      rts
      3  f21e				  -	      else
      4  f21e				  -	      jmp	BS_return
      5  f21e					      endif
   1041  f21e
   1042  f21e				   plotpoint
   1043  f21e		       a5 9d		      lda	temp2	; load on.off.flip value (0,1, or 2)
   1044  f220		       f0 0d		      beq	pixelon	; if "on" go to on
   1045  f222		       4a		      lsr
   1046  f223		       b0 14		      bcs	pixeloff	; value is 1 if true
   1047  f225		       b9 a4 00 	      lda	playfield,y	; if here, it's "flip"
   1048  f228		       5d 45 f2 	      eor	setbyte,x
   1049  f22b				  -	      ifconst	superchip
   1050  f22b				  -	      sta	playfield-128,y
   1051  f22b					      else
   1052  f22b		       99 a4 00 	      sta	playfield,y
   1053  f22e					      endif
   1054  f22e		       60		      rts
   1055  f22f				   pixelon
   1056  f22f		       b9 a4 00 	      lda	playfield,y
   1057  f232		       1d 45 f2 	      ora	setbyte,x
   1058  f235				  -	      ifconst	superchip
   1059  f235				  -	      sta	playfield-128,y
   1060  f235					      else
   1061  f235		       99 a4 00 	      sta	playfield,y
   1062  f238					      endif
   1063  f238		       60		      rts
   1064  f239				   pixeloff
   1065  f239		       bd 45 f2 	      lda	setbyte,x
   1066  f23c		       49 ff		      eor	#$ff
   1067  f23e		       39 a4 00 	      and	playfield,y
   1068  f241				  -	      ifconst	superchip
   1069  f241				  -	      sta	playfield-128,y
   1070  f241					      else
   1071  f241		       99 a4 00 	      sta	playfield,y
   1072  f244					      endif
   1073  f244		       60		      rts
   1074  f245
   1075  f245				   setbyte
   1076  f245					      ifnconst	pfcenter
   1077  f245		       80		      .byte.b	$80
   1078  f246		       40		      .byte.b	$40
   1079  f247		       20		      .byte.b	$20
   1080  f248		       10		      .byte.b	$10
   1081  f249		       08		      .byte.b	$08
   1082  f24a		       04		      .byte.b	$04
   1083  f24b		       02		      .byte.b	$02
   1084  f24c		       01		      .byte.b	$01
   1085  f24d					      endif
   1086  f24d		       01		      .byte.b	$01
   1087  f24e		       02		      .byte.b	$02
   1088  f24f		       04		      .byte.b	$04
   1089  f250		       08		      .byte.b	$08
   1090  f251		       10		      .byte.b	$10
   1091  f252		       20		      .byte.b	$20
   1092  f253		       40		      .byte.b	$40
   1093  f254		       80		      .byte.b	$80
   1094  f255		       80		      .byte.b	$80
   1095  f256		       40		      .byte.b	$40
   1096  f257		       20		      .byte.b	$20
   1097  f258		       10		      .byte.b	$10
   1098  f259		       08		      .byte.b	$08
   1099  f25a		       04		      .byte.b	$04
   1100  f25b		       02		      .byte.b	$02
   1101  f25c		       01		      .byte.b	$01
   1102  f25d		       01		      .byte.b	$01
   1103  f25e		       02		      .byte.b	$02
   1104  f25f		       04		      .byte.b	$04
   1105  f260		       08		      .byte.b	$08
   1106  f261		       10		      .byte.b	$10
   1107  f262		       20		      .byte.b	$20
   1108  f263		       40		      .byte.b	$40
   1109  f264		       80		      .byte.b	$80
   1110  f265							; Provided under the CC0 license. See the included LICENSE.txt for details.
   1111  f265
   1112  f265				   pfscroll		;(a=0 left, 1 right, 2 up, 4 down, 6=upup, 12=downdown)
   1113  f265		       d0 13		      bne	notleft
   1114  f267							;left
   1115  f267				  -	      ifconst	pfres
   1116  f267				  -	      ldx	#pfres*4
   1117  f267					      else
   1118  f267		       a2 30		      ldx	#48
   1119  f269					      endif
   1120  f269				   leftloop
   1121  f269		       b5 a3		      lda	playfield-1,x
   1122  f26b		       4a		      lsr
   1123  f26c
   1124  f26c				  -	      ifconst	superchip
   1125  f26c				  -	      lda	playfield-2,x
   1126  f26c				  -	      rol
   1127  f26c				  -	      sta	playfield-130,x
   1128  f26c				  -	      lda	playfield-3,x
   1129  f26c				  -	      ror
   1130  f26c				  -	      sta	playfield-131,x
   1131  f26c				  -	      lda	playfield-4,x
   1132  f26c				  -	      rol
   1133  f26c				  -	      sta	playfield-132,x
   1134  f26c				  -	      lda	playfield-1,x
   1135  f26c				  -	      ror
   1136  f26c				  -	      sta	playfield-129,x
   1137  f26c					      else
   1138  f26c		       36 a2		      rol	playfield-2,x
   1139  f26e		       76 a1		      ror	playfield-3,x
   1140  f270		       36 a0		      rol	playfield-4,x
   1141  f272		       76 a3		      ror	playfield-1,x
   1142  f274					      endif
   1143  f274
   1144  f274		       8a		      txa
   1145  f275		       cb 04		      sbx	#4
   1146  f277		       d0 f0		      bne	leftloop
      0  f279					      RETURN
      1  f279					      ifnconst	bankswitch
      2  f279		       60		      rts
      3  f27a				  -	      else
      4  f27a				  -	      jmp	BS_return
      5  f27a					      endif
   1148  f27a
   1149  f27a				   notleft
   1150  f27a		       4a		      lsr
   1151  f27b		       90 13		      bcc	notright
   1152  f27d							;right
   1153  f27d
   1154  f27d				  -	      ifconst	pfres
   1155  f27d				  -	      ldx	#pfres*4
   1156  f27d					      else
   1157  f27d		       a2 30		      ldx	#48
   1158  f27f					      endif
   1159  f27f				   rightloop
   1160  f27f		       b5 a0		      lda	playfield-4,x
   1161  f281		       4a		      lsr
   1162  f282				  -	      ifconst	superchip
   1163  f282				  -	      lda	playfield-3,x
   1164  f282				  -	      rol
   1165  f282				  -	      sta	playfield-131,x
   1166  f282				  -	      lda	playfield-2,x
   1167  f282				  -	      ror
   1168  f282				  -	      sta	playfield-130,x
   1169  f282				  -	      lda	playfield-1,x
   1170  f282				  -	      rol
   1171  f282				  -	      sta	playfield-129,x
   1172  f282				  -	      lda	playfield-4,x
   1173  f282				  -	      ror
   1174  f282				  -	      sta	playfield-132,x
   1175  f282					      else
   1176  f282		       36 a1		      rol	playfield-3,x
   1177  f284		       76 a2		      ror	playfield-2,x
   1178  f286		       36 a3		      rol	playfield-1,x
   1179  f288		       76 a0		      ror	playfield-4,x
   1180  f28a					      endif
   1181  f28a		       8a		      txa
   1182  f28b		       cb 04		      sbx	#4
   1183  f28d		       d0 f0		      bne	rightloop
      0  f28f					      RETURN
      1  f28f					      ifnconst	bankswitch
      2  f28f		       60		      rts
      3  f290				  -	      else
      4  f290				  -	      jmp	BS_return
      5  f290					      endif
   1185  f290
   1186  f290				   notright
   1187  f290		       4a		      lsr
   1188  f291		       90 49		      bcc	notup
   1189  f293							;up
   1190  f293		       4a		      lsr
   1191  f294		       90 02		      bcc	onedecup
   1192  f296		       c6 ef		      dec	playfieldpos
   1193  f298				   onedecup
   1194  f298		       c6 ef		      dec	playfieldpos
   1195  f29a		       f0 02		      beq	shiftdown
   1196  f29c		       10 3d		      bpl	noshiftdown2
   1197  f29e				   shiftdown
   1198  f29e				  -	      ifconst	pfrowheight
   1199  f29e				  -	      lda	#pfrowheight
   1200  f29e					      else
   1201  f29e					      ifnconst	pfres
   1202  f29e		       a9 08		      lda	#8
   1203  f2a0				  -	      else
   1204  f2a0				  -	      lda	#(96/pfres)	; try to come close to the real size
   1205  f2a0					      endif
   1206  f2a0					      endif
   1207  f2a0
   1208  f2a0		       85 ef		      sta	playfieldpos
   1209  f2a2		       a5 a7		      lda	playfield+3
   1210  f2a4		       85 9f		      sta	temp4
   1211  f2a6		       a5 a6		      lda	playfield+2
   1212  f2a8		       85 9e		      sta	temp3
   1213  f2aa		       a5 a5		      lda	playfield+1
   1214  f2ac		       85 9d		      sta	temp2
   1215  f2ae		       a5 a4		      lda	playfield
   1216  f2b0		       85 9c		      sta	temp1
   1217  f2b2		       a2 00		      ldx	#0
   1218  f2b4				   up2
   1219  f2b4		       b5 a8		      lda	playfield+4,x
   1220  f2b6				  -	      ifconst	superchip
   1221  f2b6				  -	      sta	playfield-128,x
   1222  f2b6				  -	      lda	playfield+5,x
   1223  f2b6				  -	      sta	playfield-127,x
   1224  f2b6				  -	      lda	playfield+6,x
   1225  f2b6				  -	      sta	playfield-126,x
   1226  f2b6				  -	      lda	playfield+7,x
   1227  f2b6				  -	      sta	playfield-125,x
   1228  f2b6					      else
   1229  f2b6		       95 a4		      sta	playfield,x
   1230  f2b8		       b5 a9		      lda	playfield+5,x
   1231  f2ba		       95 a5		      sta	playfield+1,x
   1232  f2bc		       b5 aa		      lda	playfield+6,x
   1233  f2be		       95 a6		      sta	playfield+2,x
   1234  f2c0		       b5 ab		      lda	playfield+7,x
   1235  f2c2		       95 a7		      sta	playfield+3,x
   1236  f2c4					      endif
   1237  f2c4		       8a		      txa
   1238  f2c5		       cb fc		      sbx	#252
   1239  f2c7				  -	      ifconst	pfres
   1240  f2c7				  -	      cpx	#(pfres-1)*4
   1241  f2c7					      else
   1242  f2c7		       e0 2c		      cpx	#44
   1243  f2c9					      endif
   1244  f2c9		       d0 e9		      bne	up2
   1245  f2cb
   1246  f2cb		       a5 9f		      lda	temp4
   1247  f2cd
   1248  f2cd				  -	      ifconst	superchip
   1249  f2cd				  -	      ifconst	pfres
   1250  f2cd				  -	      sta	playfield+pfres*4-129
   1251  f2cd				  -	      lda	temp3
   1252  f2cd				  -	      sta	playfield+pfres*4-130
   1253  f2cd				  -	      lda	temp2
   1254  f2cd				  -	      sta	playfield+pfres*4-131
   1255  f2cd				  -	      lda	temp1
   1256  f2cd				  -	      sta	playfield+pfres*4-132
   1257  f2cd				  -	      else
   1258  f2cd				  -	      sta	playfield+47-128
   1259  f2cd				  -	      lda	temp3
   1260  f2cd				  -	      sta	playfield+46-128
   1261  f2cd				  -	      lda	temp2
   1262  f2cd				  -	      sta	playfield+45-128
   1263  f2cd				  -	      lda	temp1
   1264  f2cd				  -	      sta	playfield+44-128
   1265  f2cd				  -	      endif
   1266  f2cd					      else
   1267  f2cd				  -	      ifconst	pfres
   1268  f2cd				  -	      sta	playfield+pfres*4-1
   1269  f2cd				  -	      lda	temp3
   1270  f2cd				  -	      sta	playfield+pfres*4-2
   1271  f2cd				  -	      lda	temp2
   1272  f2cd				  -	      sta	playfield+pfres*4-3
   1273  f2cd				  -	      lda	temp1
   1274  f2cd				  -	      sta	playfield+pfres*4-4
   1275  f2cd					      else
   1276  f2cd		       85 d3		      sta	playfield+47
   1277  f2cf		       a5 9e		      lda	temp3
   1278  f2d1		       85 d2		      sta	playfield+46
   1279  f2d3		       a5 9d		      lda	temp2
   1280  f2d5		       85 d1		      sta	playfield+45
   1281  f2d7		       a5 9c		      lda	temp1
   1282  f2d9		       85 d0		      sta	playfield+44
   1283  f2db					      endif
   1284  f2db					      endif
   1285  f2db				   noshiftdown2
      0  f2db					      RETURN
      1  f2db					      ifnconst	bankswitch
      2  f2db		       60		      rts
      3  f2dc				  -	      else
      4  f2dc				  -	      jmp	BS_return
      5  f2dc					      endif
   1287  f2dc
   1288  f2dc
   1289  f2dc				   notup
   1290  f2dc							;down
   1291  f2dc		       4a		      lsr
   1292  f2dd		       b0 02		      bcs	oneincup
   1293  f2df		       e6 ef		      inc	playfieldpos
   1294  f2e1				   oneincup
   1295  f2e1		       e6 ef		      inc	playfieldpos
   1296  f2e3		       a5 ef		      lda	playfieldpos
   1297  f2e5
   1298  f2e5				  -	      ifconst	pfrowheight
   1299  f2e5				  -	      cmp	#pfrowheight+1
   1300  f2e5					      else
   1301  f2e5					      ifnconst	pfres
   1302  f2e5		       c9 09		      cmp	#9
   1303  f2e7				  -	      else
   1304  f2e7				  -	      cmp	#(96/pfres)+1	; try to come close to the real size
   1305  f2e7					      endif
   1306  f2e7					      endif
   1307  f2e7
   1308  f2e7		       90 3b		      bcc	noshiftdown
   1309  f2e9		       a9 01		      lda	#1
   1310  f2eb		       85 ef		      sta	playfieldpos
   1311  f2ed
   1312  f2ed				  -	      ifconst	pfres
   1313  f2ed				  -	      lda	playfield+pfres*4-1
   1314  f2ed				  -	      sta	temp4
   1315  f2ed				  -	      lda	playfield+pfres*4-2
   1316  f2ed				  -	      sta	temp3
   1317  f2ed				  -	      lda	playfield+pfres*4-3
   1318  f2ed				  -	      sta	temp2
   1319  f2ed				  -	      lda	playfield+pfres*4-4
   1320  f2ed					      else
   1321  f2ed		       a5 d3		      lda	playfield+47
   1322  f2ef		       85 9f		      sta	temp4
   1323  f2f1		       a5 d2		      lda	playfield+46
   1324  f2f3		       85 9e		      sta	temp3
   1325  f2f5		       a5 d1		      lda	playfield+45
   1326  f2f7		       85 9d		      sta	temp2
   1327  f2f9		       a5 d0		      lda	playfield+44
   1328  f2fb					      endif
   1329  f2fb
   1330  f2fb		       85 9c		      sta	temp1
   1331  f2fd
   1332  f2fd				  -	      ifconst	pfres
   1333  f2fd				  -	      ldx	#(pfres-1)*4
   1334  f2fd					      else
   1335  f2fd		       a2 2c		      ldx	#44
   1336  f2ff					      endif
   1337  f2ff				   down2
   1338  f2ff		       b5 a3		      lda	playfield-1,x
   1339  f301				  -	      ifconst	superchip
   1340  f301				  -	      sta	playfield-125,x
   1341  f301				  -	      lda	playfield-2,x
   1342  f301				  -	      sta	playfield-126,x
   1343  f301				  -	      lda	playfield-3,x
   1344  f301				  -	      sta	playfield-127,x
   1345  f301				  -	      lda	playfield-4,x
   1346  f301				  -	      sta	playfield-128,x
   1347  f301					      else
   1348  f301		       95 a7		      sta	playfield+3,x
   1349  f303		       b5 a2		      lda	playfield-2,x
   1350  f305		       95 a6		      sta	playfield+2,x
   1351  f307		       b5 a1		      lda	playfield-3,x
   1352  f309		       95 a5		      sta	playfield+1,x
   1353  f30b		       b5 a0		      lda	playfield-4,x
   1354  f30d		       95 a4		      sta	playfield,x
   1355  f30f					      endif
   1356  f30f		       8a		      txa
   1357  f310		       cb 04		      sbx	#4
   1358  f312		       d0 eb		      bne	down2
   1359  f314
   1360  f314		       a5 9f		      lda	temp4
   1361  f316				  -	      ifconst	superchip
   1362  f316				  -	      sta	playfield-125
   1363  f316				  -	      lda	temp3
   1364  f316				  -	      sta	playfield-126
   1365  f316				  -	      lda	temp2
   1366  f316				  -	      sta	playfield-127
   1367  f316				  -	      lda	temp1
   1368  f316				  -	      sta	playfield-128
   1369  f316					      else
   1370  f316		       85 a7		      sta	playfield+3
   1371  f318		       a5 9e		      lda	temp3
   1372  f31a		       85 a6		      sta	playfield+2
   1373  f31c		       a5 9d		      lda	temp2
   1374  f31e		       85 a5		      sta	playfield+1
   1375  f320		       a5 9c		      lda	temp1
   1376  f322		       85 a4		      sta	playfield
   1377  f324					      endif
   1378  f324				   noshiftdown
      0  f324					      RETURN
      1  f324					      ifnconst	bankswitch
      2  f324		       60		      rts
      3  f325				  -	      else
      4  f325				  -	      jmp	BS_return
      5  f325					      endif
   1380  f325							; Provided under the CC0 license. See the included LICENSE.txt for details.
   1381  f325
   1382  f325							;standard routines needed for pretty much all games
   1383  f325							; just the random number generator is left - maybe we should remove this asm file altogether?
   1384  f325							; repositioning code and score pointer setup moved to overscan
   1385  f325							; read switches, joysticks now compiler generated (more efficient)
   1386  f325
   1387  f325				   randomize
   1388  f325		       a5 a2		      lda	rand
   1389  f327		       4a		      lsr
   1390  f328				  -	      ifconst	rand16
   1391  f328				  -	      rol	rand16
   1392  f328					      endif
   1393  f328		       90 02		      bcc	noeor
   1394  f32a		       49 b4		      eor	#$B4
   1395  f32c				   noeor
   1396  f32c		       85 a2		      sta	rand
   1397  f32e				  -	      ifconst	rand16
   1398  f32e				  -	      eor	rand16
   1399  f32e					      endif
      0  f32e					      RETURN
      1  f32e					      ifnconst	bankswitch
      2  f32e		       60		      rts
      3  f32f				  -	      else
      4  f32f				  -	      jmp	BS_return
      5  f32f					      endif
   1401  f32f							; Provided under the CC0 license. See the included LICENSE.txt for details.
   1402  f32f
   1403  f32f				   drawscreen
   1404  f32f				  -	      ifconst	debugscore
   1405  f32f				  -	      ldx	#14
   1406  f32f				  -	      lda	INTIM	; display # cycles left in the score
   1407  f32f				  -
   1408  f32f				  -	      ifconst	mincycles
   1409  f32f				  -	      lda	mincycles
   1410  f32f				  -	      cmp	INTIM
   1411  f32f				  -	      lda	mincycles
   1412  f32f				  -	      bcc	nochange
   1413  f32f				  -	      lda	INTIM
   1414  f32f				  -	      sta	mincycles
   1415  f32f				  -nochange
   1416  f32f				  -	      endif
   1417  f32f				  -
   1418  f32f				  -			; cmp #$2B
   1419  f32f				  -			; bcs no_cycles_left
   1420  f32f				  -	      bmi	cycles_left
   1421  f32f				  -	      ldx	#64
   1422  f32f				  -	      eor	#$ff	;make negative
   1423  f32f				  -cycles_left
   1424  f32f				  -	      stx	scorecolor
   1425  f32f				  -	      and	#$7f	; clear sign bit
   1426  f32f				  -	      tax
   1427  f32f				  -	      lda	scorebcd,x
   1428  f32f				  -	      sta	score+2
   1429  f32f				  -	      lda	scorebcd1,x
   1430  f32f				  -	      sta	score+1
   1431  f32f				  -	      jmp	done_debugscore
   1432  f32f				  -scorebcd
   1433  f32f				  -	      .byte	$00, $64, $28, $92, $56, $20, $84, $48, $12, $76, $40
   1434  f32f				  -	      .byte	$04, $68, $32, $96, $60, $24, $88, $52, $16, $80, $44
   1435  f32f				  -	      .byte	$08, $72, $36, $00, $64, $28, $92, $56, $20, $84, $48
   1436  f32f				  -	      .byte	$12, $76, $40, $04, $68, $32, $96, $60, $24, $88
   1437  f32f				  -scorebcd1
   1438  f32f				  -	      .byte	0, 0, 1, 1, 2, 3, 3, 4, 5, 5, 6
   1439  f32f				  -	      .byte	7, 7, 8, 8, 9, $10, $10, $11, $12, $12, $13
   1440  f32f				  -	      .byte	$14, $14, $15, $16, $16, $17, $17, $18, $19, $19, $20
   1441  f32f				  -	      .byte	$21, $21, $22, $23, $23, $24, $24, $25, $26, $26
   1442  f32f				  -done_debugscore
   1443  f32f					      endif
   1444  f32f
   1445  f32f				  -	      ifconst	debugcycles
   1446  f32f				  -	      lda	INTIM	; if we go over, it mucks up the background color
   1447  f32f				  -			; cmp #$2B
   1448  f32f				  -			; BCC overscan
   1449  f32f				  -	      bmi	overscan
   1450  f32f				  -	      sta	COLUBK
   1451  f32f				  -	      bcs	doneoverscan
   1452  f32f					      endif
   1453  f32f
   1454  f32f				   overscan
   1455  f32f				  -	      ifconst	interlaced
   1456  f32f				  -	      PHP
   1457  f32f				  -	      PLA
   1458  f32f				  -	      EOR	#4	; flip interrupt bit
   1459  f32f				  -	      PHA
   1460  f32f				  -	      PLP
   1461  f32f				  -	      AND	#4	; isolate the interrupt bit
   1462  f32f				  -	      TAX		; save it for later
   1463  f32f					      endif
   1464  f32f
   1465  f32f				   overscanloop
   1466  f32f		       ad 84 02 	      lda	INTIM	;wait for sync
   1467  f332		       30 fb		      bmi	overscanloop
   1468  f334				   doneoverscan
   1469  f334
   1470  f334							;do VSYNC
   1471  f334
   1472  f334				  -	      ifconst	interlaced
   1473  f334				  -	      CPX	#4
   1474  f334				  -	      BNE	oddframevsync
   1475  f334					      endif
   1476  f334
   1477  f334		       a9 02		      lda	#2
   1478  f336		       85 02		      sta	WSYNC
   1479  f338		       85 00		      sta	VSYNC
   1480  f33a		       85 02		      STA	WSYNC
   1481  f33c		       85 02		      STA	WSYNC
   1482  f33e		       4a		      lsr
   1483  f33f		       85 02		      STA	WSYNC
   1484  f341		       85 00		      STA	VSYNC
   1485  f343		       85 01		      sta	VBLANK
   1486  f345					      ifnconst	overscan_time
   1487  f345		       a9 a5		      lda	#37+128
   1488  f347				  -	      else
   1489  f347				  -	      lda	#overscan_time+128
   1490  f347					      endif
   1491  f347		       8d 96 02 	      sta	TIM64T
   1492  f34a
   1493  f34a				  -	      ifconst	interlaced
   1494  f34a				  -	      jmp	postsync
   1495  f34a				  -
   1496  f34a				  -oddframevsync
   1497  f34a				  -	      sta	WSYNC
   1498  f34a				  -
   1499  f34a				  -	      LDA	($80,X)	; 11 waste
   1500  f34a				  -	      LDA	($80,X)	; 11 waste
   1501  f34a				  -	      LDA	($80,X)	; 11 waste
   1502  f34a				  -
   1503  f34a				  -	      lda	#2
   1504  f34a				  -	      sta	VSYNC
   1505  f34a				  -	      sta	WSYNC
   1506  f34a				  -	      sta	WSYNC
   1507  f34a				  -	      sta	WSYNC
   1508  f34a				  -
   1509  f34a				  -	      LDA	($80,X)	; 11 waste
   1510  f34a				  -	      LDA	($80,X)	; 11 waste
   1511  f34a				  -	      LDA	($80,X)	; 11 waste
   1512  f34a				  -
   1513  f34a				  -	      lda	#0
   1514  f34a				  -	      sta	VSYNC
   1515  f34a				  -	      sta	VBLANK
   1516  f34a				  -	      ifnconst	overscan_time
   1517  f34a				  -	      lda	#37+128
   1518  f34a				  -	      else
   1519  f34a				  -	      lda	#overscan_time+128
   1520  f34a				  -	      endif
   1521  f34a				  -	      sta	TIM64T
   1522  f34a				  -
   1523  f34a				  -postsync
   1524  f34a					      endif
   1525  f34a
   1526  f34a				  -	      ifconst	legacy
   1527  f34a				  -	      if	legacy < 100
   1528  f34a				  -	      ldx	#4
   1529  f34a				  -adjustloop
   1530  f34a				  -	      lda	player0x,x
   1531  f34a				  -	      sec
   1532  f34a				  -	      sbc	#14	;?
   1533  f34a				  -	      sta	player0x,x
   1534  f34a				  -	      dex
   1535  f34a				  -	      bpl	adjustloop
   1536  f34a				  -	      endif
   1537  f34a					      endif
   1538  f34a				  -	      if	((<*)>$e9)&&((<*)<$fa)
   1539  f34a				  -	      repeat	($fa-(<*))
   1540  f34a				  -	      nop
   1541  f34a				  -	      repend
   1542  f34a					      endif
   1543  f34a		       85 02		      sta	WSYNC
   1544  f34c		       a2 04		      ldx	#4
      0  f34e					      SLEEP	3
      1  f34e				   .CYCLES    SET	3
      2  f34e
      3  f34e				  -	      IF	.CYCLES < 2
      4  f34e				  -	      ECHO	"MACRO ERROR: 'SLEEP': Duration must be > 1"
      5  f34e				  -	      ERR
      6  f34e					      ENDIF
      7  f34e
      8  f34e					      IF	.CYCLES & 1
      9  f34e					      IFNCONST	NO_ILLEGAL_OPCODES
     10  f34e		       04 00		      nop	0
     11  f350				  -	      ELSE
     12  f350				  -	      bit	VSYNC
     13  f350					      ENDIF
     14  f350				   .CYCLES    SET	.CYCLES - 3
     15  f350					      ENDIF
     16  f350
     17  f350				  -	      REPEAT	.CYCLES / 2
     18  f350				  -	      nop
     19  f350					      REPEND
   1546  f350				   HorPosLoop		; 5
   1547  f350		       b5 80		      lda	player0x,X	;+4 9
   1548  f352		       38		      sec		;+2 11
   1549  f353				   DivideLoop
   1550  f353		       e9 0f		      sbc	#15
   1551  f355		       b0 fc		      bcs	DivideLoop	;+4 15
   1552  f357		       95 9c		      sta	temp1,X	;+4 19
   1553  f359		       95 10		      sta	RESP0,X	;+4 23
   1554  f35b		       85 02		      sta	WSYNC
   1555  f35d		       ca		      dex
   1556  f35e		       10 f0		      bpl	HorPosLoop	;+5 5
   1557  f360							; 4
   1558  f360
   1559  f360		       a2 04		      ldx	#4
   1560  f362		       b4 9c		      ldy	temp1,X
   1561  f364		       b9 c0 f2 	      lda	repostable-256,Y
   1562  f367		       95 20		      sta	HMP0,X	;+14 18
   1563  f369
   1564  f369		       ca		      dex
   1565  f36a		       b4 9c		      ldy	temp1,X
   1566  f36c		       b9 c0 f2 	      lda	repostable-256,Y
   1567  f36f		       95 20		      sta	HMP0,X	;+14 32
   1568  f371
   1569  f371		       ca		      dex
   1570  f372		       b4 9c		      ldy	temp1,X
   1571  f374		       b9 c0 f2 	      lda	repostable-256,Y
   1572  f377		       95 20		      sta	HMP0,X	;+14 46
   1573  f379
   1574  f379		       ca		      dex
   1575  f37a		       b4 9c		      ldy	temp1,X
   1576  f37c		       b9 c0 f2 	      lda	repostable-256,Y
   1577  f37f		       95 20		      sta	HMP0,X	;+14 60
   1578  f381
   1579  f381		       ca		      dex
   1580  f382		       b4 9c		      ldy	temp1,X
   1581  f384		       b9 c0 f2 	      lda	repostable-256,Y
   1582  f387		       95 20		      sta	HMP0,X	;+14 74
   1583  f389
   1584  f389		       85 02		      sta	WSYNC
   1585  f38b
   1586  f38b		       85 2a		      sta	HMOVE	;+3 3
   1587  f38d
   1588  f38d
   1589  f38d				  -	      ifconst	legacy
   1590  f38d				  -	      if	legacy < 100
   1591  f38d				  -	      ldx	#4
   1592  f38d				  -adjustloop2
   1593  f38d				  -	      lda	player0x,x
   1594  f38d				  -	      clc
   1595  f38d				  -	      adc	#14	;?
   1596  f38d				  -	      sta	player0x,x
   1597  f38d				  -	      dex
   1598  f38d				  -	      bpl	adjustloop2
   1599  f38d				  -	      endif
   1600  f38d					      endif
   1601  f38d
   1602  f38d
   1603  f38d
   1604  f38d
   1605  f38d							;set score pointers
   1606  f38d		       a7 95		      lax	score+2
   1607  f38f		       20 c0 f3 	      jsr	scorepointerset
   1608  f392		       84 9b		      sty	scorepointers+5
   1609  f394		       86 98		      stx	scorepointers+2
   1610  f396		       a7 94		      lax	score+1
   1611  f398		       20 c0 f3 	      jsr	scorepointerset
   1612  f39b		       84 9a		      sty	scorepointers+4
   1613  f39d		       86 97		      stx	scorepointers+1
   1614  f39f		       a7 93		      lax	score
   1615  f3a1		       20 c0 f3 	      jsr	scorepointerset
   1616  f3a4		       84 99		      sty	scorepointers+3
   1617  f3a6		       86 96		      stx	scorepointers
   1618  f3a8
   1619  f3a8				   vblk
   1620  f3a8							; run possible vblank bB code
   1621  f3a8				  -	      ifconst	vblank_bB_code
   1622  f3a8				  -	      jsr	vblank_bB_code
   1623  f3a8					      endif
   1624  f3a8				   vblk2
   1625  f3a8		       ad 84 02 	      LDA	INTIM
   1626  f3ab		       30 fb		      bmi	vblk2
   1627  f3ad		       4c 34 f0 	      jmp	kernel
   1628  f3b0
   1629  f3b0
   1630  f3b0		       80 70 60 50*	      .byte.b	$80,$70,$60,$50,$40,$30,$20,$10,$00
   1631  f3b9		       f0 e0 d0 c0*	      .byte.b	$F0,$E0,$D0,$C0,$B0,$A0,$90
   1632  f3c0				   repostable
   1633  f3c0
   1634  f3c0				   scorepointerset
   1635  f3c0		       29 0f		      and	#$0F
   1636  f3c2		       0a		      asl
   1637  f3c3		       0a		      asl
   1638  f3c4		       0a		      asl
   1639  f3c5		       69 9c		      adc	#<scoretable
   1640  f3c7		       a8		      tay
   1641  f3c8		       8a		      txa
   1642  f3c9							; and #$F0
   1643  f3c9							; lsr
   1644  f3c9		       4b f0		      asr	#$F0
   1645  f3cb		       69 9c		      adc	#<scoretable
   1646  f3cd		       aa		      tax
   1647  f3ce		       60		      rts
   1648  f3cf				   game
   1649  f3cf				   .L00 		;  set romsize 4k
   1650  f3cf
   1651  f3cf				   .L01 		;  dim BaudByte  =  a
   1652  f3cf
   1653  f3cf				   .L02 		;  dim index  =  b
   1654  f3cf
   1655  f3cf				   .L03 		;  dim TextIndex  =  z
   1656  f3cf
   1657  f3cf				   .L04 		;  dim qtcontroller  =  d
   1658  f3cf
   1659  f3cf				   .L05 		;  const scorebkcolor	=  $60
   1660  f3cf
   1661  f3cf				   .L06 		;  const textcolor  =	$0E
   1662  f3cf
   1663  f3cf				   .L07 		;  const textbkcolor  =  $12
   1664  f3cf
   1665  f3cf				   .L08 		;  const fontstyle  =	SQUISH
   1666  f3cf
   1667  f3cf				   .L09 		;  COLUPF = $0E
   1668  f3cf
   1669  f3cf		       a9 0e		      LDA	#$0E
   1670  f3d1		       85 08		      STA	COLUPF
   1671  f3d3				   .L010		;  playfield:
   1672  f3d3
   1673  f3d3				  -	      ifconst	pfres
   1674  f3d3				  -	      ldx	#(12>pfres)*(pfres*pfwidth-1)+(12<=pfres)*47
   1675  f3d3					      else
   1676  f3d3		       a2 2f		      ldx	#((12*pfwidth-1)*((12*pfwidth-1)<47))+(47*((12*pfwidth-1)>=47))
   1677  f3d5					      endif
   1678  f3d5		       4c 08 f4 	      jmp	pflabel0
   1679  f3d8				   PF_data0
   1680  f3d8		       e0 00		      .byte.b	%11100000, %00000000
   1681  f3da					      if	(pfwidth>2)
   1682  f3da		       00 00		      .byte.b	%00000000, %00000000
   1683  f3dc					      endif
   1684  f3dc		       e0 00		      .byte.b	%11100000, %00000000
   1685  f3de					      if	(pfwidth>2)
   1686  f3de		       00 00		      .byte.b	%00000000, %00000000
   1687  f3e0					      endif
   1688  f3e0		       e0 00		      .byte.b	%11100000, %00000000
   1689  f3e2					      if	(pfwidth>2)
   1690  f3e2		       00 00		      .byte.b	%00000000, %00000000
   1691  f3e4					      endif
   1692  f3e4		       00 00		      .byte.b	%00000000, %00000000
   1693  f3e6					      if	(pfwidth>2)
   1694  f3e6		       00 00		      .byte.b	%00000000, %00000000
   1695  f3e8					      endif
   1696  f3e8		       00 00		      .byte.b	%00000000, %00000000
   1697  f3ea					      if	(pfwidth>2)
   1698  f3ea		       00 00		      .byte.b	%00000000, %00000000
   1699  f3ec					      endif
   1700  f3ec		       00 00		      .byte.b	%00000000, %00000000
   1701  f3ee					      if	(pfwidth>2)
   1702  f3ee		       00 00		      .byte.b	%00000000, %00000000
   1703  f3f0					      endif
   1704  f3f0		       00 00		      .byte.b	%00000000, %00000000
   1705  f3f2					      if	(pfwidth>2)
   1706  f3f2		       00 00		      .byte.b	%00000000, %00000000
   1707  f3f4					      endif
   1708  f3f4		       00 00		      .byte.b	%00000000, %00000000
   1709  f3f6					      if	(pfwidth>2)
   1710  f3f6		       00 00		      .byte.b	%00000000, %00000000
   1711  f3f8					      endif
   1712  f3f8		       00 00		      .byte.b	%00000000, %00000000
   1713  f3fa					      if	(pfwidth>2)
   1714  f3fa		       00 00		      .byte.b	%00000000, %00000000
   1715  f3fc					      endif
   1716  f3fc		       00 00		      .byte.b	%00000000, %00000000
   1717  f3fe					      if	(pfwidth>2)
   1718  f3fe		       00 00		      .byte.b	%00000000, %00000000
   1719  f400					      endif
   1720  f400		       00 00		      .byte.b	%00000000, %00000000
   1721  f402					      if	(pfwidth>2)
   1722  f402		       00 00		      .byte.b	%00000000, %00000000
   1723  f404					      endif
   1724  f404		       00 00		      .byte.b	%00000000, %00000000
   1725  f406					      if	(pfwidth>2)
   1726  f406		       00 00		      .byte.b	%00000000, %00000000
   1727  f408					      endif
   1728  f408				   pflabel0
   1729  f408		       bd d8 f3 	      lda	PF_data0,x
   1730  f40b		       95 a4		      sta	playfield,x
   1731  f40d		       ca		      dex
   1732  f40e		       10 f8		      bpl	pflabel0
   1733  f410				   .L011		;  BaudByte  =  %00000000
   1734  f410
   1735  f410		       a9 00		      LDA	#%00000000
   1736  f412		       85 d4		      STA	BaudByte
   1737  f414				   .mainloop
   1738  f414							; mainloop
   1739  f414
   1740  f414				   .L012		;  drawscreen
   1741  f414
   1742  f414		       20 2f f3 	      jsr	drawscreen
   1743  f417				   .L013		;  if joy0left then BaudByte{4}  =  !BaudByte{4}
   1744  f417
   1745  f417		       2c 80 02 	      bit	SWCHA
   1746  f41a		       70 10		      BVS	.skipL013
   1747  f41c				   .condpart0
   1748  f41c		       a5 d4		      LDA	BaudByte
   1749  f41e		       29 10		      AND	#16
   1750  f420		       08		      PHP
   1751  f421		       a5 d4		      LDA	BaudByte
   1752  f423		       29 ef		      AND	#239
   1753  f425		       28		      PLP
   1754  f426		       d0 02		      .byte.b	$D0, $02
   1755  f428		       09 10		      ORA	#16
   1756  f42a		       85 d4		      STA	BaudByte
   1757  f42c				   .skipL013
   1758  f42c				   .L014		;  if joy0right then BaudByte{3}  =  !BaudByte{3}
   1759  f42c
   1760  f42c		       2c 80 02 	      bit	SWCHA
   1761  f42f		       30 10		      BMI	.skipL014
   1762  f431				   .condpart1
   1763  f431		       a5 d4		      LDA	BaudByte
   1764  f433		       29 08		      AND	#8
   1765  f435		       08		      PHP
   1766  f436		       a5 d4		      LDA	BaudByte
   1767  f438		       29 f7		      AND	#247
   1768  f43a		       28		      PLP
   1769  f43b		       d0 02		      .byte.b	$D0, $02
   1770  f43d		       09 08		      ORA	#8
   1771  f43f		       85 d4		      STA	BaudByte
   1772  f441				   .skipL014
   1773  f441				   .L015		;  if joy0up then BaudByte{2}	=  !BaudByte{2}
   1774  f441
   1775  f441		       a9 10		      lda	#$10
   1776  f443		       2c 80 02 	      bit	SWCHA
   1777  f446		       d0 10		      BNE	.skipL015
   1778  f448				   .condpart2
   1779  f448		       a5 d4		      LDA	BaudByte
   1780  f44a		       29 04		      AND	#4
   1781  f44c		       08		      PHP
   1782  f44d		       a5 d4		      LDA	BaudByte
   1783  f44f		       29 fb		      AND	#251
   1784  f451		       28		      PLP
   1785  f452		       d0 02		      .byte.b	$D0, $02
   1786  f454		       09 04		      ORA	#4
   1787  f456		       85 d4		      STA	BaudByte
   1788  f458				   .skipL015
   1789  f458				   .L016		;  if joy0down then BaudByte{1}  =  !BaudByte{1}
   1790  f458
   1791  f458		       a9 20		      lda	#$20
   1792  f45a		       2c 80 02 	      bit	SWCHA
   1793  f45d		       d0 10		      BNE	.skipL016
   1794  f45f				   .condpart3
   1795  f45f		       a5 d4		      LDA	BaudByte
   1796  f461		       29 02		      AND	#2
   1797  f463		       08		      PHP
   1798  f464		       a5 d4		      LDA	BaudByte
   1799  f466		       29 fd		      AND	#253
   1800  f468		       28		      PLP
   1801  f469		       d0 02		      .byte.b	$D0, $02
   1802  f46b		       09 02		      ORA	#2
   1803  f46d		       85 d4		      STA	BaudByte
   1804  f46f				   .skipL016
   1805  f46f				   .L017		;  if joy0fire then BaudByte{0}  =  !BaudByte{0}
   1806  f46f
   1807  f46f		       24 0c		      bit	INPT4
   1808  f471		       30 10		      BMI	.skipL017
   1809  f473				   .condpart4
   1810  f473		       a5 d4		      LDA	BaudByte
   1811  f475		       29 01		      AND	#1
   1812  f477		       08		      PHP
   1813  f478		       a5 d4		      LDA	BaudByte
   1814  f47a		       29 fe		      AND	#254
   1815  f47c		       28		      PLP
   1816  f47d		       d0 02		      .byte.b	$D0, $02
   1817  f47f		       09 01		      ORA	#1
   1818  f481		       85 d4		      STA	BaudByte
   1819  f483				   .skipL017
   1820  f483				   .L018		;  if joy1fire then index  =  BaudByte
   1821  f483
   1822  f483		       24 0d		      bit	INPT5
   1823  f485		       30 04		      BMI	.skipL018
   1824  f487				   .condpart5
   1825  f487		       a5 d4		      LDA	BaudByte
   1826  f489		       85 d5		      STA	index
   1827  f48b				   .skipL018
   1828  f48b				   .
   1829  f48b							;
   1830  f48b
   1831  f48b				   .
   1832  f48b							;
   1833  f48b
   1834  f48b				   .L019		;  TextIndex  =  index
   1835  f48b
   1836  f48b		       a5 d5		      LDA	index
   1837  f48d		       85 ed		      STA	TextIndex
   1838  f48f				   .L020		;  goto mainloop
   1839  f48f
   1840  f48f		       4c 14 f4 	      jmp	.mainloop
   1841  f492
   1842  f492				   .
   1843  f492							;
   1844  f492
   1845  f492				   .L021		;  data text_strings
   1846  f492
   1847  f492		       4c b9 f4 	      JMP	.skipL021
   1848  f495				   text_strings
   1849  f495		       b4 5f b4 46*	      .byte.b	_sp, __T, _sp, __O, _sp, __H, __N, __M, _sp, __L, __R, __G
   1850  f4a1
   1851  f4a1		       28 4b 0a 69*	      .byte.b	__I, __P, __C, __V, __E, __Z, __D, __B, __S, __Y, __F, __X
   1852  f4ad
   1853  f4ad		       00 6e 2d b4*	      .byte.b	__A, __W, __J, _sp, __U, __Q, __K, _sp, _sp, _sp, _sp, _sp
   1854  f4b9
   1855  f4b9				   .skipL021
   1856  f4b9				   .
   1857  f4b9							;
   1858  f4b9
   1859  f4b9				   .L022		;  inline text12a.asm
   1860  f4b9
------- FILE text12a.asm LEVEL 2 PASS 3
      0  f4b9					      include	text12a.asm
      1  f4b9				  -	      ifconst	SpriteGfxIndex
      2  f4b9				  -TextDataPtr =	SpriteGfxIndex
      3  f4b9					      else
      4  f4b9		       00 f6	   TextDataPtr =	stack1
      5  f4b9					      endif
      6  f4b9		       00 f5	   TextColor  =	statusbarlength
      7  f4b9		       00 01	   noscore    =	1
      8  f4b9				  -	      ifconst	fontstyle
      9  f4b9				  -	      ifconst	SQUISH
     10  f4b9				  -	      if	fontstyle == SQUISH
     11  f4b9				  -scorecount =	4
     12  f4b9				  -	      endif
     13  f4b9				  -	      endif
     14  f4b9					      endif
     15  f4b9
     16  f4b9				  -	      ifnconst	scorecount
     17  f4b9				  -scorecount =	7
     18  f4b9					      endif
     19  f4b9
     20  f4b9				  -	      ifnconst	textbkcolor
     21  f4b9				  -textbkcolor =	0
     22  f4b9					      endif
     23  f4b9
     24  f4b9
     25  f4b9
     26  f4b9				   minikernel
     27  f4b9
     28  f4b9		       85 02		      sta	WSYNC	; 3	 (0)
     29  f4bb					      ifconst	scorebkcolor
     30  f4bb					      ifnconst	noscoretxt
     31  f4bb		       a9 60		      lda	#scorebkcolor
     32  f4bd		       85 09		      sta	COLUBK
     33  f4bf					      endif
     34  f4bf					      endif
     35  f4bf		       a2 00		      ldx	#0	; 2	 (2)
     36  f4c1		       86 1b		      stx	GRP0	; 3	 (5)
     37  f4c3		       86 1c		      stx	GRP1	; 3	 (8)
     38  f4c5		       a0 d0		      ldy	#$D0	; 2	 (10)
     39  f4c7		       84 20		      sty	HMP0	; 3	 (13)
     40  f4c9		       a5 97		      lda	scorepointers+1
     41  f4cb		       85 9c		      sta	temp1
     42  f4cd		       a5 99		      lda	scorepointers+3
     43  f4cf		       85 9e		      sta	temp3
     44  f4d1		       a5 9b		      lda	scorepointers+5
     45  f4d3		       85 a0		      sta	temp5
     46  f4d5		       ba		      tsx
     47  f4d6		       86 ee		      stx	temp7
     48  f4d8		       a0 01		      ldy	#1
     49  f4da		       84 25		      sty	VDELP0
     50  f4dc		       84 26		      sty	VDELP1
     51  f4de		       a5 a3		      lda	scorecolor
     52  f4e0
     53  f4e0		       85 02		      sta	WSYNC	; 3	 (0)
     54  f4e2					      ifnconst	noscoretxt
      0  f4e2					      sleep	3	; 3	 (3)
      1  f4e2				   .CYCLES    SET	3
      2  f4e2
      3  f4e2				  -	      IF	.CYCLES < 2
      4  f4e2				  -	      ECHO	"MACRO ERROR: 'SLEEP': Duration must be > 1"
      5  f4e2				  -	      ERR
      6  f4e2					      ENDIF
      7  f4e2
      8  f4e2					      IF	.CYCLES & 1
      9  f4e2					      IFNCONST	NO_ILLEGAL_OPCODES
     10  f4e2		       04 00		      nop	0
     11  f4e4				  -	      ELSE
     12  f4e4				  -	      bit	VSYNC
     13  f4e4					      ENDIF
     14  f4e4				   .CYCLES    SET	.CYCLES - 3
     15  f4e4					      ENDIF
     16  f4e4
     17  f4e4				  -	      REPEAT	.CYCLES / 2
     18  f4e4				  -	      nop
     19  f4e4					      REPEND
     56  f4e4					      endif
     57  f4e4		       85 06		      sta	COLUP0	; 3	 (6)
     58  f4e6		       85 07		      sta	COLUP1	; 3	 (9)
     59  f4e8				  -	      ifconst	scorefade
     60  f4e8				  -	      STA	stack2	; 3	 (12)
     61  f4e8				  -	      sleep	3	; 3	 (15)
     62  f4e8					      else
     63  f4e8				  -	      ifconst	pfscore
     64  f4e8				  -	      lda	pfscorecolor	; 3	 (12)
     65  f4e8				  -	      sta	COLUPF	; 3	 (15)
     66  f4e8					      else
      0  f4e8					      sleep	6
      1  f4e8				   .CYCLES    SET	6
      2  f4e8
      3  f4e8				  -	      IF	.CYCLES < 2
      4  f4e8				  -	      ECHO	"MACRO ERROR: 'SLEEP': Duration must be > 1"
      5  f4e8				  -	      ERR
      6  f4e8					      ENDIF
      7  f4e8
      8  f4e8				  -	      IF	.CYCLES & 1
      9  f4e8				  -	      IFNCONST	NO_ILLEGAL_OPCODES
     10  f4e8				  -	      nop	0
     11  f4e8				  -	      ELSE
     12  f4e8				  -	      bit	VSYNC
     13  f4e8				  -	      ENDIF
     14  f4e8				  -.CYCLES    SET	.CYCLES - 3
     15  f4e8					      ENDIF
     16  f4e8
     17  f4e8					      REPEAT	.CYCLES / 2
     18  f4e8		       ea		      nop
     17  f4e8					      REPEND
     18  f4e9		       ea		      nop
     17  f4e9					      REPEND
     18  f4ea		       ea		      nop
     19  f4eb					      REPEND
     68  f4eb					      endif
     69  f4eb					      endif
     70  f4eb		       a9 03		      lda	#3	; 2	 (17)
     71  f4ed		       85 04		      sta	NUSIZ0	; 3	 (20)
     72  f4ef		       85 05		      sta	NUSIZ1	; 3	 (23*)
     73  f4f1
     74  f4f1		       a9 ff		      lda	#>scoretable	; 2	 (25)
     75  f4f3		       85 97		      sta	scorepointers+1	; 3	 (28)
     76  f4f5		       85 99		      sta	scorepointers+3	; 3	 (31)
     77  f4f7		       85 9b		      sta	scorepointers+5	; 3	 (34)
     78  f4f9		       85 9d		      sta	temp2	; 3	 (37)
     79  f4fb		       85 9f		      sta	temp4	; 3	 (40)
     80  f4fd		       85 10		      sta	RESP0	; 3	 (43)
     81  f4ff		       85 11		      sta	RESP1	; 3	 (46)
     82  f501		       85 a1		      sta	temp6	; 3	 (49)
     83  f503		       a0 e0		      ldy	#$E0	; 2	 (51)
     84  f505		       84 21		      sty	HMP1	; 3	 (54)
     85  f507		       a0 07		      ldy	#scorecount	; 2	 (56)
     86  f509		       b1 96		      lda	(scorepointers),y	; 5	 (61)
     87  f50b		       85 1b		      sta	GRP0	; 3	 (64)
     88  f50d				  -	      ifconst	pfscore
     89  f50d				  -	      lda	pfscore1	; 3	 (67)
     90  f50d				  -	      sta	PF1	; 3	 (70)
     91  f50d					      else
      0  f50d					      sleep	6	; 6	 (70)
      1  f50d				   .CYCLES    SET	6
      2  f50d
      3  f50d				  -	      IF	.CYCLES < 2
      4  f50d				  -	      ECHO	"MACRO ERROR: 'SLEEP': Duration must be > 1"
      5  f50d				  -	      ERR
      6  f50d					      ENDIF
      7  f50d
      8  f50d				  -	      IF	.CYCLES & 1
      9  f50d				  -	      IFNCONST	NO_ILLEGAL_OPCODES
     10  f50d				  -	      nop	0
     11  f50d				  -	      ELSE
     12  f50d				  -	      bit	VSYNC
     13  f50d				  -	      ENDIF
     14  f50d				  -.CYCLES    SET	.CYCLES - 3
     15  f50d					      ENDIF
     16  f50d
     17  f50d					      REPEAT	.CYCLES / 2
     18  f50d		       ea		      nop
     17  f50d					      REPEND
     18  f50e		       ea		      nop
     17  f50e					      REPEND
     18  f50f		       ea		      nop
     19  f510					      REPEND
     93  f510					      endif
     94  f510		       85 2a		      sta	HMOVE	; 3	 (73)
     95  f512				   posthmove
     96  f512					      ifnconst	noscoretxt
     97  f512		       4c 1d f5 	      jmp	begintextscore	; 3	(76/0)
     98  f515
     99  f515
    100  f515				  -	      if	>. != >[.+score_loop_height]
    101  f515				  -	      align	256
    102  f515					      endif
    103  f515
    104  f515				   textscoreloop
    105  f515		       b1 96		      lda	(scorepointers),y	; 5	 (66)
    106  f517		       85 1b		      sta	GRP0	; 3	 (69)
    107  f519				  -	      ifconst	pfscore
    108  f519				  -	      lda.w	pfscore1	; 4	 (73)
    109  f519				  -	      sta	PF1	; 3	 (76/0)
    110  f519					      else
    111  f519				  -	      ifconst	scorefade
    112  f519				  -	      sleep	2	; 2	 (71)
    113  f519				  -	      dec	stack2	; 5	 (76/0)
    114  f519					      else
      0  f519					      sleep	7	; 7	 (76/0)
      1  f519				   .CYCLES    SET	7
      2  f519
      3  f519				  -	      IF	.CYCLES < 2
      4  f519				  -	      ECHO	"MACRO ERROR: 'SLEEP': Duration must be > 1"
      5  f519				  -	      ERR
      6  f519					      ENDIF
      7  f519
      8  f519					      IF	.CYCLES & 1
      9  f519					      IFNCONST	NO_ILLEGAL_OPCODES
     10  f519		       04 00		      nop	0
     11  f51b				  -	      ELSE
     12  f51b				  -	      bit	VSYNC
     13  f51b					      ENDIF
     14  f51b				   .CYCLES    SET	.CYCLES - 3
     15  f51b					      ENDIF
     16  f51b
     17  f51b					      REPEAT	.CYCLES / 2
     18  f51b		       ea		      nop
     17  f51b					      REPEND
     18  f51c		       ea		      nop
     19  f51d					      REPEND
    116  f51d					      endif
    117  f51d					      endif
    118  f51d							; cycle 0
    119  f51d				   begintextscore
    120  f51d		       b1 9e		      lda	(scorepointers+$8),y	; 5	 (5)
    121  f51f		       85 1c		      sta	GRP1	; 3	 (8)
    122  f521		       b1 9c		      lda	(scorepointers+$6),y	; 5	 (13)
    123  f523		       85 1b		      sta	GRP0	; 3	 (16)
    124  f525		       b3 98		      lax	(scorepointers+$2),y	; 5	 (21)
    125  f527		       9a		      txs		; 2	 (23*)
    126  f528		       b3 9a		      lax	(scorepointers+$4),y	; 5	 (28)
    127  f52a				  -	      ifconst	scorefade
    128  f52a				  -	      lda	stack2	; 3	 (31)
    129  f52a					      else
      0  f52a					      sleep	3	; 3	 (31)
      1  f52a				   .CYCLES    SET	3
      2  f52a
      3  f52a				  -	      IF	.CYCLES < 2
      4  f52a				  -	      ECHO	"MACRO ERROR: 'SLEEP': Duration must be > 1"
      5  f52a				  -	      ERR
      6  f52a					      ENDIF
      7  f52a
      8  f52a					      IF	.CYCLES & 1
      9  f52a					      IFNCONST	NO_ILLEGAL_OPCODES
     10  f52a		       04 00		      nop	0
     11  f52c				  -	      ELSE
     12  f52c				  -	      bit	VSYNC
     13  f52c					      ENDIF
     14  f52c				   .CYCLES    SET	.CYCLES - 3
     15  f52c					      ENDIF
     16  f52c
     17  f52c				  -	      REPEAT	.CYCLES / 2
     18  f52c				  -	      nop
     19  f52c					      REPEND
    131  f52c					      endif
    132  f52c
    133  f52c				  -	      ifconst	pfscore
    134  f52c				  -	      lda	pfscore2	; 3	 (34)
    135  f52c				  -	      sta	PF1	; 3	 (37)
    136  f52c					      else
    137  f52c				  -	      ifconst	scorefade
    138  f52c				  -	      sta	COLUP0	; 3	 (34)
    139  f52c				  -	      sta	COLUP1	; 3	 (37)
    140  f52c					      else
      0  f52c					      sleep	6	; 6	 (37)
      1  f52c				   .CYCLES    SET	6
      2  f52c
      3  f52c				  -	      IF	.CYCLES < 2
      4  f52c				  -	      ECHO	"MACRO ERROR: 'SLEEP': Duration must be > 1"
      5  f52c				  -	      ERR
      6  f52c					      ENDIF
      7  f52c
      8  f52c				  -	      IF	.CYCLES & 1
      9  f52c				  -	      IFNCONST	NO_ILLEGAL_OPCODES
     10  f52c				  -	      nop	0
     11  f52c				  -	      ELSE
     12  f52c				  -	      bit	VSYNC
     13  f52c				  -	      ENDIF
     14  f52c				  -.CYCLES    SET	.CYCLES - 3
     15  f52c					      ENDIF
     16  f52c
     17  f52c					      REPEAT	.CYCLES / 2
     18  f52c		       ea		      nop
     17  f52c					      REPEND
     18  f52d		       ea		      nop
     17  f52d					      REPEND
     18  f52e		       ea		      nop
     19  f52f					      REPEND
    142  f52f					      endif
    143  f52f					      endif
    144  f52f
    145  f52f		       b1 a0		      lda	(scorepointers+$A),y	; 5	 (42)
    146  f531		       86 1c		      stx	GRP1	; 3	 (45)
    147  f533		       ba		      tsx		; 2	 (47)
    148  f534		       86 1b		      stx	GRP0	; 3	 (50)
    149  f536		       85 1c		      sta	GRP1	; 3	 (53)
    150  f538		       84 1b		      sty	GRP0	; 3	 (56)
    151  f53a		       88		      dey		; 2	 (58)
    152  f53b		       10 d8		      bpl	textscoreloop	; 3	 (61)
    153  f53d					      endif
    154  f53d
    155  f53d		       00 28	   score_loop_height =	* - textscoreloop
    156  f53d
    157  f53d		       a6 ee		      ldx	temp7	; 63
    158  f53f		       9a		      txs		; 65
    159  f540		       a0 00		      ldy	#0	; 2	 (67)
    160  f542		       84 0e		      sty	PF1	; 3	 (70)
    161  f544		       84 1b		      sty	GRP0	; 3	 (73)
    162  f546		       84 1c		      sty	GRP1	; 3	 (76/0)
    163  f548		       84 1b		      sty	GRP0	; 3	 (3)
    164  f54a		       a9 12		      lda	#textbkcolor
    165  f54c		       85 09		      sta	COLUBK	; 3	 (6)
    166  f54e
    167  f54e				  -	      ifconst	extendedtxt
    168  f54e				  -	      sty	stack2	; 3	 (9)
    169  f54e				  -	      sty	temp7	; 3	 (12)
    170  f54e				  -	      lax	TextIndex	; 3	 (15)
    171  f54e				  -	      asl		; 2	 (17)
    172  f54e				  -	      rol	stack2	; 5	 (22)
    173  f54e				  -	      asl		; 2	 (24*)
    174  f54e				  -	      rol	stack2	; 5	 (29)
    175  f54e				  -	      asl		; 2	 (31)
    176  f54e				  -	      rol	stack2	; 5	 (36)
    177  f54e				  -	      sta	stack1	; 3	 (39)
    178  f54e				  -	      txa		; 2	 (41)
    179  f54e				  -	      asl		; 2	 (43)
    180  f54e				  -	      rol	temp7	; 5	 (48)
    181  f54e				  -	      asl		; 2	 (50)
    182  f54e				  -	      rol	temp7	; 5	 (55)
    183  f54e				  -	      clc		; 2	 (57)
    184  f54e				  -	      adc	stack1	; 3	 (60)
    185  f54e				  -	      sta	temp1	; 3	 (63)
    186  f54e				  -	      lda	stack2	; 3	 (66)
    187  f54e				  -	      adc	temp7	; 3	 (69) ; use existing carry from last operation
    188  f54e					      endif
    189  f54e
    190  f54e				  -	      ifconst	extendedtxt
    191  f54e				  -	      adc	#>text_strings	; carry already clear
    192  f54e					      else
    193  f54e		       a9 f4		      lda	#>text_strings
    194  f550					      endif
    195  f550		       85 f7		      sta	TextDataPtr+1
    196  f552		       a9 95		      lda	#<text_strings
    197  f554		       85 f6		      sta	TextDataPtr
    198  f556
    199  f556				  -	      ifconst	textbank
    200  f556				  -	      sta	temp7
    201  f556				  -	      lda	#>(textkernel-1)
    202  f556				  -	      pha
    203  f556				  -	      lda	#<(textkernel-1)
    204  f556				  -	      pha
    205  f556				  -	      lda	temp7
    206  f556				  -	      pha		; *** save A
    207  f556				  -	      txa
    208  f556				  -	      pha		; *** save X
    209  f556				  -	      ldx	#textbank
    210  f556				  -	      jmp	BS_jsr
    211  f556					      else
    212  f556		       4c 5a f5 	      jmp	textkernel
    213  f559					      endif
    214  f559
    215  f559				   posttextkernel
    216  f559
    217  f559		       60		      rts
------- FILE Baudot.bas.asm
   1862  f55a
   1863  f55a				   .L023		;  inline text12b.asm
------- FILE text12b.asm LEVEL 2 PASS 3
      0  f55a					      include	text12b.asm
      1  f55a				  -	      ifconst	bs_mask
      2  f55a				  -	      ifconst	FASTFETCH	; using DPC+
      3  f55a				  -KERNELBANK =	1
      4  f55a				  -	      else
      5  f55a				  -KERNELBANK =	(bs_mask + 1)
      6  f55a				  -	      endif
      7  f55a					      endif
      8  f55a
      9  f55a
     10  f55a				   textkernel
     11  f55a		       a5 f5		      lda	TextColor
     12  f55c		       85 06		      sta	COLUP0
     13  f55e		       85 07		      sta	COLUP1
     14  f560		       a9 0b		      lda	#11
     15  f562		       aa		      tax
     16  f563		       18		      clc
     17  f564				  -	      ifconst	extendedtxt
     18  f564				  -	      adc	temp1
     19  f564					      else
     20  f564		       65 ed		      adc	TextIndex
     21  f566					      endif
     22  f566		       a8		      tay
     23  f567				   TextPointersLoop
     24  f567		       b1 f6		      lda	(TextDataPtr),y
     25  f569		       95 96		      sta	scorepointers,x
     26  f56b		       88		      dey
     27  f56c		       ca		      dex
     28  f56d		       10 f8		      bpl	TextPointersLoop
     29  f56f
     30  f56f		       a6 96		      ldx	scorepointers+0
     31  f571		       bd 00 f8 	      lda	left_text,x
     32  f574		       a6 97		      ldx	scorepointers+1
     33  f576		       1d 00 f9 	      ora	right_text,x
     34  f579		       a0 00		      ldy	#0
     35  f57b
     36  f57b				   firstbreak
     37  f57b							; Text line 1 / 5
     38  f57b
     39  f57b							;line 1
     40  f57b		       85 02		      sta	WSYNC	; 3	 (0)
     41  f57d		       a0 12		      ldy	#textbkcolor	; 2	 (2)
     42  f57f		       84 06		      sty	COLUP0	; 3	 (5)
     43  f581		       84 07		      sty	COLUP1	; 3	 (8)
     44  f583		       85 1b		      sta	GRP0	; 3	 (11)
     45  f585
     46  f585		       a6 98		      ldx	scorepointers+2	; 3	 (14)
     47  f587		       bd 00 f8 	      lda	left_text,x	; 4	 (18)
     48  f58a		       a6 99		      ldx	scorepointers+3	; 3	 (21)
     49  f58c		       1d 00 f9 	      ora	right_text,x	; 4	 (25*)
     50  f58f		       85 1c		      sta	GRP1	; 3	 (28)
     51  f591
     52  f591		       a6 9a		      ldx	scorepointers+4	; 3	 (31)
     53  f593		       bd 00 f8 	      lda	left_text,x	; 4	 (35)
     54  f596		       a6 9b		      ldx	scorepointers+5	; 3	 (38)
     55  f598		       1d 00 f9 	      ora	right_text,x	; 4	 (42)
     56  f59b		       85 1b		      sta	GRP0	; 3	 (45)
     57  f59d
     58  f59d		       a6 9c		      ldx	scorepointers+6	; 3	 (48) 3 in A
     59  f59f		       bd 00 f8 	      lda	left_text,x	; 4	 (52)
     60  f5a2		       a6 9d		      ldx	scorepointers+7	; 3	 (55)
     61  f5a4		       1d 00 f9 	      ora	right_text,x	; 4	 (59)
     62  f5a7
     63  f5a7		       a4 f5		      ldy	TextColor	; 3	 (62)
     64  f5a9		       84 07		      sty	COLUP1	; 3	 (65)
     65  f5ab
     66  f5ab							;line 2
     67  f5ab		       85 02		      sta	WSYNC	; 3	 (0)
     68  f5ad		       84 06		      sty	COLUP0	; 3	 (3)
     69  f5af		       a8		      tay		; 2	 (5) 3 in Y
     70  f5b0
     71  f5b0		       a6 9e		      ldx	scorepointers+8	; 3	 (8) 4
     72  f5b2		       bd 00 f8 	      lda	left_text,x	; 4	 (12)
     73  f5b5		       a6 9f		      ldx	scorepointers+9	; 3	 (15)
     74  f5b7		       1d 00 f9 	      ora	right_text,x	; 4	 (19)
     75  f5ba		       85 f6		      sta	stack1	; 3	 (22)
     76  f5bc
     77  f5bc		       a6 a0		      ldx	scorepointers+10	; 3	 (25*) 5 in A
     78  f5be		       bd 00 f8 	      lda	left_text,x	; 4	 (29)
     79  f5c1		       a6 a1		      ldx	scorepointers+11	; 3	 (32)
     80  f5c3		       1d 00 f9 	      ora	right_text,x	; 4	 (36)
     81  f5c6
     82  f5c6		       a6 f6		      ldx	stack1	; 3	 (39) 4 in X
     83  f5c8					      ifnconst	noscoretxt
      0  f5c8					      sleep	5	; 7	 (46)
      1  f5c8				   .CYCLES    SET	5
      2  f5c8
      3  f5c8				  -	      IF	.CYCLES < 2
      4  f5c8				  -	      ECHO	"MACRO ERROR: 'SLEEP': Duration must be > 1"
      5  f5c8				  -	      ERR
      6  f5c8					      ENDIF
      7  f5c8
      8  f5c8					      IF	.CYCLES & 1
      9  f5c8					      IFNCONST	NO_ILLEGAL_OPCODES
     10  f5c8		       04 00		      nop	0
     11  f5ca				  -	      ELSE
     12  f5ca				  -	      bit	VSYNC
     13  f5ca					      ENDIF
     14  f5ca				   .CYCLES    SET	.CYCLES - 3
     15  f5ca					      ENDIF
     16  f5ca
     17  f5ca					      REPEAT	.CYCLES / 2
     18  f5ca		       ea		      nop
     19  f5cb					      REPEND
     85  f5cb				  -	      else
     86  f5cb				  -	      sleep	2
     87  f5cb					      endif
     88  f5cb		       84 1c		      sty	GRP1	; 3	 (49) 3 -> [GRP1] ; 2 -> GRP0
     89  f5cd		       86 1b		      stx	GRP0	; 3	 (52) 4 -> [GRP0] ; 3 -> GRP1
     90  f5cf		       85 1c		      sta	GRP1	; 3	 (55) 5 -> [GRP1] ; 4 -> GRP0
     91  f5d1		       85 1b		      sta	GRP0	; 3	 (58) 5 -> GRP1
     92  f5d3
     93  f5d3		       a0 02		      ldy	#2	; 2	 (60)
     94  f5d5		       a6 96		      ldx	scorepointers+0	; 3	 (63)
     95  f5d7		       bd 01 f8 	      lda	left_text+1,x	; 4	 (67)
     96  f5da		       a6 97		      ldx	scorepointers+1	; 3	 (70)
     97  f5dc		       1d 01 f9 	      ora	right_text+1,x	; 4	 (74)
     98  f5df							;    sleep 4
     99  f5df
    100  f5df							; Text line 2 / 5
    101  f5df				   endl1
    102  f5df							;line 1
    103  f5df		       85 02		      sta	WSYNC	; 3	 (0)
    104  f5e1		       a0 12		      ldy	#textbkcolor	; 2	 (2)
    105  f5e3		       84 06		      sty	COLUP0	; 3	 (5)
    106  f5e5		       84 07		      sty	COLUP1	; 3	 (8)
    107  f5e7		       85 1b		      sta	GRP0	; 3	 (11)
    108  f5e9
    109  f5e9		       a6 98		      ldx	scorepointers+2	; 3	 (9)
    110  f5eb		       bd 01 f8 	      lda	left_text+1,x	; 4	 (13)
    111  f5ee		       a6 99		      ldx	scorepointers+3	; 3	 (16)
    112  f5f0		       1d 01 f9 	      ora	right_text+1,x	; 4	 (20)
    113  f5f3		       85 1c		      sta	GRP1	; 3	 (23*)
    114  f5f5
    115  f5f5		       a6 9a		      ldx	scorepointers+4	; 3	 (26)
    116  f5f7		       bd 01 f8 	      lda	left_text+1,x	; 4	 (30)
    117  f5fa		       a6 9b		      ldx	scorepointers+5	; 3	 (33)
    118  f5fc		       1d 01 f9 	      ora	right_text+1,x	; 4	 (37)
    119  f5ff		       85 1b		      sta	GRP0	; 3	 (40)
    120  f601
    121  f601		       a6 9c		      ldx	scorepointers+6	; 3	 (43) 3 in A
    122  f603		       bd 01 f8 	      lda	left_text+1,x	; 4	 (47)
    123  f606		       a6 9d		      ldx	scorepointers+7	; 3	 (50)
    124  f608		       1d 01 f9 	      ora	right_text+1,x	; 4	 (54)
    125  f60b
    126  f60b		       a4 f5		      ldy	TextColor	; 2	 (56)
    127  f60d		       84 07		      sty	COLUP1	; 3	 (59)
    128  f60f
    129  f60f							;line 2
    130  f60f		       85 02		      sta	WSYNC	; 3	 (0)
    131  f611		       84 06		      sty	COLUP0	; 3	 (3)
    132  f613		       a8		      tay		; 2	 (5) 3 in Y
    133  f614
    134  f614		       a6 9e		      ldx	scorepointers+8	; 3	 (8) 4
    135  f616		       bd 01 f8 	      lda	left_text+1,x	; 4	 (12)
    136  f619		       a6 9f		      ldx	scorepointers+9	; 3	 (15)
    137  f61b		       1d 01 f9 	      ora	right_text+1,x	; 4	 (19)
    138  f61e		       85 f6		      sta	stack1	; 3	 (22)
    139  f620
    140  f620		       a6 a0		      ldx	scorepointers+10	; 3	 (25*) 5 in A
    141  f622		       bd 01 f8 	      lda	left_text+1,x	; 4	 (29)
    142  f625		       a6 a1		      ldx	scorepointers+11	; 3	 (32)
    143  f627		       1d 01 f9 	      ora	right_text+1,x	; 4	 (36)
    144  f62a
    145  f62a		       a6 f6		      ldx	stack1	; 3	 (39) 4 in X
    146  f62c					      ifnconst	noscoretxt
      0  f62c					      sleep	5	; 7	 (46)
      1  f62c				   .CYCLES    SET	5
      2  f62c
      3  f62c				  -	      IF	.CYCLES < 2
      4  f62c				  -	      ECHO	"MACRO ERROR: 'SLEEP': Duration must be > 1"
      5  f62c				  -	      ERR
      6  f62c					      ENDIF
      7  f62c
      8  f62c					      IF	.CYCLES & 1
      9  f62c					      IFNCONST	NO_ILLEGAL_OPCODES
     10  f62c		       04 00		      nop	0
     11  f62e				  -	      ELSE
     12  f62e				  -	      bit	VSYNC
     13  f62e					      ENDIF
     14  f62e				   .CYCLES    SET	.CYCLES - 3
     15  f62e					      ENDIF
     16  f62e
     17  f62e					      REPEAT	.CYCLES / 2
     18  f62e		       ea		      nop
     19  f62f					      REPEND
    148  f62f				  -	      else
    149  f62f				  -	      sleep	2
    150  f62f					      endif
    151  f62f		       84 1c		      sty	GRP1	; 3	 (49) 3 -> [GRP1] ; 2 -> GRP0
    152  f631		       86 1b		      stx	GRP0	; 3	 (52) 4 -> [GRP0] ; 3 -> GRP1
    153  f633		       85 1c		      sta	GRP1	; 3	 (55) 5 -> [GRP1] ; 4 -> GRP0
    154  f635		       85 1b		      sta	GRP0	; 3	 (58) 5 -> GRP1
    155  f637
    156  f637		       a0 02		      ldy	#2	; 2	 (56)
    157  f639		       a6 96		      ldx	scorepointers+0	; 3	 (59)
    158  f63b		       bd 02 f8 	      lda	left_text+2,x	; 4	 (63)
    159  f63e		       a6 97		      ldx	scorepointers+1	; 3	 (66)
    160  f640		       1d 02 f9 	      ora	right_text+2,x	; 4	 (70)
    161  f643							;    sleep 4
    162  f643
    163  f643							; Text line 3 / 5
    164  f643				   endl2
    165  f643							;line 1
    166  f643		       85 02		      sta	WSYNC	; 3	 (0)
    167  f645		       a0 12		      ldy	#textbkcolor	; 2	 (2)
    168  f647		       84 06		      sty	COLUP0	; 3	 (5)
    169  f649		       84 07		      sty	COLUP1	; 3	 (8)
    170  f64b		       85 1b		      sta	GRP0	; 3	 (11)
    171  f64d
    172  f64d		       a6 98		      ldx	scorepointers+2	; 3	 (9)
    173  f64f		       bd 02 f8 	      lda	left_text+2,x	; 4	 (13)
    174  f652		       a6 99		      ldx	scorepointers+3	; 3	 (16)
    175  f654		       1d 02 f9 	      ora	right_text+2,x	; 4	 (20)
    176  f657		       85 1c		      sta	GRP1	; 3	 (23*)
    177  f659
    178  f659		       a6 9a		      ldx	scorepointers+4	; 3	 (26)
    179  f65b		       bd 02 f8 	      lda	left_text+2,x	; 4	 (30)
    180  f65e		       a6 9b		      ldx	scorepointers+5	; 3	 (33)
    181  f660		       1d 02 f9 	      ora	right_text+2,x	; 4	 (37)
    182  f663		       85 1b		      sta	GRP0	; 3	 (40)
    183  f665
    184  f665		       a6 9c		      ldx	scorepointers+6	; 3	 (43) 3 in A
    185  f667		       bd 02 f8 	      lda	left_text+2,x	; 4	 (47)
    186  f66a		       a6 9d		      ldx	scorepointers+7	; 3	 (50)
    187  f66c		       1d 02 f9 	      ora	right_text+2,x	; 4	 (54)
    188  f66f
    189  f66f		       a4 f5		      ldy	TextColor	; 2	 (56)
    190  f671		       84 07		      sty	COLUP1	; 3	 (59)
    191  f673
    192  f673							;line 2
    193  f673		       85 02		      sta	WSYNC	; 3	 (0)
    194  f675		       84 06		      sty	COLUP0	; 3	 (3)
    195  f677		       a8		      tay		; 2	 (5) 3 in Y
    196  f678
    197  f678		       a6 9e		      ldx	scorepointers+8	; 3	 (8) 4
    198  f67a		       bd 02 f8 	      lda	left_text+2,x	; 4	 (12)
    199  f67d		       a6 9f		      ldx	scorepointers+9	; 3	 (15)
    200  f67f		       1d 02 f9 	      ora	right_text+2,x	; 4	 (19)
    201  f682		       85 f6		      sta	stack1	; 3	 (22)
    202  f684
    203  f684		       a6 a0		      ldx	scorepointers+10	; 3	 (25*) 5 in A
    204  f686		       bd 02 f8 	      lda	left_text+2,x	; 4	 (29)
    205  f689		       a6 a1		      ldx	scorepointers+11	; 3	 (32)
    206  f68b		       1d 02 f9 	      ora	right_text+2,x	; 4	 (36)
    207  f68e
    208  f68e		       a6 f6		      ldx	stack1	; 3	 (39) 4 in X
    209  f690					      ifnconst	noscoretxt
      0  f690					      sleep	5	; 7	 (46)
      1  f690				   .CYCLES    SET	5
      2  f690
      3  f690				  -	      IF	.CYCLES < 2
      4  f690				  -	      ECHO	"MACRO ERROR: 'SLEEP': Duration must be > 1"
      5  f690				  -	      ERR
      6  f690					      ENDIF
      7  f690
      8  f690					      IF	.CYCLES & 1
      9  f690					      IFNCONST	NO_ILLEGAL_OPCODES
     10  f690		       04 00		      nop	0
     11  f692				  -	      ELSE
     12  f692				  -	      bit	VSYNC
     13  f692					      ENDIF
     14  f692				   .CYCLES    SET	.CYCLES - 3
     15  f692					      ENDIF
     16  f692
     17  f692					      REPEAT	.CYCLES / 2
     18  f692		       ea		      nop
     19  f693					      REPEND
    211  f693				  -	      else
    212  f693				  -	      sleep	2
    213  f693					      endif
    214  f693		       84 1c		      sty	GRP1	; 3	 (45) 3 -> [GRP1] ; 2 -> GRP0
    215  f695		       86 1b		      stx	GRP0	; 3	 (48) 4 -> [GRP0] ; 3 -> GRP1
    216  f697		       85 1c		      sta	GRP1	; 3	 (51) 5 -> [GRP1] ; 4 -> GRP0
    217  f699		       85 1b		      sta	GRP0	; 3	 (54) 5 -> GRP1
    218  f69b
    219  f69b		       a0 02		      ldy	#2	; 2	 (56)
    220  f69d		       a6 96		      ldx	scorepointers+0	; 3	 (59)
    221  f69f		       bd 03 f8 	      lda	left_text+3,x	; 4	 (63)
    222  f6a2		       a6 97		      ldx	scorepointers+1	; 3	 (66)
    223  f6a4		       1d 03 f9 	      ora	right_text+3,x	; 4	 (70)
    224  f6a7							;    sleep 2
    225  f6a7
    226  f6a7							; Text line 4 / 5
    227  f6a7
    228  f6a7							;line 1
    229  f6a7		       85 02		      sta	WSYNC	; 3	 (0)
    230  f6a9		       a0 12		      ldy	#textbkcolor	; 2	 (2)
    231  f6ab		       84 06		      sty	COLUP0	; 3	 (5)
    232  f6ad		       84 07		      sty	COLUP1	; 3	 (8)
    233  f6af		       85 1b		      sta	GRP0	; 3	 (11)
    234  f6b1
    235  f6b1		       a6 98		      ldx	scorepointers+2	; 3	 (9)
    236  f6b3		       bd 03 f8 	      lda	left_text+3,x	; 4	 (13)
    237  f6b6		       a6 99		      ldx	scorepointers+3	; 3	 (16)
    238  f6b8		       1d 03 f9 	      ora	right_text+3,x	; 4	 (20)
    239  f6bb		       85 1c		      sta	GRP1	; 3	 (23*)
    240  f6bd
    241  f6bd		       a6 9a		      ldx	scorepointers+4	; 3	 (26)
    242  f6bf		       bd 03 f8 	      lda	left_text+3,x	; 4	 (30)
    243  f6c2		       a6 9b		      ldx	scorepointers+5	; 3	 (33)
    244  f6c4		       1d 03 f9 	      ora	right_text+3,x	; 4	 (37)
    245  f6c7		       85 1b		      sta	GRP0	; 3	 (40)
    246  f6c9
    247  f6c9		       a6 9c		      ldx	scorepointers+6	; 3	 (43) 3 in A
    248  f6cb		       bd 03 f8 	      lda	left_text+3,x	; 4	 (47)
    249  f6ce		       a6 9d		      ldx	scorepointers+7	; 3	 (50)
    250  f6d0		       1d 03 f9 	      ora	right_text+3,x	; 4	 (54)
    251  f6d3
    252  f6d3		       a4 f5		      ldy	TextColor	; 2	 (56)
    253  f6d5		       84 07		      sty	COLUP1	; 3	 (59)
    254  f6d7
    255  f6d7							;line 2
    256  f6d7		       85 02		      sta	WSYNC	; 3	 (0)
    257  f6d9		       84 06		      sty	COLUP0	; 3	 (3)
    258  f6db		       a8		      tay		; 2	 (5) 3 in Y
    259  f6dc
    260  f6dc		       a6 9e		      ldx	scorepointers+8	; 3	 (8) 4
    261  f6de		       bd 03 f8 	      lda	left_text+3,x	; 4	 (12)
    262  f6e1		       a6 9f		      ldx	scorepointers+9	; 3	 (15)
    263  f6e3		       1d 03 f9 	      ora	right_text+3,x	; 4	 (19)
    264  f6e6		       85 f6		      sta	stack1	; 3	 (22)
    265  f6e8
    266  f6e8		       a6 a0		      ldx	scorepointers+10	; 3	 (25*) 5 in A
    267  f6ea		       bd 03 f8 	      lda	left_text+3,x	; 4	 (29)
    268  f6ed		       a6 a1		      ldx	scorepointers+11	; 3	 (32)
    269  f6ef		       1d 03 f9 	      ora	right_text+3,x	; 4	 (36)
    270  f6f2
    271  f6f2		       a6 f6		      ldx	stack1	; 3	 (39) 4 in X
    272  f6f4					      ifnconst	noscoretxt
      0  f6f4					      sleep	5	; 7	 (46)
      1  f6f4				   .CYCLES    SET	5
      2  f6f4
      3  f6f4				  -	      IF	.CYCLES < 2
      4  f6f4				  -	      ECHO	"MACRO ERROR: 'SLEEP': Duration must be > 1"
      5  f6f4				  -	      ERR
      6  f6f4					      ENDIF
      7  f6f4
      8  f6f4					      IF	.CYCLES & 1
      9  f6f4					      IFNCONST	NO_ILLEGAL_OPCODES
     10  f6f4		       04 00		      nop	0
     11  f6f6				  -	      ELSE
     12  f6f6				  -	      bit	VSYNC
     13  f6f6					      ENDIF
     14  f6f6				   .CYCLES    SET	.CYCLES - 3
     15  f6f6					      ENDIF
     16  f6f6
     17  f6f6					      REPEAT	.CYCLES / 2
     18  f6f6		       ea		      nop
     19  f6f7					      REPEND
    274  f6f7				  -	      else
    275  f6f7				  -	      sleep	2
    276  f6f7					      endif
    277  f6f7		       84 1c		      sty	GRP1	; 3	 (45) 3 -> [GRP1] ; 2 -> GRP0
    278  f6f9		       86 1b		      stx	GRP0	; 3	 (48) 4 -> [GRP0] ; 3 -> GRP1
    279  f6fb		       85 1c		      sta	GRP1	; 3	 (51) 5 -> [GRP1] ; 4 -> GRP0
    280  f6fd		       85 1b		      sta	GRP0	; 3	 (54) 5 -> GRP1
    281  f6ff
    282  f6ff		       a0 02		      ldy	#2	; 2	 (56)
    283  f701		       a6 96		      ldx	scorepointers+0	; 3	 (59)
    284  f703		       bd 04 f8 	      lda	left_text+4,x	; 4	 (63)
    285  f706		       a6 97		      ldx	scorepointers+1	; 3	 (66)
    286  f708		       1d 04 f9 	      ora	right_text+4,x	; 4	 (70)
    287  f70b							;    sleep 2
    288  f70b
    289  f70b							; Text line 5 / 5
    290  f70b
    291  f70b							;line 1
    292  f70b		       85 02		      sta	WSYNC	; 3	 (0)
    293  f70d		       a0 12		      ldy	#textbkcolor	; 2	 (2)
    294  f70f		       84 06		      sty	COLUP0	; 3	 (5)
    295  f711		       84 07		      sty	COLUP1	; 3	 (8)
    296  f713		       85 1b		      sta	GRP0	; 3	 (11)
    297  f715
    298  f715		       a6 98		      ldx	scorepointers+2	; 3	 (9)
    299  f717		       bd 04 f8 	      lda	left_text+4,x	; 4	 (13)
    300  f71a		       a6 99		      ldx	scorepointers+3	; 3	 (16)
    301  f71c		       1d 04 f9 	      ora	right_text+4,x	; 4	 (20)
    302  f71f		       85 1c		      sta	GRP1	; 3	 (23*)
    303  f721
    304  f721		       a6 9a		      ldx	scorepointers+4	; 3	 (26)
    305  f723		       bd 04 f8 	      lda	left_text+4,x	; 4	 (30)
    306  f726		       a6 9b		      ldx	scorepointers+5	; 3	 (33)
    307  f728		       1d 04 f9 	      ora	right_text+4,x	; 4	 (37)
    308  f72b		       85 1b		      sta	GRP0	; 3	 (40)
    309  f72d
    310  f72d		       a6 9c		      ldx	scorepointers+6	; 3	 (43) 3 in A
    311  f72f		       bd 04 f8 	      lda	left_text+4,x	; 4	 (47)
    312  f732		       a6 9d		      ldx	scorepointers+7	; 3	 (50)
    313  f734		       1d 04 f9 	      ora	right_text+4,x	; 4	 (54)
    314  f737
    315  f737		       a4 f5		      ldy	TextColor	; 2	 (56)
    316  f739		       84 07		      sty	COLUP1	; 3	 (59)
    317  f73b
    318  f73b							;line 2
    319  f73b		       85 02		      sta	WSYNC	; 3	 (0)
    320  f73d		       84 06		      sty	COLUP0	; 3	 (3)
    321  f73f		       a8		      tay		; 2	 (5) 3 in Y
    322  f740
    323  f740		       a6 9e		      ldx	scorepointers+8	; 3	 (8) 4
    324  f742		       bd 04 f8 	      lda	left_text+4,x	; 4	 (12)
    325  f745		       a6 9f		      ldx	scorepointers+9	; 3	 (15)
    326  f747		       1d 04 f9 	      ora	right_text+4,x	; 4	 (19)
    327  f74a		       85 f6		      sta	stack1	; 3	 (22)
    328  f74c
    329  f74c		       a6 a0		      ldx	scorepointers+10	; 3	 (25*) 5 in A
    330  f74e		       bd 04 f8 	      lda	left_text+4,x	; 4	 (29)
    331  f751		       a6 a1		      ldx	scorepointers+11	; 3	 (32)
    332  f753		       1d 04 f9 	      ora	right_text+4,x	; 4	 (36)
    333  f756
    334  f756		       a6 f6		      ldx	stack1	; 3	 (39) 4 in X
    335  f758					      ifnconst	noscoretxt
      0  f758					      sleep	5	; 7	 (46)
      1  f758				   .CYCLES    SET	5
      2  f758
      3  f758				  -	      IF	.CYCLES < 2
      4  f758				  -	      ECHO	"MACRO ERROR: 'SLEEP': Duration must be > 1"
      5  f758				  -	      ERR
      6  f758					      ENDIF
      7  f758
      8  f758					      IF	.CYCLES & 1
      9  f758					      IFNCONST	NO_ILLEGAL_OPCODES
     10  f758		       04 00		      nop	0
     11  f75a				  -	      ELSE
     12  f75a				  -	      bit	VSYNC
     13  f75a					      ENDIF
     14  f75a				   .CYCLES    SET	.CYCLES - 3
     15  f75a					      ENDIF
     16  f75a
     17  f75a					      REPEAT	.CYCLES / 2
     18  f75a		       ea		      nop
     19  f75b					      REPEND
    337  f75b				  -	      else
    338  f75b				  -	      sleep	2
    339  f75b					      endif
    340  f75b		       84 1c		      sty	GRP1	; 3	 (45) 3 -> [GRP1] ; 2 -> GRP0
    341  f75d		       86 1b		      stx	GRP0	; 3	 (48) 4 -> [GRP0] ; 3 -> GRP1
    342  f75f		       85 1c		      sta	GRP1	; 3	 (51) 5 -> [GRP1] ; 4 -> GRP0
    343  f761		       85 1b		      sta	GRP0	; 3	 (54) 5 -> GRP1
    344  f763
    345  f763		       a9 00		      lda	#0
    346  f765		       85 1b		      sta	GRP0
    347  f767		       85 1c		      sta	GRP1
    348  f769		       85 1b		      sta	GRP0
    349  f76b		       85 04		      sta	NUSIZ0
    350  f76d		       85 05		      sta	NUSIZ1
    351  f76f		       85 25		      sta	VDELP0
    352  f771		       85 26		      sta	VDELP1
    353  f773
    354  f773				  -	      ifconst	textbank
    355  f773				  -	      sta	temp7
    356  f773				  -	      lda	#>(posttextkernel-1)
    357  f773				  -	      pha
    358  f773				  -	      lda	#<(posttextkernel-1)
    359  f773				  -	      pha
    360  f773				  -	      lda	temp7
    361  f773				  -	      pha		; *** save A
    362  f773				  -	      txa
    363  f773				  -	      pha		; *** save X
    364  f773				  -	      ldx	#KERNELBANK
    365  f773				  -	      jmp	BS_jsr
    366  f773					      else
    367  f773		       4c 59 f5 	      jmp	posttextkernel
    368  f776					      endif
    369  f776
    370  f776					      if	>. != >[.+text_data_height]
    371  f800		       00 00 00 00*	      align	256
    372  f800					      endif
    373  f800
    374  f800				   text_data
    375  f800
    376  f800				   left_text
    377  f800
    378  f800		       00 00	   __A	      =	* - text_data	; baseline (0)
    379  f800		       20		      .byte.b	%00100000
    380  f801		       50		      .byte.b	%01010000
    381  f802		       70		      .byte.b	%01110000
    382  f803		       50		      .byte.b	%01010000
    383  f804		       50		      .byte.b	%01010000
    384  f805
    385  f805		       00 05	   __B	      =	* - text_data
    386  f805		       60		      .byte.b	%01100000
    387  f806		       50		      .byte.b	%01010000
    388  f807		       60		      .byte.b	%01100000
    389  f808		       50		      .byte.b	%01010000
    390  f809		       60		      .byte.b	%01100000
    391  f80a
    392  f80a		       00 0a	   __C	      =	* - text_data
    393  f80a		       30		      .byte.b	%00110000
    394  f80b		       40		      .byte.b	%01000000
    395  f80c		       40		      .byte.b	%01000000
    396  f80d		       40		      .byte.b	%01000000
    397  f80e		       30		      .byte.b	%00110000
    398  f80f
    399  f80f		       00 0f	   __D	      =	* - text_data
    400  f80f		       60		      .byte.b	%01100000
    401  f810		       50		      .byte.b	%01010000
    402  f811		       50		      .byte.b	%01010000
    403  f812		       50		      .byte.b	%01010000
    404  f813		       60		      .byte.b	%01100000
    405  f814
    406  f814		       00 14	   __E	      =	* - text_data
    407  f814		       70		      .byte.b	%01110000
    408  f815		       40		      .byte.b	%01000000
    409  f816		       60		      .byte.b	%01100000
    410  f817		       40		      .byte.b	%01000000
    411  f818		       70		      .byte.b	%01110000
    412  f819
    413  f819		       00 19	   __F	      =	* - text_data
    414  f819		       70		      .byte.b	%01110000
    415  f81a		       40		      .byte.b	%01000000
    416  f81b		       60		      .byte.b	%01100000
    417  f81c		       40		      .byte.b	%01000000
    418  f81d		       40		      .byte.b	%01000000
    419  f81e
    420  f81e		       00 1e	   __G	      =	* - text_data
    421  f81e		       30		      .byte.b	%00110000
    422  f81f		       40		      .byte.b	%01000000
    423  f820		       50		      .byte.b	%01010000
    424  f821		       50		      .byte.b	%01010000
    425  f822		       20		      .byte.b	%00100000
    426  f823
    427  f823		       00 23	   __H	      =	* - text_data
    428  f823		       50		      .byte.b	%01010000
    429  f824		       50		      .byte.b	%01010000
    430  f825		       70		      .byte.b	%01110000
    431  f826		       50		      .byte.b	%01010000
    432  f827		       50		      .byte.b	%01010000
    433  f828
    434  f828		       00 28	   __I	      =	* - text_data
    435  f828		       70		      .byte.b	%01110000
    436  f829		       20		      .byte.b	%00100000
    437  f82a		       20		      .byte.b	%00100000
    438  f82b		       20		      .byte.b	%00100000
    439  f82c		       70		      .byte.b	%01110000
    440  f82d
    441  f82d		       00 2d	   __J	      =	* - text_data
    442  f82d		       10		      .byte.b	%00010000
    443  f82e		       10		      .byte.b	%00010000
    444  f82f		       10		      .byte.b	%00010000
    445  f830		       50		      .byte.b	%01010000
    446  f831		       20		      .byte.b	%00100000
    447  f832
    448  f832		       00 32	   __K	      =	* - text_data
    449  f832		       50		      .byte.b	%01010000
    450  f833		       50		      .byte.b	%01010000
    451  f834		       60		      .byte.b	%01100000
    452  f835		       50		      .byte.b	%01010000
    453  f836		       50		      .byte.b	%01010000
    454  f837
    455  f837		       00 37	   __L	      =	* - text_data
    456  f837		       40		      .byte.b	%01000000
    457  f838		       40		      .byte.b	%01000000
    458  f839		       40		      .byte.b	%01000000
    459  f83a		       40		      .byte.b	%01000000
    460  f83b		       70		      .byte.b	%01110000
    461  f83c
    462  f83c		       00 3c	   __M	      =	* - text_data
    463  f83c		       50		      .byte.b	%01010000
    464  f83d		       70		      .byte.b	%01110000
    465  f83e		       70		      .byte.b	%01110000
    466  f83f		       50		      .byte.b	%01010000
    467  f840		       50		      .byte.b	%01010000
    468  f841
    469  f841		       00 41	   __N	      =	* - text_data
    470  f841		       60		      .byte.b	%01100000
    471  f842		       50		      .byte.b	%01010000
    472  f843		       50		      .byte.b	%01010000
    473  f844		       50		      .byte.b	%01010000
    474  f845		       50		      .byte.b	%01010000
    475  f846
    476  f846		       00 46	   __O	      =	* - text_data
    477  f846		       20		      .byte.b	%00100000
    478  f847		       50		      .byte.b	%01010000
    479  f848		       50		      .byte.b	%01010000
    480  f849		       50		      .byte.b	%01010000
    481  f84a		       20		      .byte.b	%00100000
    482  f84b
    483  f84b		       00 4b	   __P	      =	* - text_data
    484  f84b		       60		      .byte.b	%01100000
    485  f84c		       50		      .byte.b	%01010000
    486  f84d		       60		      .byte.b	%01100000
    487  f84e		       40		      .byte.b	%01000000
    488  f84f		       40		      .byte.b	%01000000
    489  f850
    490  f850		       00 50	   __Q	      =	* - text_data
    491  f850		       20		      .byte.b	%00100000
    492  f851		       50		      .byte.b	%01010000
    493  f852		       50		      .byte.b	%01010000
    494  f853		       50		      .byte.b	%01010000
    495  f854		       30		      .byte.b	%00110000
    496  f855
    497  f855		       00 55	   __R	      =	* - text_data
    498  f855		       60		      .byte.b	%01100000
    499  f856		       50		      .byte.b	%01010000
    500  f857		       60		      .byte.b	%01100000
    501  f858		       50		      .byte.b	%01010000
    502  f859		       50		      .byte.b	%01010000
    503  f85a
    504  f85a		       00 5a	   __S	      =	* - text_data
    505  f85a		       30		      .byte.b	%00110000
    506  f85b		       40		      .byte.b	%01000000
    507  f85c		       20		      .byte.b	%00100000
    508  f85d		       10		      .byte.b	%00010000
    509  f85e		       60		      .byte.b	%01100000
    510  f85f
    511  f85f		       00 5f	   __T	      =	* - text_data
    512  f85f		       70		      .byte.b	%01110000
    513  f860		       20		      .byte.b	%00100000
    514  f861		       20		      .byte.b	%00100000
    515  f862		       20		      .byte.b	%00100000
    516  f863		       20		      .byte.b	%00100000
    517  f864
    518  f864		       00 64	   __U	      =	* - text_data
    519  f864		       50		      .byte.b	%01010000
    520  f865		       50		      .byte.b	%01010000
    521  f866		       50		      .byte.b	%01010000
    522  f867		       50		      .byte.b	%01010000
    523  f868		       70		      .byte.b	%01110000
    524  f869
    525  f869		       00 69	   __V	      =	* - text_data
    526  f869		       50		      .byte.b	%01010000
    527  f86a		       50		      .byte.b	%01010000
    528  f86b		       50		      .byte.b	%01010000
    529  f86c		       50		      .byte.b	%01010000
    530  f86d		       20		      .byte.b	%00100000
    531  f86e
    532  f86e		       00 6e	   __W	      =	* - text_data
    533  f86e		       50		      .byte.b	%01010000
    534  f86f		       50		      .byte.b	%01010000
    535  f870		       70		      .byte.b	%01110000
    536  f871		       70		      .byte.b	%01110000
    537  f872		       50		      .byte.b	%01010000
    538  f873
    539  f873		       00 73	   __X	      =	* - text_data
    540  f873		       50		      .byte.b	%01010000
    541  f874		       50		      .byte.b	%01010000
    542  f875		       20		      .byte.b	%00100000
    543  f876		       50		      .byte.b	%01010000
    544  f877		       50		      .byte.b	%01010000
    545  f878
    546  f878		       00 78	   __Y	      =	* - text_data
    547  f878		       50		      .byte.b	%01010000
    548  f879		       50		      .byte.b	%01010000
    549  f87a		       20		      .byte.b	%00100000
    550  f87b		       20		      .byte.b	%00100000
    551  f87c		       20		      .byte.b	%00100000
    552  f87d
    553  f87d		       00 7d	   __Z	      =	* - text_data
    554  f87d		       70		      .byte.b	%01110000
    555  f87e		       10		      .byte.b	%00010000
    556  f87f		       20		      .byte.b	%00100000
    557  f880		       40		      .byte.b	%01000000
    558  f881		       70		      .byte.b	%01110000
    559  f882
    560  f882		       00 82	   __0	      =	* - text_data
    561  f882		       70		      .byte.b	%01110000
    562  f883		       50		      .byte.b	%01010000
    563  f884		       50		      .byte.b	%01010000
    564  f885		       50		      .byte.b	%01010000
    565  f886		       70		      .byte.b	%01110000
    566  f887
    567  f887		       00 87	   __1	      =	* - text_data
    568  f887		       20		      .byte.b	%00100000
    569  f888		       60		      .byte.b	%01100000
    570  f889		       20		      .byte.b	%00100000
    571  f88a		       20		      .byte.b	%00100000
    572  f88b		       70		      .byte.b	%01110000
    573  f88c
    574  f88c		       00 8c	   __2	      =	* - text_data
    575  f88c		       60		      .byte.b	%01100000
    576  f88d		       10		      .byte.b	%00010000
    577  f88e		       20		      .byte.b	%00100000
    578  f88f		       40		      .byte.b	%01000000
    579  f890		       70		      .byte.b	%01110000
    580  f891
    581  f891		       00 91	   __3	      =	* - text_data
    582  f891		       60		      .byte.b	%01100000
    583  f892		       10		      .byte.b	%00010000
    584  f893		       20		      .byte.b	%00100000
    585  f894		       10		      .byte.b	%00010000
    586  f895		       60		      .byte.b	%01100000
    587  f896
    588  f896		       00 96	   __4	      =	* - text_data
    589  f896		       50		      .byte.b	%01010000
    590  f897		       50		      .byte.b	%01010000
    591  f898		       70		      .byte.b	%01110000
    592  f899		       10		      .byte.b	%00010000
    593  f89a		       10		      .byte.b	%00010000
    594  f89b
    595  f89b		       00 9b	   __5	      =	* - text_data
    596  f89b		       70		      .byte.b	%01110000
    597  f89c		       40		      .byte.b	%01000000
    598  f89d		       60		      .byte.b	%01100000
    599  f89e		       10		      .byte.b	%00010000
    600  f89f		       60		      .byte.b	%01100000
    601  f8a0
    602  f8a0		       00 a0	   __6	      =	* - text_data
    603  f8a0		       30		      .byte.b	%00110000
    604  f8a1		       40		      .byte.b	%01000000
    605  f8a2		       60		      .byte.b	%01100000
    606  f8a3		       50		      .byte.b	%01010000
    607  f8a4		       20		      .byte.b	%00100000
    608  f8a5
    609  f8a5		       00 a5	   __7	      =	* - text_data
    610  f8a5		       70		      .byte.b	%01110000
    611  f8a6		       10		      .byte.b	%00010000
    612  f8a7		       20		      .byte.b	%00100000
    613  f8a8		       40		      .byte.b	%01000000
    614  f8a9		       40		      .byte.b	%01000000
    615  f8aa
    616  f8aa		       00 aa	   __8	      =	* - text_data
    617  f8aa		       20		      .byte.b	%00100000
    618  f8ab		       50		      .byte.b	%01010000
    619  f8ac		       20		      .byte.b	%00100000
    620  f8ad		       50		      .byte.b	%01010000
    621  f8ae		       20		      .byte.b	%00100000
    622  f8af
    623  f8af		       00 af	   __9	      =	* - text_data
    624  f8af		       20		      .byte.b	%00100000
    625  f8b0		       50		      .byte.b	%01010000
    626  f8b1		       30		      .byte.b	%00110000
    627  f8b2		       10		      .byte.b	%00010000
    628  f8b3		       60		      .byte.b	%01100000
    629  f8b4
    630  f8b4		       00 b4	   _sp	      =	* - text_data
    631  f8b4		       00		      .byte.b	%00000000
    632  f8b5		       00		      .byte.b	%00000000
    633  f8b6		       00		      .byte.b	%00000000
    634  f8b7		       00		      .byte.b	%00000000
    635  f8b8		       00		      .byte.b	%00000000
    636  f8b9
    637  f8b9		       00 b9	   _pd	      =	* - text_data
    638  f8b9		       00		      .byte.b	%00000000
    639  f8ba		       00		      .byte.b	%00000000
    640  f8bb		       00		      .byte.b	%00000000
    641  f8bc		       00		      .byte.b	%00000000
    642  f8bd		       20		      .byte.b	%00100000
    643  f8be
    644  f8be		       00 be	   _qu	      =	* - text_data
    645  f8be		       60		      .byte.b	%01100000
    646  f8bf		       10		      .byte.b	%00010000
    647  f8c0		       20		      .byte.b	%00100000
    648  f8c1		       00		      .byte.b	%00000000
    649  f8c2		       20		      .byte.b	%00100000
    650  f8c3
    651  f8c3		       00 c3	   _ex	      =	* - text_data
    652  f8c3		       20		      .byte.b	%00100000
    653  f8c4		       20		      .byte.b	%00100000
    654  f8c5		       20		      .byte.b	%00100000
    655  f8c6		       00		      .byte.b	%00000000
    656  f8c7		       20		      .byte.b	%00100000
    657  f8c8
    658  f8c8		       00 c8	   _cm	      =	* - text_data
    659  f8c8		       00		      .byte.b	%00000000
    660  f8c9		       00		      .byte.b	%00000000
    661  f8ca		       00		      .byte.b	%00000000
    662  f8cb		       20		      .byte.b	%00100000
    663  f8cc		       40		      .byte.b	%01000000
    664  f8cd
    665  f8cd		       00 cd	   _hy	      =	* - text_data
    666  f8cd		       00		      .byte.b	%00000000
    667  f8ce		       00		      .byte.b	%00000000
    668  f8cf		       70		      .byte.b	%01110000
    669  f8d0		       00		      .byte.b	%00000000
    670  f8d1		       00		      .byte.b	%00000000
    671  f8d2
    672  f8d2		       00 d2	   _pl	      =	* - text_data
    673  f8d2		       20		      .byte.b	%00100000
    674  f8d3		       20		      .byte.b	%00100000
    675  f8d4		       70		      .byte.b	%01110000
    676  f8d5		       20		      .byte.b	%00100000
    677  f8d6		       20		      .byte.b	%00100000
    678  f8d7
    679  f8d7		       00 d7	   _ap	      =	* - text_data
    680  f8d7		       20		      .byte.b	%00100000
    681  f8d8		       40		      .byte.b	%01000000
    682  f8d9		       00		      .byte.b	%00000000
    683  f8da		       00		      .byte.b	%00000000
    684  f8db		       00		      .byte.b	%00000000
    685  f8dc
    686  f8dc		       00 dc	   _lp	      =	* - text_data
    687  f8dc		       20		      .byte.b	%00100000
    688  f8dd		       40		      .byte.b	%01000000
    689  f8de		       40		      .byte.b	%01000000
    690  f8df		       40		      .byte.b	%01000000
    691  f8e0		       20		      .byte.b	%00100000
    692  f8e1
    693  f8e1		       00 e1	   _rp	      =	* - text_data
    694  f8e1		       20		      .byte.b	%00100000
    695  f8e2		       10		      .byte.b	%00010000
    696  f8e3		       10		      .byte.b	%00010000
    697  f8e4		       10		      .byte.b	%00010000
    698  f8e5		       20		      .byte.b	%00100000
    699  f8e6
    700  f8e6		       00 e6	   _co	      =	* - text_data
    701  f8e6		       00		      .byte.b	%00000000
    702  f8e7		       40		      .byte.b	%01000000
    703  f8e8		       00		      .byte.b	%00000000
    704  f8e9		       40		      .byte.b	%01000000
    705  f8ea		       00		      .byte.b	%00000000
    706  f8eb
    707  f8eb		       00 eb	   _sl	      =	* - text_data
    708  f8eb		       10		      .byte.b	%00010000
    709  f8ec		       10		      .byte.b	%00010000
    710  f8ed		       20		      .byte.b	%00100000
    711  f8ee		       40		      .byte.b	%01000000
    712  f8ef		       40		      .byte.b	%01000000
    713  f8f0
    714  f8f0		       00 f0	   _eq	      =	* - text_data
    715  f8f0		       00		      .byte.b	%00000000
    716  f8f1		       70		      .byte.b	%01110000
    717  f8f2		       00		      .byte.b	%00000000
    718  f8f3		       70		      .byte.b	%01110000
    719  f8f4		       00		      .byte.b	%00000000
    720  f8f5
    721  f8f5		       00 f5	   _qt	      =	* - text_data
    722  f8f5		       50		      .byte.b	%01010000
    723  f8f6		       50		      .byte.b	%01010000
    724  f8f7		       00		      .byte.b	%00000000
    725  f8f8		       00		      .byte.b	%00000000
    726  f8f9		       00		      .byte.b	%00000000
    727  f8fa
    728  f8fa		       00 fa	   _po	      =	* - text_data
    729  f8fa				   _ht
    730  f8fa		       50		      .byte.b	%01010000
    731  f8fb		       f0		      .byte.b	%11110000
    732  f8fc		       50		      .byte.b	%01010000
    733  f8fd		       f0		      .byte.b	%11110000
    734  f8fe		       50		      .byte.b	%01010000
    735  f8ff
    736  f8ff
    737  f8ff		       00 ff	   text_data_height =	* - text_data
    738  f8ff
    739  f8ff					      if	>. != >[.+text_data_height]
    740  f900		       00		      align	256
    741  f900					      endif
    742  f900
    743  f900				   right_text
    744  f900
    745  f900							; A
    746  f900		       02		      .byte.b	%00000010
    747  f901		       05		      .byte.b	%00000101
    748  f902		       07		      .byte.b	%00000111
    749  f903		       05		      .byte.b	%00000101
    750  f904		       05		      .byte.b	%00000101
    751  f905
    752  f905
    753  f905							; B
    754  f905		       06		      .byte.b	%00000110
    755  f906		       05		      .byte.b	%00000101
    756  f907		       06		      .byte.b	%00000110
    757  f908		       05		      .byte.b	%00000101
    758  f909		       06		      .byte.b	%00000110
    759  f90a
    760  f90a							; C
    761  f90a		       03		      .byte.b	%00000011
    762  f90b		       04		      .byte.b	%00000100
    763  f90c		       04		      .byte.b	%00000100
    764  f90d		       04		      .byte.b	%00000100
    765  f90e		       03		      .byte.b	%00000011
    766  f90f
    767  f90f							; D
    768  f90f		       06		      .byte.b	%00000110
    769  f910		       05		      .byte.b	%00000101
    770  f911		       05		      .byte.b	%00000101
    771  f912		       05		      .byte.b	%00000101
    772  f913		       06		      .byte.b	%00000110
    773  f914
    774  f914							; E
    775  f914		       07		      .byte.b	%00000111
    776  f915		       04		      .byte.b	%00000100
    777  f916		       06		      .byte.b	%00000110
    778  f917		       04		      .byte.b	%00000100
    779  f918		       07		      .byte.b	%00000111
    780  f919
    781  f919							; F
    782  f919		       07		      .byte.b	%00000111
    783  f91a		       04		      .byte.b	%00000100
    784  f91b		       06		      .byte.b	%00000110
    785  f91c		       04		      .byte.b	%00000100
    786  f91d		       04		      .byte.b	%00000100
    787  f91e
    788  f91e							; G
    789  f91e		       03		      .byte.b	%00000011
    790  f91f		       04		      .byte.b	%00000100
    791  f920		       05		      .byte.b	%00000101
    792  f921		       05		      .byte.b	%00000101
    793  f922		       02		      .byte.b	%00000010
    794  f923
    795  f923							; H
    796  f923		       05		      .byte.b	%00000101
    797  f924		       05		      .byte.b	%00000101
    798  f925		       07		      .byte.b	%00000111
    799  f926		       05		      .byte.b	%00000101
    800  f927		       05		      .byte.b	%00000101
    801  f928
    802  f928							; I
    803  f928		       07		      .byte.b	%00000111
    804  f929		       02		      .byte.b	%00000010
    805  f92a		       02		      .byte.b	%00000010
    806  f92b		       02		      .byte.b	%00000010
    807  f92c		       07		      .byte.b	%00000111
    808  f92d
    809  f92d							; J
    810  f92d		       01		      .byte.b	%00000001
    811  f92e		       01		      .byte.b	%00000001
    812  f92f		       01		      .byte.b	%00000001
    813  f930		       05		      .byte.b	%00000101
    814  f931		       02		      .byte.b	%00000010
    815  f932
    816  f932							; K
    817  f932		       05		      .byte.b	%00000101
    818  f933		       05		      .byte.b	%00000101
    819  f934		       06		      .byte.b	%00000110
    820  f935		       05		      .byte.b	%00000101
    821  f936		       05		      .byte.b	%00000101
    822  f937
    823  f937							; L
    824  f937		       04		      .byte.b	%00000100
    825  f938		       04		      .byte.b	%00000100
    826  f939		       04		      .byte.b	%00000100
    827  f93a		       04		      .byte.b	%00000100
    828  f93b		       07		      .byte.b	%00000111
    829  f93c
    830  f93c							; M
    831  f93c		       05		      .byte.b	%00000101
    832  f93d		       07		      .byte.b	%00000111
    833  f93e		       07		      .byte.b	%00000111
    834  f93f		       05		      .byte.b	%00000101
    835  f940		       05		      .byte.b	%00000101
    836  f941
    837  f941							; N
    838  f941		       06		      .byte.b	%00000110
    839  f942		       05		      .byte.b	%00000101
    840  f943		       05		      .byte.b	%00000101
    841  f944		       05		      .byte.b	%00000101
    842  f945		       05		      .byte.b	%00000101
    843  f946
    844  f946							; O
    845  f946		       02		      .byte.b	%00000010
    846  f947		       05		      .byte.b	%00000101
    847  f948		       05		      .byte.b	%00000101
    848  f949		       05		      .byte.b	%00000101
    849  f94a		       02		      .byte.b	%00000010
    850  f94b
    851  f94b							; P
    852  f94b		       06		      .byte.b	%00000110
    853  f94c		       05		      .byte.b	%00000101
    854  f94d		       06		      .byte.b	%00000110
    855  f94e		       04		      .byte.b	%00000100
    856  f94f		       04		      .byte.b	%00000100
    857  f950
    858  f950							; Q
    859  f950		       02		      .byte.b	%00000010
    860  f951		       05		      .byte.b	%00000101
    861  f952		       05		      .byte.b	%00000101
    862  f953		       05		      .byte.b	%00000101
    863  f954		       03		      .byte.b	%00000011
    864  f955
    865  f955							; R
    866  f955		       06		      .byte.b	%00000110
    867  f956		       05		      .byte.b	%00000101
    868  f957		       06		      .byte.b	%00000110
    869  f958		       05		      .byte.b	%00000101
    870  f959		       05		      .byte.b	%00000101
    871  f95a
    872  f95a							; S
    873  f95a		       03		      .byte.b	%00000011
    874  f95b		       04		      .byte.b	%00000100
    875  f95c		       02		      .byte.b	%00000010
    876  f95d		       01		      .byte.b	%00000001
    877  f95e		       06		      .byte.b	%00000110
    878  f95f
    879  f95f							; T
    880  f95f		       07		      .byte.b	%00000111
    881  f960		       02		      .byte.b	%00000010
    882  f961		       02		      .byte.b	%00000010
    883  f962		       02		      .byte.b	%00000010
    884  f963		       02		      .byte.b	%00000010
    885  f964
    886  f964							; U
    887  f964		       05		      .byte.b	%00000101
    888  f965		       05		      .byte.b	%00000101
    889  f966		       05		      .byte.b	%00000101
    890  f967		       05		      .byte.b	%00000101
    891  f968		       07		      .byte.b	%00000111
    892  f969
    893  f969							; V
    894  f969		       05		      .byte.b	%00000101
    895  f96a		       05		      .byte.b	%00000101
    896  f96b		       05		      .byte.b	%00000101
    897  f96c		       05		      .byte.b	%00000101
    898  f96d		       02		      .byte.b	%00000010
    899  f96e
    900  f96e							; W
    901  f96e		       05		      .byte.b	%00000101
    902  f96f		       05		      .byte.b	%00000101
    903  f970		       07		      .byte.b	%00000111
    904  f971		       07		      .byte.b	%00000111
    905  f972		       05		      .byte.b	%00000101
    906  f973
    907  f973							; X
    908  f973		       05		      .byte.b	%00000101
    909  f974		       05		      .byte.b	%00000101
    910  f975		       02		      .byte.b	%00000010
    911  f976		       05		      .byte.b	%00000101
    912  f977		       05		      .byte.b	%00000101
    913  f978
    914  f978							; Y
    915  f978		       05		      .byte.b	%00000101
    916  f979		       05		      .byte.b	%00000101
    917  f97a		       02		      .byte.b	%00000010
    918  f97b		       02		      .byte.b	%00000010
    919  f97c		       02		      .byte.b	%00000010
    920  f97d
    921  f97d							; Z
    922  f97d		       07		      .byte.b	%00000111
    923  f97e		       01		      .byte.b	%00000001
    924  f97f		       02		      .byte.b	%00000010
    925  f980		       04		      .byte.b	%00000100
    926  f981		       07		      .byte.b	%00000111
    927  f982
    928  f982							; 0
    929  f982		       07		      .byte.b	%00000111
    930  f983		       05		      .byte.b	%00000101
    931  f984		       05		      .byte.b	%00000101
    932  f985		       05		      .byte.b	%00000101
    933  f986		       07		      .byte.b	%00000111
    934  f987
    935  f987							; 1
    936  f987		       02		      .byte.b	%00000010
    937  f988		       06		      .byte.b	%00000110
    938  f989		       02		      .byte.b	%00000010
    939  f98a		       02		      .byte.b	%00000010
    940  f98b		       07		      .byte.b	%00000111
    941  f98c
    942  f98c							; 2
    943  f98c		       06		      .byte.b	%00000110
    944  f98d		       01		      .byte.b	%00000001
    945  f98e		       02		      .byte.b	%00000010
    946  f98f		       04		      .byte.b	%00000100
    947  f990		       07		      .byte.b	%00000111
    948  f991
    949  f991							; 3
    950  f991		       06		      .byte.b	%00000110
    951  f992		       01		      .byte.b	%00000001
    952  f993		       02		      .byte.b	%00000010
    953  f994		       01		      .byte.b	%00000001
    954  f995		       06		      .byte.b	%00000110
    955  f996
    956  f996							; 4
    957  f996		       05		      .byte.b	%00000101
    958  f997		       05		      .byte.b	%00000101
    959  f998		       07		      .byte.b	%00000111
    960  f999		       01		      .byte.b	%00000001
    961  f99a		       01		      .byte.b	%00000001
    962  f99b
    963  f99b							; 5
    964  f99b		       07		      .byte.b	%00000111
    965  f99c		       04		      .byte.b	%00000100
    966  f99d		       06		      .byte.b	%00000110
    967  f99e		       01		      .byte.b	%00000001
    968  f99f		       06		      .byte.b	%00000110
    969  f9a0
    970  f9a0							; 6
    971  f9a0		       03		      .byte.b	%00000011
    972  f9a1		       04		      .byte.b	%00000100
    973  f9a2		       06		      .byte.b	%00000110
    974  f9a3		       05		      .byte.b	%00000101
    975  f9a4		       02		      .byte.b	%00000010
    976  f9a5
    977  f9a5							; 7
    978  f9a5		       07		      .byte.b	%00000111
    979  f9a6		       01		      .byte.b	%00000001
    980  f9a7		       02		      .byte.b	%00000010
    981  f9a8		       04		      .byte.b	%00000100
    982  f9a9		       04		      .byte.b	%00000100
    983  f9aa
    984  f9aa							; 8
    985  f9aa		       02		      .byte.b	%00000010
    986  f9ab		       05		      .byte.b	%00000101
    987  f9ac		       02		      .byte.b	%00000010
    988  f9ad		       05		      .byte.b	%00000101
    989  f9ae		       02		      .byte.b	%00000010
    990  f9af
    991  f9af							; 9
    992  f9af		       02		      .byte.b	%00000010
    993  f9b0		       05		      .byte.b	%00000101
    994  f9b1		       03		      .byte.b	%00000011
    995  f9b2		       01		      .byte.b	%00000001
    996  f9b3		       06		      .byte.b	%00000110
    997  f9b4
    998  f9b4							; space
    999  f9b4		       00		      .byte.b	%00000000
   1000  f9b5		       00		      .byte.b	%00000000
   1001  f9b6		       00		      .byte.b	%00000000
   1002  f9b7		       00		      .byte.b	%00000000
   1003  f9b8		       00		      .byte.b	%00000000
   1004  f9b9
   1005  f9b9							; period
   1006  f9b9		       00		      .byte.b	%00000000
   1007  f9ba		       00		      .byte.b	%00000000
   1008  f9bb		       00		      .byte.b	%00000000
   1009  f9bc		       00		      .byte.b	%00000000
   1010  f9bd		       02		      .byte.b	%00000010
   1011  f9be
   1012  f9be							; question mark
   1013  f9be		       06		      .byte.b	%00000110
   1014  f9bf		       01		      .byte.b	%00000001
   1015  f9c0		       02		      .byte.b	%00000010
   1016  f9c1		       00		      .byte.b	%00000000
   1017  f9c2		       02		      .byte.b	%00000010
   1018  f9c3
   1019  f9c3							; exclamation point
   1020  f9c3		       02		      .byte.b	%00000010
   1021  f9c4		       02		      .byte.b	%00000010
   1022  f9c5		       02		      .byte.b	%00000010
   1023  f9c6		       00		      .byte.b	%00000000
   1024  f9c7		       02		      .byte.b	%00000010
   1025  f9c8
   1026  f9c8							; comma
   1027  f9c8		       00		      .byte.b	%00000000
   1028  f9c9		       00		      .byte.b	%00000000
   1029  f9ca		       00		      .byte.b	%00000000
   1030  f9cb		       02		      .byte.b	%00000010
   1031  f9cc		       04		      .byte.b	%00000100
   1032  f9cd
   1033  f9cd							; hyphen
   1034  f9cd		       00		      .byte.b	%00000000
   1035  f9ce		       00		      .byte.b	%00000000
   1036  f9cf		       07		      .byte.b	%00000111
   1037  f9d0		       00		      .byte.b	%00000000
   1038  f9d1		       00		      .byte.b	%00000000
   1039  f9d2
   1040  f9d2							; plus
   1041  f9d2		       02		      .byte.b	%00000010
   1042  f9d3		       02		      .byte.b	%00000010
   1043  f9d4		       07		      .byte.b	%00000111
   1044  f9d5		       02		      .byte.b	%00000010
   1045  f9d6		       02		      .byte.b	%00000010
   1046  f9d7
   1047  f9d7							; apostrophe
   1048  f9d7		       02		      .byte.b	%00000010
   1049  f9d8		       04		      .byte.b	%00000100
   1050  f9d9		       00		      .byte.b	%00000000
   1051  f9da		       00		      .byte.b	%00000000
   1052  f9db		       00		      .byte.b	%00000000
   1053  f9dc
   1054  f9dc							; left parenthesis
   1055  f9dc		       02		      .byte.b	%00000010
   1056  f9dd		       04		      .byte.b	%00000100
   1057  f9de		       04		      .byte.b	%00000100
   1058  f9df		       04		      .byte.b	%00000100
   1059  f9e0		       02		      .byte.b	%00000010
   1060  f9e1
   1061  f9e1							; right parenthesis
   1062  f9e1		       02		      .byte.b	%00000010
   1063  f9e2		       01		      .byte.b	%00000001
   1064  f9e3		       01		      .byte.b	%00000001
   1065  f9e4		       01		      .byte.b	%00000001
   1066  f9e5		       02		      .byte.b	%00000010
   1067  f9e6
   1068  f9e6							; colon
   1069  f9e6		       00		      .byte.b	%00000000
   1070  f9e7		       04		      .byte.b	%00000100
   1071  f9e8		       00		      .byte.b	%00000000
   1072  f9e9		       04		      .byte.b	%00000100
   1073  f9ea		       00		      .byte.b	%00000000
   1074  f9eb
   1075  f9eb							;slash
   1076  f9eb		       01		      .byte.b	%00000001
   1077  f9ec		       01		      .byte.b	%00000001
   1078  f9ed		       02		      .byte.b	%00000010
   1079  f9ee		       04		      .byte.b	%00000100
   1080  f9ef		       04		      .byte.b	%00000100
   1081  f9f0
   1082  f9f0							; equal
   1083  f9f0		       00		      .byte.b	%00000000
   1084  f9f1		       07		      .byte.b	%00000111
   1085  f9f2		       00		      .byte.b	%00000000
   1086  f9f3		       07		      .byte.b	%00000111
   1087  f9f4		       00		      .byte.b	%00000000
   1088  f9f5
   1089  f9f5							; quote
   1090  f9f5		       05		      .byte.b	%00000101
   1091  f9f6		       05		      .byte.b	%00000101
   1092  f9f7		       00		      .byte.b	%00000000
   1093  f9f8		       00		      .byte.b	%00000000
   1094  f9f9		       00		      .byte.b	%00000000
   1095  f9fa
   1096  f9fa							; pound sign
   1097  f9fa		       05		      .byte.b	%00000101
   1098  f9fb		       0f		      .byte.b	%00001111
   1099  f9fc		       05		      .byte.b	%00000101
   1100  f9fd		       0f		      .byte.b	%00001111
   1101  f9fe		       05		      .byte.b	%00000101
------- FILE Baudot.bas.asm
   1865  f9ff					      if	ECHOFIRST
      1437 bytes of ROM space left
   1866  f9ff					      echo	"    ",[(scoretable - *)]d , "bytes of ROM space left")
   1867  f9ff					      endif
   1868  f9ff		       00 01	   ECHOFIRST  =	1
   1869  f9ff
   1870  f9ff
   1871  f9ff
   1872  f9ff							; Provided under the CC0 license. See the included LICENSE.txt for details.
   1873  f9ff
   1874  f9ff							; feel free to modify the score graphics - just keep each digit 8 high
   1875  f9ff							; and keep the conditional compilation stuff intact
   1876  f9ff				  -	      ifconst	ROM2k
   1877  f9ff				  -	      ORG	$F7AC-8
   1878  f9ff					      else
   1879  f9ff				  -	      ifconst	bankswitch
   1880  f9ff				  -	      if	bankswitch == 8
   1881  f9ff				  -	      ORG	$2F94-bscode_length
   1882  f9ff				  -	      RORG	$FF94-bscode_length
   1883  f9ff				  -	      endif
   1884  f9ff				  -	      if	bankswitch == 16
   1885  f9ff				  -	      ORG	$4F94-bscode_length
   1886  f9ff				  -	      RORG	$FF94-bscode_length
   1887  f9ff				  -	      endif
   1888  f9ff				  -	      if	bankswitch == 32
   1889  f9ff				  -	      ORG	$8F94-bscode_length
   1890  f9ff				  -	      RORG	$FF94-bscode_length
   1891  f9ff				  -	      endif
   1892  f9ff				  -	      if	bankswitch == 64
   1893  f9ff				  -	      ORG	$10F80-bscode_length
   1894  f9ff				  -	      RORG	$1FF80-bscode_length
   1895  f9ff				  -	      endif
   1896  f9ff					      else
   1897  ff9c					      ORG	$FF9C
   1898  ff9c					      endif
   1899  ff9c					      endif
   1900  ff9c
   1901  ff9c							; font equates
   1902  ff9c		       00 01	   .21stcentury =	1
   1903  ff9c		       00 02	   alarmclock =	2
   1904  ff9c		       00 03	   handwritten =	3
   1905  ff9c		       00 04	   interrupted =	4
   1906  ff9c		       00 05	   retroputer =	5
   1907  ff9c		       00 06	   whimsey    =	6
   1908  ff9c		       00 07	   tiny       =	7
   1909  ff9c		       00 08	   hex	      =	8
   1910  ff9c
   1911  ff9c				  -	      ifconst	font
   1912  ff9c				  -	      if	font == hex
   1913  ff9c				  -	      ORG	. - 48
   1914  ff9c				  -	      endif
   1915  ff9c					      endif
   1916  ff9c
   1917  ff9c				   scoretable
   1918  ff9c
   1919  ff9c				  -	      ifconst	font
   1920  ff9c				  -	      if	font == .21stcentury
   1921  ff9c				  -	      include	"score_graphics.asm.21stcentury"
   1922  ff9c				  -	      endif
   1923  ff9c				  -	      if	font == alarmclock
   1924  ff9c				  -	      include	"score_graphics.asm.alarmclock"
   1925  ff9c				  -	      endif
   1926  ff9c				  -	      if	font == handwritten
   1927  ff9c				  -	      include	"score_graphics.asm.handwritten"
   1928  ff9c				  -	      endif
   1929  ff9c				  -	      if	font == interrupted
   1930  ff9c				  -	      include	"score_graphics.asm.interrupted"
   1931  ff9c				  -	      endif
   1932  ff9c				  -	      if	font == retroputer
   1933  ff9c				  -	      include	"score_graphics.asm.retroputer"
   1934  ff9c				  -	      endif
   1935  ff9c				  -	      if	font == whimsey
   1936  ff9c				  -	      include	"score_graphics.asm.whimsey"
   1937  ff9c				  -	      endif
   1938  ff9c				  -	      if	font == tiny
   1939  ff9c				  -	      include	"score_graphics.asm.tiny"
   1940  ff9c				  -	      endif
   1941  ff9c				  -	      if	font == hex
   1942  ff9c				  -	      include	"score_graphics.asm.hex"
   1943  ff9c				  -	      endif
   1944  ff9c					      else		; default font
   1945  ff9c
   1946  ff9c		       3c		      .byte.b	%00111100
   1947  ff9d		       66		      .byte.b	%01100110
   1948  ff9e		       66		      .byte.b	%01100110
   1949  ff9f		       66		      .byte.b	%01100110
   1950  ffa0		       66		      .byte.b	%01100110
   1951  ffa1		       66		      .byte.b	%01100110
   1952  ffa2		       66		      .byte.b	%01100110
   1953  ffa3		       3c		      .byte.b	%00111100
   1954  ffa4
   1955  ffa4		       7e		      .byte.b	%01111110
   1956  ffa5		       18		      .byte.b	%00011000
   1957  ffa6		       18		      .byte.b	%00011000
   1958  ffa7		       18		      .byte.b	%00011000
   1959  ffa8		       18		      .byte.b	%00011000
   1960  ffa9		       38		      .byte.b	%00111000
   1961  ffaa		       18		      .byte.b	%00011000
   1962  ffab		       08		      .byte.b	%00001000
   1963  ffac
   1964  ffac		       7e		      .byte.b	%01111110
   1965  ffad		       60		      .byte.b	%01100000
   1966  ffae		       60		      .byte.b	%01100000
   1967  ffaf		       3c		      .byte.b	%00111100
   1968  ffb0		       06		      .byte.b	%00000110
   1969  ffb1		       06		      .byte.b	%00000110
   1970  ffb2		       46		      .byte.b	%01000110
   1971  ffb3		       3c		      .byte.b	%00111100
   1972  ffb4
   1973  ffb4		       3c		      .byte.b	%00111100
   1974  ffb5		       46		      .byte.b	%01000110
   1975  ffb6		       06		      .byte.b	%00000110
   1976  ffb7		       06		      .byte.b	%00000110
   1977  ffb8		       1c		      .byte.b	%00011100
   1978  ffb9		       06		      .byte.b	%00000110
   1979  ffba		       46		      .byte.b	%01000110
   1980  ffbb		       3c		      .byte.b	%00111100
   1981  ffbc
   1982  ffbc		       0c		      .byte.b	%00001100
   1983  ffbd		       0c		      .byte.b	%00001100
   1984  ffbe		       7e		      .byte.b	%01111110
   1985  ffbf		       4c		      .byte.b	%01001100
   1986  ffc0		       4c		      .byte.b	%01001100
   1987  ffc1		       2c		      .byte.b	%00101100
   1988  ffc2		       1c		      .byte.b	%00011100
   1989  ffc3		       0c		      .byte.b	%00001100
   1990  ffc4
   1991  ffc4		       3c		      .byte.b	%00111100
   1992  ffc5		       46		      .byte.b	%01000110
   1993  ffc6		       06		      .byte.b	%00000110
   1994  ffc7		       06		      .byte.b	%00000110
   1995  ffc8		       3c		      .byte.b	%00111100
   1996  ffc9		       60		      .byte.b	%01100000
   1997  ffca		       60		      .byte.b	%01100000
   1998  ffcb		       7e		      .byte.b	%01111110
   1999  ffcc
   2000  ffcc		       3c		      .byte.b	%00111100
   2001  ffcd		       66		      .byte.b	%01100110
   2002  ffce		       66		      .byte.b	%01100110
   2003  ffcf		       66		      .byte.b	%01100110
   2004  ffd0		       7c		      .byte.b	%01111100
   2005  ffd1		       60		      .byte.b	%01100000
   2006  ffd2		       62		      .byte.b	%01100010
   2007  ffd3		       3c		      .byte.b	%00111100
   2008  ffd4
   2009  ffd4		       30		      .byte.b	%00110000
   2010  ffd5		       30		      .byte.b	%00110000
   2011  ffd6		       30		      .byte.b	%00110000
   2012  ffd7		       18		      .byte.b	%00011000
   2013  ffd8		       0c		      .byte.b	%00001100
   2014  ffd9		       06		      .byte.b	%00000110
   2015  ffda		       42		      .byte.b	%01000010
   2016  ffdb		       3e		      .byte.b	%00111110
   2017  ffdc
   2018  ffdc		       3c		      .byte.b	%00111100
   2019  ffdd		       66		      .byte.b	%01100110
   2020  ffde		       66		      .byte.b	%01100110
   2021  ffdf		       66		      .byte.b	%01100110
   2022  ffe0		       3c		      .byte.b	%00111100
   2023  ffe1		       66		      .byte.b	%01100110
   2024  ffe2		       66		      .byte.b	%01100110
   2025  ffe3		       3c		      .byte.b	%00111100
   2026  ffe4
   2027  ffe4		       3c		      .byte.b	%00111100
   2028  ffe5		       46		      .byte.b	%01000110
   2029  ffe6		       06		      .byte.b	%00000110
   2030  ffe7		       3e		      .byte.b	%00111110
   2031  ffe8		       66		      .byte.b	%01100110
   2032  ffe9		       66		      .byte.b	%01100110
   2033  ffea		       66		      .byte.b	%01100110
   2034  ffeb		       3c		      .byte.b	%00111100
   2035  ffec
   2036  ffec					      ifnconst	DPC_kernel_options
   2037  ffec
   2038  ffec		       00		      .byte.b	%00000000
   2039  ffed		       00		      .byte.b	%00000000
   2040  ffee		       00		      .byte.b	%00000000
   2041  ffef		       00		      .byte.b	%00000000
   2042  fff0		       00		      .byte.b	%00000000
   2043  fff1		       00		      .byte.b	%00000000
   2044  fff2		       00		      .byte.b	%00000000
   2045  fff3		       00		      .byte.b	%00000000
   2046  fff4
   2047  fff4					      endif
   2048  fff4
   2049  fff4					      endif
   2050  fff4
   2051  fff4				  -	      ifconst	ROM2k
   2052  fff4				  -	      ORG	$F7FC
   2053  fff4					      else
   2054  fff4				  -	      ifconst	bankswitch
   2055  fff4				  -	      if	bankswitch == 8
   2056  fff4				  -	      ORG	$2FF4-bscode_length
   2057  fff4				  -	      RORG	$FFF4-bscode_length
   2058  fff4				  -	      endif
   2059  fff4				  -	      if	bankswitch == 16
   2060  fff4				  -	      ORG	$4FF4-bscode_length
   2061  fff4				  -	      RORG	$FFF4-bscode_length
   2062  fff4				  -	      endif
   2063  fff4				  -	      if	bankswitch == 32
   2064  fff4				  -	      ORG	$8FF4-bscode_length
   2065  fff4				  -	      RORG	$FFF4-bscode_length
   2066  fff4				  -	      endif
   2067  fff4				  -	      if	bankswitch == 64
   2068  fff4				  -	      ORG	$10FE0-bscode_length
   2069  fff4				  -	      RORG	$1FFE0-bscode_length
   2070  fff4				  -	      endif
   2071  fff4					      else
   2072  fffc					      ORG	$FFFC
   2073  fffc					      endif
   2074  fffc					      endif
   2075  fffc							; Provided under the CC0 license. See the included LICENSE.txt for details.
   2076  fffc
   2077  fffc				  -	      ifconst	bankswitch
   2078  fffc				  -	      if	bankswitch == 8
   2079  fffc				  -	      ORG	$2FFC
   2080  fffc				  -	      RORG	$FFFC
   2081  fffc				  -	      endif
   2082  fffc				  -	      if	bankswitch == 16
   2083  fffc				  -	      ORG	$4FFC
   2084  fffc				  -	      RORG	$FFFC
   2085  fffc				  -	      endif
   2086  fffc				  -	      if	bankswitch == 32
   2087  fffc				  -	      ORG	$8FFC
   2088  fffc				  -	      RORG	$FFFC
   2089  fffc				  -	      endif
   2090  fffc				  -	      if	bankswitch == 64
   2091  fffc				  -	      ORG	$10FF0
   2092  fffc				  -	      RORG	$1FFF0
   2093  fffc				  -	      lda	$ffe0	; we use wasted space to assist stella with EF format auto-detection
   2094  fffc				  -	      ORG	$10FF8
   2095  fffc				  -	      RORG	$1FFF8
   2096  fffc				  -	      ifconst	superchip
   2097  fffc				  -	      .byte	"E","F","S","C"
   2098  fffc				  -	      else
   2099  fffc				  -	      .byte	"E","F","E","F"
   2100  fffc				  -	      endif
   2101  fffc				  -	      ORG	$10FFC
   2102  fffc				  -	      RORG	$1FFFC
   2103  fffc				  -	      endif
   2104  fffc					      else
   2105  fffc				  -	      ifconst	ROM2k
   2106  fffc				  -	      ORG	$F7FC
   2107  fffc					      else
   2108  fffc					      ORG	$FFFC
   2109  fffc					      endif
   2110  fffc					      endif
   2111  fffc		       00 f0		      .word.w	(start & $ffff)
   2112  fffe		       00 f0		      .word.w	(start & $ffff)
