------- FILE cannonstxt.bas.asm LEVEL 1 PASS 3
      1  10000 ????						; Provided under the CC0 license. See the included LICENSE.txt for details.
      2  10000 ????
      3  10000 ????				       processor	6502
------- FILE vcs.h LEVEL 2 PASS 3
      0  10000 ????				       include	"vcs.h"
      1  10000 ????						; Provided under the CC0 license. See the included LICENSE.txt for details.
      2  10000 ????
      3  10000 ????						; VCS.H
      4  10000 ????						; Version 1.05, 13/November/2003
      5  10000 ????
      6  10000 ????		00 69	    VERSION_VCS =	105
      7  10000 ????
      8  10000 ????						; THIS IS A PRELIMINARY RELEASE OF *THE* "STANDARD" VCS.H
      9  10000 ????						; THIS FILE IS EXPLICITLY SUPPORTED AS A DASM-PREFERRED COMPANION FILE
     10  10000 ????						; PLEASE DO *NOT* REDISTRIBUTE THIS FILE!
     11  10000 ????						;
     12  10000 ????						; This file defines hardware registers and memory mapping for the
     13  10000 ????						; Atari 2600. It is distributed as a companion machine-specific support package
     14  10000 ????						; for the DASM compiler. Updates to this file, DASM, and associated tools are
     15  10000 ????						; available at at http://www.atari2600.org/dasm
     16  10000 ????						;
     17  10000 ????						; Many thanks to the original author(s) of this file, and to everyone who has
     18  10000 ????						; contributed to understanding the Atari 2600.  If you take issue with the
     19  10000 ????						; contents, or naming of registers, please write to me (atari2600@taswegian.com)
     20  10000 ????						; with your views.  Please contribute, if you think you can improve this
     21  10000 ????						; file!
     22  10000 ????						;
     23  10000 ????						; Latest Revisions...
     24  10000 ????						; 1.05  13/NOV/2003	  - Correction to 1.04 - now functions as requested by MR.
     25  10000 ????						;			  - Added VERSION_VCS equate (which will reflect 100x version #)
     26  10000 ????						;			    This will allow conditional code to verify VCS.H being
     27  10000 ????						;			    used for code assembly.
     28  10000 ????						; 1.04  12/NOV/2003	 Added TIA_BASE_WRITE_ADDRESS and TIA_BASE_READ_ADDRESS for
     29  10000 ????						;			 convenient disassembly/reassembly compatibility for hardware
     30  10000 ????						;			 mirrored reading/writing differences.	This is more a 
     31  10000 ????						;			 readability issue, and binary compatibility with disassembled
     32  10000 ????						;			 and reassembled sources.  Per Manuel Rotschkar's suggestion.
     33  10000 ????						; 1.03  12/MAY/2003	 Added SEG segment at end of file to fix old-code compatibility
     34  10000 ????						;			 which was broken by the use of segments in this file, as
     35  10000 ????						;			 reported by Manuel Polik on [stella] 11/MAY/2003
     36  10000 ????						; 1.02  22/MAR/2003	 Added TIMINT($285)
     37  10000 ????						; 1.01				Constant offset added to allow use for 3F-style bankswitching
     38  10000 ????						;						 - define TIA_BASE_ADDRESS as $40 for Tigervision carts, otherwise
     39  10000 ????						;						   it is safe to leave it undefined, and the base address will
     40  10000 ????						;						   be set to 0.  Thanks to Eckhard Stolberg for the suggestion.
     41  10000 ????						;			    Note, may use -DLABEL=EXPRESSION to define TIA_BASE_ADDRESS
     42  10000 ????						;			  - register definitions are now generated through assignment
     43  10000 ????						;			    in uninitialised segments.	This allows a changeable base
     44  10000 ????						;			    address architecture.
     45  10000 ????						; 1.0	22/MAR/2003		Initial release
     46  10000 ????
     47  10000 ????
     48  10000 ????						;-------------------------------------------------------------------------------
     49  10000 ????
     50  10000 ????						; TIA_BASE_ADDRESS
     51  10000 ????						; The TIA_BASE_ADDRESS defines the base address of access to TIA registers.
     52  10000 ????						; Normally 0, the base address should (externally, before including this file)
     53  10000 ????						; be set to $40 when creating 3F-bankswitched (and other?) cartridges.
     54  10000 ????						; The reason is that this bankswitching scheme treats any access to locations
     55  10000 ????						; < $40 as a bankswitch.
     56  10000 ????
     57  10000 ????			   -	       IFNCONST	TIA_BASE_ADDRESS
     58  10000 ????			   -TIA_BASE_ADDRESS =	0
     59  10000 ????				       ENDIF
     60  10000 ????
     61  10000 ????						; Note: The address may be defined on the command-line using the -D switch, eg:
     62  10000 ????						; dasm.exe code.asm -DTIA_BASE_ADDRESS=$40 -f3 -v5 -ocode.bin
     63  10000 ????						; *OR* by declaring the label before including this file, eg:
     64  10000 ????						; TIA_BASE_ADDRESS = $40
     65  10000 ????						;   include "vcs.h"
     66  10000 ????
     67  10000 ????						; Alternate read/write address capability - allows for some disassembly compatibility
     68  10000 ????						; usage ; to allow reassembly to binary perfect copies).  This is essentially catering
     69  10000 ????						; for the mirrored ROM hardware registers.
     70  10000 ????
     71  10000 ????						; Usage: As per above, define the TIA_BASE_READ_ADDRESS and/or TIA_BASE_WRITE_ADDRESS
     72  10000 ????						; using the -D command-line switch, as required.  If the addresses are not defined, 
     73  10000 ????						; they defaut to the TIA_BASE_ADDRESS.
     74  10000 ????
     75  10000 ????			   -	       IFNCONST	TIA_BASE_READ_ADDRESS
     76  10000 ????			   -TIA_BASE_READ_ADDRESS =	TIA_BASE_ADDRESS
     77  10000 ????				       ENDIF
     78  10000 ????
     79  10000 ????			   -	       IFNCONST	TIA_BASE_WRITE_ADDRESS
     80  10000 ????			   -TIA_BASE_WRITE_ADDRESS =	TIA_BASE_ADDRESS
     81  10000 ????				       ENDIF
     82  10000 ????
     83  10000 ????						;-------------------------------------------------------------------------------
     84  10000 ????
     85 U002d ????				      SEG.U	TIA_REGISTERS_WRITE
     86 U0000					      ORG	TIA_BASE_WRITE_ADDRESS
     87 U0000
     88 U0000							; DO NOT CHANGE THE RELATIVE ORDERING OF REGISTERS!
     89 U0000
     90 U0000		       00	   VSYNC      ds	1	; $00	 0000 00x0   Vertical Sync Set-Clear
     91 U0001		       00	   VBLANK     ds	1	; $01	 xx00 00x0   Vertical Blank Set-Clear
     92 U0002		       00	   WSYNC      ds	1	; $02	 ---- ----   Wait for Horizontal Blank
     93 U0003		       00	   RSYNC      ds	1	; $03	 ---- ----   Reset Horizontal Sync Counter
     94 U0004		       00	   NUSIZ0     ds	1	; $04	 00xx 0xxx   Number-Size player/missle 0
     95 U0005		       00	   NUSIZ1     ds	1	; $05	 00xx 0xxx   Number-Size player/missle 1
     96 U0006		       00	   COLUP0     ds	1	; $06	 xxxx xxx0   Color-Luminance Player 0
     97 U0007		       00	   COLUP1     ds	1	; $07	 xxxx xxx0   Color-Luminance Player 1
     98 U0008		       00	   COLUPF     ds	1	; $08	 xxxx xxx0   Color-Luminance Playfield
     99 U0009		       00	   COLUBK     ds	1	; $09	 xxxx xxx0   Color-Luminance Background
    100 U000a		       00	   CTRLPF     ds	1	; $0A	 00xx 0xxx   Control Playfield, Ball, Collisions
    101 U000b		       00	   REFP0      ds	1	; $0B	 0000 x000   Reflection Player 0
    102 U000c		       00	   REFP1      ds	1	; $0C	 0000 x000   Reflection Player 1
    103 U000d		       00	   PF0	      ds	1	; $0D	 xxxx 0000   Playfield Register Byte 0
    104 U000e		       00	   PF1	      ds	1	; $0E	 xxxx xxxx   Playfield Register Byte 1
    105 U000f		       00	   PF2	      ds	1	; $0F	 xxxx xxxx   Playfield Register Byte 2
    106 U0010		       00	   RESP0      ds	1	; $10	 ---- ----   Reset Player 0
    107 U0011		       00	   RESP1      ds	1	; $11	 ---- ----   Reset Player 1
    108 U0012		       00	   RESM0      ds	1	; $12	 ---- ----   Reset Missle 0
    109 U0013		       00	   RESM1      ds	1	; $13	 ---- ----   Reset Missle 1
    110 U0014		       00	   RESBL      ds	1	; $14	 ---- ----   Reset Ball
    111 U0015		       00	   AUDC0      ds	1	; $15	 0000 xxxx   Audio Control 0
    112 U0016		       00	   AUDC1      ds	1	; $16	 0000 xxxx   Audio Control 1
    113 U0017		       00	   AUDF0      ds	1	; $17	 000x xxxx   Audio Frequency 0
    114 U0018		       00	   AUDF1      ds	1	; $18	 000x xxxx   Audio Frequency 1
    115 U0019		       00	   AUDV0      ds	1	; $19	 0000 xxxx   Audio Volume 0
    116 U001a		       00	   AUDV1      ds	1	; $1A	 0000 xxxx   Audio Volume 1
    117 U001b		       00	   GRP0       ds	1	; $1B	 xxxx xxxx   Graphics Register Player 0
    118 U001c		       00	   GRP1       ds	1	; $1C	 xxxx xxxx   Graphics Register Player 1
    119 U001d		       00	   ENAM0      ds	1	; $1D	 0000 00x0   Graphics Enable Missle 0
    120 U001e		       00	   ENAM1      ds	1	; $1E	 0000 00x0   Graphics Enable Missle 1
    121 U001f		       00	   ENABL      ds	1	; $1F	 0000 00x0   Graphics Enable Ball
    122 U0020		       00	   HMP0       ds	1	; $20	 xxxx 0000   Horizontal Motion Player 0
    123 U0021		       00	   HMP1       ds	1	; $21	 xxxx 0000   Horizontal Motion Player 1
    124 U0022		       00	   HMM0       ds	1	; $22	 xxxx 0000   Horizontal Motion Missle 0
    125 U0023		       00	   HMM1       ds	1	; $23	 xxxx 0000   Horizontal Motion Missle 1
    126 U0024		       00	   HMBL       ds	1	; $24	 xxxx 0000   Horizontal Motion Ball
    127 U0025		       00	   VDELP0     ds	1	; $25	 0000 000x   Vertical Delay Player 0
    128 U0026		       00	   VDELP1     ds	1	; $26	 0000 000x   Vertical Delay Player 1
    129 U0027		       00	   VDELBL     ds	1	; $27	 0000 000x   Vertical Delay Ball
    130 U0028		       00	   RESMP0     ds	1	; $28	 0000 00x0   Reset Missle 0 to Player 0
    131 U0029		       00	   RESMP1     ds	1	; $29	 0000 00x0   Reset Missle 1 to Player 1
    132 U002a		       00	   HMOVE      ds	1	; $2A	 ---- ----   Apply Horizontal Motion
    133 U002b		       00	   HMCLR      ds	1	; $2B	 ---- ----   Clear Horizontal Move Registers
    134 U002c		       00	   CXCLR      ds	1	; $2C	 ---- ----   Clear Collision Latches
    135 U002d
    136 U002d							;-------------------------------------------------------------------------------
    137 U002d
    138 U000e ????				      SEG.U	TIA_REGISTERS_READ
    139 U0000					      ORG	TIA_BASE_READ_ADDRESS
    140 U0000
    141 U0000							;											bit 7	 bit 6
    142 U0000		       00	   CXM0P      ds	1	; $00	     xx00 0000	     Read Collision  M0-P1   M0-P0
    143 U0001		       00	   CXM1P      ds	1	; $01	     xx00 0000			     M1-P0   M1-P1
    144 U0002		       00	   CXP0FB     ds	1	; $02	     xx00 0000			     P0-PF   P0-BL
    145 U0003		       00	   CXP1FB     ds	1	; $03	     xx00 0000			     P1-PF   P1-BL
    146 U0004		       00	   CXM0FB     ds	1	; $04	     xx00 0000			     M0-PF   M0-BL
    147 U0005		       00	   CXM1FB     ds	1	; $05	     xx00 0000			     M1-PF   M1-BL
    148 U0006		       00	   CXBLPF     ds	1	; $06	     x000 0000			     BL-PF   -----
    149 U0007		       00	   CXPPMM     ds	1	; $07	     xx00 0000			     P0-P1   M0-M1
    150 U0008		       00	   INPT0      ds	1	; $08	     x000 0000	     Read Pot Port 0
    151 U0009		       00	   INPT1      ds	1	; $09	     x000 0000	     Read Pot Port 1
    152 U000a		       00	   INPT2      ds	1	; $0A	     x000 0000	     Read Pot Port 2
    153 U000b		       00	   INPT3      ds	1	; $0B	     x000 0000	     Read Pot Port 3
    154 U000c		       00	   INPT4      ds	1	; $0C		x000 0000	 Read Input (Trigger) 0
    155 U000d		       00	   INPT5      ds	1	; $0D		x000 0000	 Read Input (Trigger) 1
    156 U000e
    157 U000e							;-------------------------------------------------------------------------------
    158 U000e
    159 U0298 ????				      SEG.U	RIOT
    160 U0280					      ORG	$280
    161 U0280
    162 U0280							; RIOT MEMORY MAP
    163 U0280
    164 U0280		       00	   SWCHA      ds	1	; $280      Port A data register for joysticks:
    165 U0281							;			Bits 4-7 for player 1.  Bits 0-3 for player 2.
    166 U0281
    167 U0281		       00	   SWACNT     ds	1	; $281      Port A data direction register (DDR)
    168 U0282		       00	   SWCHB      ds	1	; $282		Port B data (console switches)
    169 U0283		       00	   SWBCNT     ds	1	; $283      Port B DDR
    170 U0284		       00	   INTIM      ds	1	; $284		Timer output
    171 U0285
    172 U0285		       00	   TIMINT     ds	1	; $285
    173 U0286
    174 U0286							; Unused/undefined registers ($285-$294)
    175 U0286
    176 U0286		       00		      ds	1	; $286
    177 U0287		       00		      ds	1	; $287
    178 U0288		       00		      ds	1	; $288
    179 U0289		       00		      ds	1	; $289
    180 U028a		       00		      ds	1	; $28A
    181 U028b		       00		      ds	1	; $28B
    182 U028c		       00		      ds	1	; $28C
    183 U028d		       00		      ds	1	; $28D
    184 U028e		       00		      ds	1	; $28E
    185 U028f		       00		      ds	1	; $28F
    186 U0290		       00		      ds	1	; $290
    187 U0291		       00		      ds	1	; $291
    188 U0292		       00		      ds	1	; $292
    189 U0293		       00		      ds	1	; $293
    190 U0294
    191 U0294		       00	   TIM1T      ds	1	; $294		set 1 clock interval
    192 U0295		       00	   TIM8T      ds	1	; $295      set 8 clock interval
    193 U0296		       00	   TIM64T     ds	1	; $296      set 64 clock interval
    194 U0297		       00	   T1024T     ds	1	; $297      set 1024 clock interval
    195 U0298
    196 U0298							;-------------------------------------------------------------------------------
    197 U0298							; The following required for back-compatibility with code which does not use
    198 U0298							; segments.
    199 U0298
    200  10000 ????				       SEG
    201  10000 ????
    202  10000 ????						; EOF
------- FILE cannonstxt.bas.asm
------- FILE macro.h LEVEL 2 PASS 3
      0  10000 ????				       include	"macro.h"
      1  10000 ????						; Provided under the CC0 license. See the included LICENSE.txt for details.
      2  10000 ????
      3  10000 ????						; MACRO.H
      4  10000 ????						; Version 1.05, 13/NOVEMBER/2003
      5  10000 ????
      6  10000 ????		00 69	    VERSION_MACRO =	105
      7  10000 ????
      8  10000 ????						;
      9  10000 ????						; THIS FILE IS EXPLICITLY SUPPORTED AS A DASM-PREFERRED COMPANION FILE
     10  10000 ????						; PLEASE DO *NOT* REDISTRIBUTE MODIFIED VERSIONS OF THIS FILE!
     11  10000 ????						;
     12  10000 ????						; This file defines DASM macros useful for development for the Atari 2600.
     13  10000 ????						; It is distributed as a companion machine-specific support package
     14  10000 ????						; for the DASM compiler. Updates to this file, DASM, and associated tools are
     15  10000 ????						; available at at http://www.atari2600.org/dasm
     16  10000 ????						;
     17  10000 ????						; Many thanks to the people who have contributed.  If you take issue with the
     18  10000 ????						; contents, or would like to add something, please write to me
     19  10000 ????						; (atari2600@taswegian.com) with your contribution.
     20  10000 ????						;
     21  10000 ????						; Latest Revisions...
     22  10000 ????						;
     23  10000 ????						; 1.05  14/NOV/2003	  - Added VERSION_MACRO equate (which will reflect 100x version #)
     24  10000 ????						;			    This will allow conditional code to verify MACRO.H being
     25  10000 ????						;			    used for code assembly.
     26  10000 ????						; 1.04  13/NOV/2003	 - SET_POINTER macro added (16-bit address load)
     27  10000 ????						;
     28  10000 ????						; 1.03  23/JUN/2003	 - CLEAN_START macro added - clears TIA, RAM, registers
     29  10000 ????						;
     30  10000 ????						; 1.02  14/JUN/2003	 - VERTICAL_SYNC macro added
     31  10000 ????						;			   (standardised macro for vertical synch code)
     32  10000 ????						; 1.01  22/MAR/2003	 - SLEEP macro added. 
     33  10000 ????						;			 - NO_ILLEGAL_OPCODES switch implemented
     34  10000 ????						; 1.0	22/MAR/2003		Initial release
     35  10000 ????
     36  10000 ????						; Note: These macros use illegal opcodes.  To disable illegal opcode usage, 
     37  10000 ????						;   define the symbol NO_ILLEGAL_OPCODES (-DNO_ILLEGAL_OPCODES=1 on command-line).
     38  10000 ????						;   If you do not allow illegal opcode usage, you must include this file 
     39  10000 ????						;   *after* including VCS.H (as the non-illegal opcodes access hardware
     40  10000 ????						;   registers and require them to be defined first).
     41  10000 ????
     42  10000 ????						; Available macros...
     43  10000 ????						;   SLEEP n		 - sleep for n cycles
     44  10000 ????						;   VERTICAL_SYNC	 - correct 3 scanline vertical synch code
     45  10000 ????						;   CLEAN_START	 - set machine to known state on startup
     46  10000 ????						;   SET_POINTER	 - load a 16-bit absolute to a 16-bit variable
     47  10000 ????
     48  10000 ????						;-------------------------------------------------------------------------------
     49  10000 ????						; SLEEP duration
     50  10000 ????						; Original author: Thomas Jentzsch
     51  10000 ????						; Inserts code which takes the specified number of cycles to execute.	This is
     52  10000 ????						; useful for code where precise timing is required.
     53  10000 ????						; ILLEGAL-OPCODE VERSION DOES NOT AFFECT FLAGS OR REGISTERS.
     54  10000 ????						; LEGAL OPCODE VERSION MAY AFFECT FLAGS
     55  10000 ????						; Uses illegal opcode (DASM 2.20.01 onwards).
     56  10000 ????
     57  10000 ????				       MAC	sleep
     58  10000 ????			    .CYCLES    SET	{1}
     59  10000 ????
     60  10000 ????				       IF	.CYCLES < 2
     61  10000 ????				       ECHO	"MACRO ERROR: 'SLEEP': Duration must be > 1"
     62  10000 ????				       ERR
     63  10000 ????				       ENDIF
     64  10000 ????
     65  10000 ????				       IF	.CYCLES & 1
     66  10000 ????				       IFNCONST	NO_ILLEGAL_OPCODES
     67  10000 ????				       nop	0
     68  10000 ????				       ELSE
     69  10000 ????				       bit	VSYNC
     70  10000 ????				       ENDIF
     71  10000 ????			    .CYCLES    SET	.CYCLES - 3
     72  10000 ????				       ENDIF
     73  10000 ????
     74  10000 ????				       REPEAT	.CYCLES / 2
     75  10000 ????				       nop
     76  10000 ????				       REPEND
     77  10000 ????				       ENDM		;usage: SLEEP n (n>1)
     78  10000 ????
     79  10000 ????						;-------------------------------------------------------------------------------
     80  10000 ????						; VERTICAL_SYNC
     81  10000 ????						; Original author: Manuel Polik
     82  10000 ????						; Inserts the code required for a proper 3 scannline 
     83  10000 ????						; vertical sync sequence
     84  10000 ????						;
     85  10000 ????						; Note: Alters the accumulator
     86  10000 ????						;
     87  10000 ????						; IN:
     88  10000 ????						; OUT: A = 1
     89  10000 ????
     90  10000 ????				       MAC	vertical_sync
     91  10000 ????				       LDA	#$02	; A = VSYNC enable
     92  10000 ????				       STA	WSYNC	; Finish current line
     93  10000 ????				       STA	VSYNC	; Start vertical sync
     94  10000 ????				       STA	WSYNC	; 1st line vertical sync
     95  10000 ????				       STA	WSYNC	; 2nd line vertical sync
     96  10000 ????				       LSR		; A = VSYNC disable
     97  10000 ????				       STA	WSYNC	; 3rd line vertical sync
     98  10000 ????				       STA	VSYNC	; Stop vertical sync
     99  10000 ????				       ENDM
    100  10000 ????
    101  10000 ????						;-------------------------------------------------------------------------------
    102  10000 ????						; CLEAN_START
    103  10000 ????						; Original author: Andrew Davie
    104  10000 ????						; Standardised start-up code, clears stack, all TIA registers and RAM to 0
    105  10000 ????						; Sets stack pointer to $FF, and all registers to 0
    106  10000 ????						; Sets decimal mode off, sets interrupt flag (kind of un-necessary)
    107  10000 ????						; Use as very first section of code on boot (ie: at reset)
    108  10000 ????						; Code written to minimise total ROM usage - uses weird 6502 knowledge :)
    109  10000 ????
    110  10000 ????				       MAC	clean_start
    111  10000 ????				       sei
    112  10000 ????				       cld
    113  10000 ????
    114  10000 ????				       ldx	#0
    115  10000 ????				       txa
    116  10000 ????				       tay
    117  10000 ????			    .CLEAR_STACK dex
    118  10000 ????				       txs
    119  10000 ????				       pha
    120  10000 ????				       bne	.CLEAR_STACK	; SP=$FF, X = A = Y = 0
    121  10000 ????
    122  10000 ????				       ENDM
    123  10000 ????
    124  10000 ????						;-------------------------------------------------------
    125  10000 ????						; SET_POINTER
    126  10000 ????						; Original author: Manuel Rotschkar
    127  10000 ????						;
    128  10000 ????						; Sets a 2 byte RAM pointer to an absolute address.
    129  10000 ????						;
    130  10000 ????						; Usage: SET_POINTER pointer, address
    131  10000 ????						; Example: SET_POINTER SpritePTR, SpriteData
    132  10000 ????						;
    133  10000 ????						; Note: Alters the accumulator, NZ flags
    134  10000 ????						; IN 1: 2 byte RAM location reserved for pointer
    135  10000 ????						; IN 2: absolute address
    136  10000 ????
    137  10000 ????				       MAC	set_pointer
    138  10000 ????			    .POINTER   SET	{1}
    139  10000 ????			    .ADDRESS   SET	{2}
    140  10000 ????
    141  10000 ????				       LDA	#<.ADDRESS	; Get Lowbyte of Address
    142  10000 ????				       STA	.POINTER	; Store in pointer
    143  10000 ????				       LDA	#>.ADDRESS	; Get Hibyte of Address
    144  10000 ????				       STA	.POINTER+1	; Store in pointer+1
    145  10000 ????
    146  10000 ????				       ENDM
    147  10000 ????
    148  10000 ????						; EOF
------- FILE cannonstxt.bas.asm
------- FILE 2600basic.h LEVEL 2 PASS 3
      0  10000 ????				       include	"2600basic.h"
      1  10000 ????						; Provided under the CC0 license. See the included LICENSE.txt for details.
      2  10000 ????
      3  10000 ????				       processor	6502
------- FILE vcs.h LEVEL 3 PASS 3
      0  10000 ????				       include	"vcs.h"
      1  10000 ????						; Provided under the CC0 license. See the included LICENSE.txt for details.
      2  10000 ????
      3  10000 ????						; VCS.H
      4  10000 ????						; Version 1.05, 13/November/2003
      5  10000 ????
      6  10000 ????		00 69	    VERSION_VCS =	105
      7  10000 ????
      8  10000 ????						; THIS IS A PRELIMINARY RELEASE OF *THE* "STANDARD" VCS.H
      9  10000 ????						; THIS FILE IS EXPLICITLY SUPPORTED AS A DASM-PREFERRED COMPANION FILE
     10  10000 ????						; PLEASE DO *NOT* REDISTRIBUTE THIS FILE!
     11  10000 ????						;
     12  10000 ????						; This file defines hardware registers and memory mapping for the
     13  10000 ????						; Atari 2600. It is distributed as a companion machine-specific support package
     14  10000 ????						; for the DASM compiler. Updates to this file, DASM, and associated tools are
     15  10000 ????						; available at at http://www.atari2600.org/dasm
     16  10000 ????						;
     17  10000 ????						; Many thanks to the original author(s) of this file, and to everyone who has
     18  10000 ????						; contributed to understanding the Atari 2600.  If you take issue with the
     19  10000 ????						; contents, or naming of registers, please write to me (atari2600@taswegian.com)
     20  10000 ????						; with your views.  Please contribute, if you think you can improve this
     21  10000 ????						; file!
     22  10000 ????						;
     23  10000 ????						; Latest Revisions...
     24  10000 ????						; 1.05  13/NOV/2003	  - Correction to 1.04 - now functions as requested by MR.
     25  10000 ????						;			  - Added VERSION_VCS equate (which will reflect 100x version #)
     26  10000 ????						;			    This will allow conditional code to verify VCS.H being
     27  10000 ????						;			    used for code assembly.
     28  10000 ????						; 1.04  12/NOV/2003	 Added TIA_BASE_WRITE_ADDRESS and TIA_BASE_READ_ADDRESS for
     29  10000 ????						;			 convenient disassembly/reassembly compatibility for hardware
     30  10000 ????						;			 mirrored reading/writing differences.	This is more a 
     31  10000 ????						;			 readability issue, and binary compatibility with disassembled
     32  10000 ????						;			 and reassembled sources.  Per Manuel Rotschkar's suggestion.
     33  10000 ????						; 1.03  12/MAY/2003	 Added SEG segment at end of file to fix old-code compatibility
     34  10000 ????						;			 which was broken by the use of segments in this file, as
     35  10000 ????						;			 reported by Manuel Polik on [stella] 11/MAY/2003
     36  10000 ????						; 1.02  22/MAR/2003	 Added TIMINT($285)
     37  10000 ????						; 1.01				Constant offset added to allow use for 3F-style bankswitching
     38  10000 ????						;						 - define TIA_BASE_ADDRESS as $40 for Tigervision carts, otherwise
     39  10000 ????						;						   it is safe to leave it undefined, and the base address will
     40  10000 ????						;						   be set to 0.  Thanks to Eckhard Stolberg for the suggestion.
     41  10000 ????						;			    Note, may use -DLABEL=EXPRESSION to define TIA_BASE_ADDRESS
     42  10000 ????						;			  - register definitions are now generated through assignment
     43  10000 ????						;			    in uninitialised segments.	This allows a changeable base
     44  10000 ????						;			    address architecture.
     45  10000 ????						; 1.0	22/MAR/2003		Initial release
     46  10000 ????
     47  10000 ????
     48  10000 ????						;-------------------------------------------------------------------------------
     49  10000 ????
     50  10000 ????						; TIA_BASE_ADDRESS
     51  10000 ????						; The TIA_BASE_ADDRESS defines the base address of access to TIA registers.
     52  10000 ????						; Normally 0, the base address should (externally, before including this file)
     53  10000 ????						; be set to $40 when creating 3F-bankswitched (and other?) cartridges.
     54  10000 ????						; The reason is that this bankswitching scheme treats any access to locations
     55  10000 ????						; < $40 as a bankswitch.
     56  10000 ????
     57  10000 ????			   -	       IFNCONST	TIA_BASE_ADDRESS
     58  10000 ????			   -TIA_BASE_ADDRESS =	0
     59  10000 ????				       ENDIF
     60  10000 ????
     61  10000 ????						; Note: The address may be defined on the command-line using the -D switch, eg:
     62  10000 ????						; dasm.exe code.asm -DTIA_BASE_ADDRESS=$40 -f3 -v5 -ocode.bin
     63  10000 ????						; *OR* by declaring the label before including this file, eg:
     64  10000 ????						; TIA_BASE_ADDRESS = $40
     65  10000 ????						;   include "vcs.h"
     66  10000 ????
     67  10000 ????						; Alternate read/write address capability - allows for some disassembly compatibility
     68  10000 ????						; usage ; to allow reassembly to binary perfect copies).  This is essentially catering
     69  10000 ????						; for the mirrored ROM hardware registers.
     70  10000 ????
     71  10000 ????						; Usage: As per above, define the TIA_BASE_READ_ADDRESS and/or TIA_BASE_WRITE_ADDRESS
     72  10000 ????						; using the -D command-line switch, as required.  If the addresses are not defined, 
     73  10000 ????						; they defaut to the TIA_BASE_ADDRESS.
     74  10000 ????
     75  10000 ????			   -	       IFNCONST	TIA_BASE_READ_ADDRESS
     76  10000 ????			   -TIA_BASE_READ_ADDRESS =	TIA_BASE_ADDRESS
     77  10000 ????				       ENDIF
     78  10000 ????
     79  10000 ????			   -	       IFNCONST	TIA_BASE_WRITE_ADDRESS
     80  10000 ????			   -TIA_BASE_WRITE_ADDRESS =	TIA_BASE_ADDRESS
     81  10000 ????				       ENDIF
     82  10000 ????
     83  10000 ????						;-------------------------------------------------------------------------------
     84  10000 ????
     85 U002d					      SEG.U	TIA_REGISTERS_WRITE
     86 U0000					      ORG	TIA_BASE_WRITE_ADDRESS
     87 U0000
     88 U0000							; DO NOT CHANGE THE RELATIVE ORDERING OF REGISTERS!
     89 U0000
     90 U0000		       00	   VSYNC      ds	1	; $00	 0000 00x0   Vertical Sync Set-Clear
     91 U0001		       00	   VBLANK     ds	1	; $01	 xx00 00x0   Vertical Blank Set-Clear
     92 U0002		       00	   WSYNC      ds	1	; $02	 ---- ----   Wait for Horizontal Blank
     93 U0003		       00	   RSYNC      ds	1	; $03	 ---- ----   Reset Horizontal Sync Counter
     94 U0004		       00	   NUSIZ0     ds	1	; $04	 00xx 0xxx   Number-Size player/missle 0
     95 U0005		       00	   NUSIZ1     ds	1	; $05	 00xx 0xxx   Number-Size player/missle 1
     96 U0006		       00	   COLUP0     ds	1	; $06	 xxxx xxx0   Color-Luminance Player 0
     97 U0007		       00	   COLUP1     ds	1	; $07	 xxxx xxx0   Color-Luminance Player 1
     98 U0008		       00	   COLUPF     ds	1	; $08	 xxxx xxx0   Color-Luminance Playfield
     99 U0009		       00	   COLUBK     ds	1	; $09	 xxxx xxx0   Color-Luminance Background
    100 U000a		       00	   CTRLPF     ds	1	; $0A	 00xx 0xxx   Control Playfield, Ball, Collisions
    101 U000b		       00	   REFP0      ds	1	; $0B	 0000 x000   Reflection Player 0
    102 U000c		       00	   REFP1      ds	1	; $0C	 0000 x000   Reflection Player 1
    103 U000d		       00	   PF0	      ds	1	; $0D	 xxxx 0000   Playfield Register Byte 0
    104 U000e		       00	   PF1	      ds	1	; $0E	 xxxx xxxx   Playfield Register Byte 1
    105 U000f		       00	   PF2	      ds	1	; $0F	 xxxx xxxx   Playfield Register Byte 2
    106 U0010		       00	   RESP0      ds	1	; $10	 ---- ----   Reset Player 0
    107 U0011		       00	   RESP1      ds	1	; $11	 ---- ----   Reset Player 1
    108 U0012		       00	   RESM0      ds	1	; $12	 ---- ----   Reset Missle 0
    109 U0013		       00	   RESM1      ds	1	; $13	 ---- ----   Reset Missle 1
    110 U0014		       00	   RESBL      ds	1	; $14	 ---- ----   Reset Ball
    111 U0015		       00	   AUDC0      ds	1	; $15	 0000 xxxx   Audio Control 0
    112 U0016		       00	   AUDC1      ds	1	; $16	 0000 xxxx   Audio Control 1
    113 U0017		       00	   AUDF0      ds	1	; $17	 000x xxxx   Audio Frequency 0
    114 U0018		       00	   AUDF1      ds	1	; $18	 000x xxxx   Audio Frequency 1
    115 U0019		       00	   AUDV0      ds	1	; $19	 0000 xxxx   Audio Volume 0
    116 U001a		       00	   AUDV1      ds	1	; $1A	 0000 xxxx   Audio Volume 1
    117 U001b		       00	   GRP0       ds	1	; $1B	 xxxx xxxx   Graphics Register Player 0
    118 U001c		       00	   GRP1       ds	1	; $1C	 xxxx xxxx   Graphics Register Player 1
    119 U001d		       00	   ENAM0      ds	1	; $1D	 0000 00x0   Graphics Enable Missle 0
    120 U001e		       00	   ENAM1      ds	1	; $1E	 0000 00x0   Graphics Enable Missle 1
    121 U001f		       00	   ENABL      ds	1	; $1F	 0000 00x0   Graphics Enable Ball
    122 U0020		       00	   HMP0       ds	1	; $20	 xxxx 0000   Horizontal Motion Player 0
    123 U0021		       00	   HMP1       ds	1	; $21	 xxxx 0000   Horizontal Motion Player 1
    124 U0022		       00	   HMM0       ds	1	; $22	 xxxx 0000   Horizontal Motion Missle 0
    125 U0023		       00	   HMM1       ds	1	; $23	 xxxx 0000   Horizontal Motion Missle 1
    126 U0024		       00	   HMBL       ds	1	; $24	 xxxx 0000   Horizontal Motion Ball
    127 U0025		       00	   VDELP0     ds	1	; $25	 0000 000x   Vertical Delay Player 0
    128 U0026		       00	   VDELP1     ds	1	; $26	 0000 000x   Vertical Delay Player 1
    129 U0027		       00	   VDELBL     ds	1	; $27	 0000 000x   Vertical Delay Ball
    130 U0028		       00	   RESMP0     ds	1	; $28	 0000 00x0   Reset Missle 0 to Player 0
    131 U0029		       00	   RESMP1     ds	1	; $29	 0000 00x0   Reset Missle 1 to Player 1
    132 U002a		       00	   HMOVE      ds	1	; $2A	 ---- ----   Apply Horizontal Motion
    133 U002b		       00	   HMCLR      ds	1	; $2B	 ---- ----   Clear Horizontal Move Registers
    134 U002c		       00	   CXCLR      ds	1	; $2C	 ---- ----   Clear Collision Latches
    135 U002d
    136 U002d							;-------------------------------------------------------------------------------
    137 U002d
    138 U000e					      SEG.U	TIA_REGISTERS_READ
    139 U0000					      ORG	TIA_BASE_READ_ADDRESS
    140 U0000
    141 U0000							;											bit 7	 bit 6
    142 U0000		       00	   CXM0P      ds	1	; $00	     xx00 0000	     Read Collision  M0-P1   M0-P0
    143 U0001		       00	   CXM1P      ds	1	; $01	     xx00 0000			     M1-P0   M1-P1
    144 U0002		       00	   CXP0FB     ds	1	; $02	     xx00 0000			     P0-PF   P0-BL
    145 U0003		       00	   CXP1FB     ds	1	; $03	     xx00 0000			     P1-PF   P1-BL
    146 U0004		       00	   CXM0FB     ds	1	; $04	     xx00 0000			     M0-PF   M0-BL
    147 U0005		       00	   CXM1FB     ds	1	; $05	     xx00 0000			     M1-PF   M1-BL
    148 U0006		       00	   CXBLPF     ds	1	; $06	     x000 0000			     BL-PF   -----
    149 U0007		       00	   CXPPMM     ds	1	; $07	     xx00 0000			     P0-P1   M0-M1
    150 U0008		       00	   INPT0      ds	1	; $08	     x000 0000	     Read Pot Port 0
    151 U0009		       00	   INPT1      ds	1	; $09	     x000 0000	     Read Pot Port 1
    152 U000a		       00	   INPT2      ds	1	; $0A	     x000 0000	     Read Pot Port 2
    153 U000b		       00	   INPT3      ds	1	; $0B	     x000 0000	     Read Pot Port 3
    154 U000c		       00	   INPT4      ds	1	; $0C		x000 0000	 Read Input (Trigger) 0
    155 U000d		       00	   INPT5      ds	1	; $0D		x000 0000	 Read Input (Trigger) 1
    156 U000e
    157 U000e							;-------------------------------------------------------------------------------
    158 U000e
    159 U0298					      SEG.U	RIOT
    160 U0280					      ORG	$280
    161 U0280
    162 U0280							; RIOT MEMORY MAP
    163 U0280
    164 U0280		       00	   SWCHA      ds	1	; $280      Port A data register for joysticks:
    165 U0281							;			Bits 4-7 for player 1.  Bits 0-3 for player 2.
    166 U0281
    167 U0281		       00	   SWACNT     ds	1	; $281      Port A data direction register (DDR)
    168 U0282		       00	   SWCHB      ds	1	; $282		Port B data (console switches)
    169 U0283		       00	   SWBCNT     ds	1	; $283      Port B DDR
    170 U0284		       00	   INTIM      ds	1	; $284		Timer output
    171 U0285
    172 U0285		       00	   TIMINT     ds	1	; $285
    173 U0286
    174 U0286							; Unused/undefined registers ($285-$294)
    175 U0286
    176 U0286		       00		      ds	1	; $286
    177 U0287		       00		      ds	1	; $287
    178 U0288		       00		      ds	1	; $288
    179 U0289		       00		      ds	1	; $289
    180 U028a		       00		      ds	1	; $28A
    181 U028b		       00		      ds	1	; $28B
    182 U028c		       00		      ds	1	; $28C
    183 U028d		       00		      ds	1	; $28D
    184 U028e		       00		      ds	1	; $28E
    185 U028f		       00		      ds	1	; $28F
    186 U0290		       00		      ds	1	; $290
    187 U0291		       00		      ds	1	; $291
    188 U0292		       00		      ds	1	; $292
    189 U0293		       00		      ds	1	; $293
    190 U0294
    191 U0294		       00	   TIM1T      ds	1	; $294		set 1 clock interval
    192 U0295		       00	   TIM8T      ds	1	; $295      set 8 clock interval
    193 U0296		       00	   TIM64T     ds	1	; $296      set 64 clock interval
    194 U0297		       00	   T1024T     ds	1	; $297      set 1024 clock interval
    195 U0298
    196 U0298							;-------------------------------------------------------------------------------
    197 U0298							; The following required for back-compatibility with code which does not use
    198 U0298							; segments.
    199 U0298
    200  10000 ????				       SEG
    201  10000 ????
    202  10000 ????						; EOF
------- FILE 2600basic.h
------- FILE macro.h LEVEL 3 PASS 3
      0  10000 ????				       include	"macro.h"
      1  10000 ????						; Provided under the CC0 license. See the included LICENSE.txt for details.
      2  10000 ????
      3  10000 ????						; MACRO.H
      4  10000 ????						; Version 1.05, 13/NOVEMBER/2003
      5  10000 ????
      6  10000 ????		00 69	    VERSION_MACRO =	105
      7  10000 ????
      8  10000 ????						;
      9  10000 ????						; THIS FILE IS EXPLICITLY SUPPORTED AS A DASM-PREFERRED COMPANION FILE
     10  10000 ????						; PLEASE DO *NOT* REDISTRIBUTE MODIFIED VERSIONS OF THIS FILE!
     11  10000 ????						;
     12  10000 ????						; This file defines DASM macros useful for development for the Atari 2600.
     13  10000 ????						; It is distributed as a companion machine-specific support package
     14  10000 ????						; for the DASM compiler. Updates to this file, DASM, and associated tools are
     15  10000 ????						; available at at http://www.atari2600.org/dasm
     16  10000 ????						;
     17  10000 ????						; Many thanks to the people who have contributed.  If you take issue with the
     18  10000 ????						; contents, or would like to add something, please write to me
     19  10000 ????						; (atari2600@taswegian.com) with your contribution.
     20  10000 ????						;
     21  10000 ????						; Latest Revisions...
     22  10000 ????						;
     23  10000 ????						; 1.05  14/NOV/2003	  - Added VERSION_MACRO equate (which will reflect 100x version #)
     24  10000 ????						;			    This will allow conditional code to verify MACRO.H being
     25  10000 ????						;			    used for code assembly.
     26  10000 ????						; 1.04  13/NOV/2003	 - SET_POINTER macro added (16-bit address load)
     27  10000 ????						;
     28  10000 ????						; 1.03  23/JUN/2003	 - CLEAN_START macro added - clears TIA, RAM, registers
     29  10000 ????						;
     30  10000 ????						; 1.02  14/JUN/2003	 - VERTICAL_SYNC macro added
     31  10000 ????						;			   (standardised macro for vertical synch code)
     32  10000 ????						; 1.01  22/MAR/2003	 - SLEEP macro added. 
     33  10000 ????						;			 - NO_ILLEGAL_OPCODES switch implemented
     34  10000 ????						; 1.0	22/MAR/2003		Initial release
     35  10000 ????
     36  10000 ????						; Note: These macros use illegal opcodes.  To disable illegal opcode usage, 
     37  10000 ????						;   define the symbol NO_ILLEGAL_OPCODES (-DNO_ILLEGAL_OPCODES=1 on command-line).
     38  10000 ????						;   If you do not allow illegal opcode usage, you must include this file 
     39  10000 ????						;   *after* including VCS.H (as the non-illegal opcodes access hardware
     40  10000 ????						;   registers and require them to be defined first).
     41  10000 ????
     42  10000 ????						; Available macros...
     43  10000 ????						;   SLEEP n		 - sleep for n cycles
     44  10000 ????						;   VERTICAL_SYNC	 - correct 3 scanline vertical synch code
     45  10000 ????						;   CLEAN_START	 - set machine to known state on startup
     46  10000 ????						;   SET_POINTER	 - load a 16-bit absolute to a 16-bit variable
     47  10000 ????
     48  10000 ????						;-------------------------------------------------------------------------------
     49  10000 ????						; SLEEP duration
     50  10000 ????						; Original author: Thomas Jentzsch
     51  10000 ????						; Inserts code which takes the specified number of cycles to execute.	This is
     52  10000 ????						; useful for code where precise timing is required.
     53  10000 ????						; ILLEGAL-OPCODE VERSION DOES NOT AFFECT FLAGS OR REGISTERS.
     54  10000 ????						; LEGAL OPCODE VERSION MAY AFFECT FLAGS
     55  10000 ????						; Uses illegal opcode (DASM 2.20.01 onwards).
     56  10000 ????
     57  10000 ????				       MAC	sleep
     58  10000 ????			    .CYCLES    SET	{1}
     59  10000 ????
     60  10000 ????				       IF	.CYCLES < 2
     61  10000 ????				       ECHO	"MACRO ERROR: 'SLEEP': Duration must be > 1"
     62  10000 ????				       ERR
     63  10000 ????				       ENDIF
     64  10000 ????
     65  10000 ????				       IF	.CYCLES & 1
     66  10000 ????				       IFNCONST	NO_ILLEGAL_OPCODES
     67  10000 ????				       nop	0
     68  10000 ????				       ELSE
     69  10000 ????				       bit	VSYNC
     70  10000 ????				       ENDIF
     71  10000 ????			    .CYCLES    SET	.CYCLES - 3
     72  10000 ????				       ENDIF
     73  10000 ????
     74  10000 ????				       REPEAT	.CYCLES / 2
     75  10000 ????				       nop
     76  10000 ????				       REPEND
     77  10000 ????				       ENDM		;usage: SLEEP n (n>1)
     78  10000 ????
     79  10000 ????						;-------------------------------------------------------------------------------
     80  10000 ????						; VERTICAL_SYNC
     81  10000 ????						; Original author: Manuel Polik
     82  10000 ????						; Inserts the code required for a proper 3 scannline 
     83  10000 ????						; vertical sync sequence
     84  10000 ????						;
     85  10000 ????						; Note: Alters the accumulator
     86  10000 ????						;
     87  10000 ????						; IN:
     88  10000 ????						; OUT: A = 1
     89  10000 ????
     90  10000 ????				       MAC	vertical_sync
     91  10000 ????				       LDA	#$02	; A = VSYNC enable
     92  10000 ????				       STA	WSYNC	; Finish current line
     93  10000 ????				       STA	VSYNC	; Start vertical sync
     94  10000 ????				       STA	WSYNC	; 1st line vertical sync
     95  10000 ????				       STA	WSYNC	; 2nd line vertical sync
     96  10000 ????				       LSR		; A = VSYNC disable
     97  10000 ????				       STA	WSYNC	; 3rd line vertical sync
     98  10000 ????				       STA	VSYNC	; Stop vertical sync
     99  10000 ????				       ENDM
    100  10000 ????
    101  10000 ????						;-------------------------------------------------------------------------------
    102  10000 ????						; CLEAN_START
    103  10000 ????						; Original author: Andrew Davie
    104  10000 ????						; Standardised start-up code, clears stack, all TIA registers and RAM to 0
    105  10000 ????						; Sets stack pointer to $FF, and all registers to 0
    106  10000 ????						; Sets decimal mode off, sets interrupt flag (kind of un-necessary)
    107  10000 ????						; Use as very first section of code on boot (ie: at reset)
    108  10000 ????						; Code written to minimise total ROM usage - uses weird 6502 knowledge :)
    109  10000 ????
    110  10000 ????				       MAC	clean_start
    111  10000 ????				       sei
    112  10000 ????				       cld
    113  10000 ????
    114  10000 ????				       ldx	#0
    115  10000 ????				       txa
    116  10000 ????				       tay
    117  10000 ????			    .CLEAR_STACK dex
    118  10000 ????				       txs
    119  10000 ????				       pha
    120  10000 ????				       bne	.CLEAR_STACK	; SP=$FF, X = A = Y = 0
    121  10000 ????
    122  10000 ????				       ENDM
    123  10000 ????
    124  10000 ????						;-------------------------------------------------------
    125  10000 ????						; SET_POINTER
    126  10000 ????						; Original author: Manuel Rotschkar
    127  10000 ????						;
    128  10000 ????						; Sets a 2 byte RAM pointer to an absolute address.
    129  10000 ????						;
    130  10000 ????						; Usage: SET_POINTER pointer, address
    131  10000 ????						; Example: SET_POINTER SpritePTR, SpriteData
    132  10000 ????						;
    133  10000 ????						; Note: Alters the accumulator, NZ flags
    134  10000 ????						; IN 1: 2 byte RAM location reserved for pointer
    135  10000 ????						; IN 2: absolute address
    136  10000 ????
    137  10000 ????				       MAC	set_pointer
    138  10000 ????			    .POINTER   SET	{1}
    139  10000 ????			    .ADDRESS   SET	{2}
    140  10000 ????
    141  10000 ????				       LDA	#<.ADDRESS	; Get Lowbyte of Address
    142  10000 ????				       STA	.POINTER	; Store in pointer
    143  10000 ????				       LDA	#>.ADDRESS	; Get Hibyte of Address
    144  10000 ????				       STA	.POINTER+1	; Store in pointer+1
    145  10000 ????
    146  10000 ????				       ENDM
    147  10000 ????
    148  10000 ????						; EOF
------- FILE 2600basic.h
------- FILE 2600basic_variable_redefs.h LEVEL 3 PASS 3
      0  10000 ????				       include	"2600basic_variable_redefs.h"
      1  10000 ????						; This file contains variable mapping and other information for the current project.
      2  10000 ????
      3  10000 ????		00 48	    text_strings_length =	.skipL0137-text_strings
      4  10000 ????
      5  10000 ????		00 dc	    TextCounter =	i
      6  10000 ????
      7  10000 ????		00 db	    Temp2      =	h
      8  10000 ????
      9  10000 ????		00 da	    Temp       =	g
     10  10000 ????
     11  10000 ????		00 d9	    Loop       =	f
     12  10000 ????
     13  10000 ????		00 d8	    Prev1y     =	e
     14  10000 ????
     15  10000 ????		00 d7	    Prev1x     =	d
     16  10000 ????
     17  10000 ????		00 d6	    Prev0y     =	c
     18  10000 ????
     19  10000 ????		00 d5	    Prev0x     =	b
     20  10000 ????
     21  10000 ????		00 d4	    P1FlippedBit1 =	a
     22  10000 ????
     23  10000 ????		00 d4	    P0FlippedBit0 =	a
     24  10000 ????
     25  10000 ????		00 ed	    TextIndex  =	z
     26  10000 ????
     27  10000 ????		00 00	    fontstyle  =	SQUISH
     28  10000 ????
     29  10000 ????		00 12	    textbkcolor =	$12
     30  10000 ????
     31  10000 ????		00 60	    scorebkcolor =	$60
     32  10000 ????
     33  10000 ????		00 3c	    blank_text =	60
     34  10000 ????
     35  10000 ????		00 30	    blue_wins  =	48
     36  10000 ????
     37  10000 ????		00 24	    red_wins   =	36
     38  10000 ????
     39  10000 ????		00 18	    blue_hits  =	24
     40  10000 ????
     41  10000 ????		00 0c	    red_hits   =	12
     42  10000 ????
     43  10000 ????		00 00	    press_fire =	0
     44  10000 ????
     45  10000 ????		00 01	    pfscore    =	1
     46  10000 ????
     47  10000 ????		00 c8	    offscreen  =	200
     48  10000 ????
     49  10000 ????		00 e0	    gameoverbkcolor =	$E0
     50  10000 ????
     51  10000 ????		00 00	    bkcolor    =	$00
     52  10000 ????
     53  10000 ????		00 3f	    explode_color =	$3F
     54  10000 ????
     55  10000 ????		00 4a	    p1color    =	$4A
     56  10000 ????
     57  10000 ????		00 9a	    p0color    =	$9A
     58  10000 ????
------- FILE 2600basic.h
      7  10000 ????
      8  10000 ????		00 80	    player0x   =	$80
      9  10000 ????		00 81	    player1x   =	$81
     10  10000 ????		00 82	    missile0x  =	$82
     11  10000 ????		00 83	    missile1x  =	$83
     12  10000 ????		00 84	    ballx      =	$84
     13  10000 ????
     14  10000 ????		00 85	    objecty    =	$85
     15  10000 ????		00 85	    player0y   =	$85
     16  10000 ????		00 86	    player1y   =	$86
     17  10000 ????		00 87	    missile1height =	$87
     18  10000 ????		00 88	    missile1y  =	$88
     19  10000 ????		00 89	    bally      =	$89
     20  10000 ????
     21  10000 ????		00 87	    player1color =	$87	; replaces missile 1
     22  10000 ????
     23  10000 ????		00 8a	    player0pointer =	$8A	;uses $8A-$8B
     24  10000 ????		00 8a	    player0pointerlo =	$8A
     25  10000 ????		00 8b	    player0pointerhi =	$8B
     26  10000 ????		00 8c	    player1pointer =	$8C	; $8C-$8D
     27  10000 ????		00 8c	    player1pointerlo =	$8C
     28  10000 ????		00 8d	    player1pointerhi =	$8D
     29  10000 ????
     30  10000 ????		00 8e	    player0height =	$8E
     31  10000 ????		00 8f	    player1height =	$8F
     32  10000 ????		00 90	    missile0height =	$90
     33  10000 ????		00 91	    missile0y  =	$91
     34  10000 ????		00 92	    ballheight =	$92
     35  10000 ????
     36  10000 ????		00 90	    currentpaddle =	$90	; replaces missile 0 (and can't be used with playercolor)
     37  10000 ????		00 91	    paddle     =	$91	; replaces missile 0
     38  10000 ????		00 82	    player0colorstore =	$82	; replaces missile 0
     39  10000 ????		00 90	    player0color =	$90	; replaces missile 0
     40  10000 ????
     41  10000 ????		00 93	    score      =	$93	; $93-$95
     42  10000 ????		00 96	    scorepointers =	$96	; $96-$9B = 6 bytes
     43  10000 ????		00 9c	    temp1      =	$9C	;used by kernel.  can be used in program too, but
     44  10000 ????		00 9d	    temp2      =	$9D	;are obliterated when drawscreen is called.
     45  10000 ????		00 9e	    temp3      =	$9E
     46  10000 ????		00 9f	    temp4      =	$9F
     47  10000 ????		00 a0	    temp5      =	$A0
     48  10000 ????		00 a1	    temp6      =	$A1
     49  10000 ????
     50  10000 ????		00 a2	    rand       =	$A2
     51  10000 ????		00 a3	    scorecolor =	$A3
     52  10000 ????
     53  10000 ????		00 a4	    var0       =	$A4
     54  10000 ????		00 a5	    var1       =	$A5
     55  10000 ????		00 a6	    var2       =	$A6
     56  10000 ????		00 a7	    var3       =	$A7
     57  10000 ????		00 a8	    var4       =	$A8
     58  10000 ????		00 a9	    var5       =	$A9
     59  10000 ????		00 aa	    var6       =	$AA
     60  10000 ????		00 ab	    var7       =	$AB
     61  10000 ????		00 ac	    var8       =	$AC
     62  10000 ????		00 ad	    var9       =	$AD
     63  10000 ????		00 ae	    var10      =	$AE
     64  10000 ????		00 af	    var11      =	$AF
     65  10000 ????		00 b0	    var12      =	$B0
     66  10000 ????		00 b1	    var13      =	$B1
     67  10000 ????		00 b2	    var14      =	$B2
     68  10000 ????		00 b3	    var15      =	$B3
     69  10000 ????		00 b4	    var16      =	$B4
     70  10000 ????		00 b5	    var17      =	$B5
     71  10000 ????		00 b6	    var18      =	$B6
     72  10000 ????		00 b7	    var19      =	$B7
     73  10000 ????		00 b8	    var20      =	$B8
     74  10000 ????		00 b9	    var21      =	$B9
     75  10000 ????		00 ba	    var22      =	$BA
     76  10000 ????		00 bb	    var23      =	$BB
     77  10000 ????		00 bc	    var24      =	$BC
     78  10000 ????		00 bd	    var25      =	$BD
     79  10000 ????		00 be	    var26      =	$BE
     80  10000 ????		00 bf	    var27      =	$BF
     81  10000 ????		00 c0	    var28      =	$C0
     82  10000 ????		00 c1	    var29      =	$C1
     83  10000 ????		00 c2	    var30      =	$C2
     84  10000 ????		00 c3	    var31      =	$C3
     85  10000 ????		00 c4	    var32      =	$C4
     86  10000 ????		00 c5	    var33      =	$C5
     87  10000 ????		00 c6	    var34      =	$C6
     88  10000 ????		00 c7	    var35      =	$C7
     89  10000 ????		00 c8	    var36      =	$C8
     90  10000 ????		00 c9	    var37      =	$C9
     91  10000 ????		00 ca	    var38      =	$CA
     92  10000 ????		00 cb	    var39      =	$CB
     93  10000 ????		00 cc	    var40      =	$CC
     94  10000 ????		00 cd	    var41      =	$CD
     95  10000 ????		00 ce	    var42      =	$CE
     96  10000 ????		00 cf	    var43      =	$CF
     97  10000 ????		00 d0	    var44      =	$D0
     98  10000 ????		00 d1	    var45      =	$D1
     99  10000 ????		00 d2	    var46      =	$D2
    100  10000 ????		00 d3	    var47      =	$D3
    101  10000 ????
    102  10000 ????		00 d4	    A	       =	$d4
    103  10000 ????		00 d4	    a	       =	$d4
    104  10000 ????		00 d5	    B	       =	$d5
    105  10000 ????		00 d5	    b	       =	$d5
    106  10000 ????		00 d6	    C	       =	$d6
    107  10000 ????		00 d6	    c	       =	$d6
    108  10000 ????		00 d7	    D	       =	$d7
    109  10000 ????		00 d7	    d	       =	$d7
    110  10000 ????		00 d8	    E	       =	$d8
    111  10000 ????		00 d8	    e	       =	$d8
    112  10000 ????		00 d9	    F	       =	$d9
    113  10000 ????		00 d9	    f	       =	$d9
    114  10000 ????		00 da	    G	       =	$da
    115  10000 ????		00 da	    g	       =	$da
    116  10000 ????		00 db	    H	       =	$db
    117  10000 ????		00 db	    h	       =	$db
    118  10000 ????		00 dc	    I	       =	$dc
    119  10000 ????		00 dc	    i	       =	$dc
    120  10000 ????		00 dd	    J	       =	$dd
    121  10000 ????		00 dd	    j	       =	$dd
    122  10000 ????		00 de	    K	       =	$de
    123  10000 ????		00 de	    k	       =	$de
    124  10000 ????		00 df	    L	       =	$df
    125  10000 ????		00 df	    l	       =	$df
    126  10000 ????		00 e0	    M	       =	$e0
    127  10000 ????		00 e0	    m	       =	$e0
    128  10000 ????		00 e1	    N	       =	$e1
    129  10000 ????		00 e1	    n	       =	$e1
    130  10000 ????		00 e2	    O	       =	$e2
    131  10000 ????		00 e2	    o	       =	$e2
    132  10000 ????		00 e3	    P	       =	$e3
    133  10000 ????		00 e3	    p	       =	$e3
    134  10000 ????		00 e4	    Q	       =	$e4
    135  10000 ????		00 e4	    q	       =	$e4
    136  10000 ????		00 e5	    R	       =	$e5
    137  10000 ????		00 e5	    r	       =	$e5
    138  10000 ????		00 e6	    S	       =	$e6
    139  10000 ????		00 e6	    s	       =	$e6
    140  10000 ????		00 e7	    T	       =	$e7
    141  10000 ????		00 e7	    t	       =	$e7
    142  10000 ????		00 e8	    U	       =	$e8
    143  10000 ????		00 e8	    u	       =	$e8
    144  10000 ????		00 e9	    V	       =	$e9
    145  10000 ????		00 e9	    v	       =	$e9
    146  10000 ????		00 ea	    W	       =	$ea
    147  10000 ????		00 ea	    w	       =	$ea
    148  10000 ????		00 eb	    X	       =	$eb
    149  10000 ????		00 eb	    x	       =	$eb
    150  10000 ????		00 ec	    Y	       =	$ec
    151  10000 ????		00 ec	    y	       =	$ec
    152  10000 ????		00 ed	    Z	       =	$ed
    153  10000 ????		00 ed	    z	       =	$ed
    154  10000 ????
    155  10000 ????		00 ee	    temp7      =	$ee	; This is used to aid in bankswitching
    156  10000 ????		00 ef	    playfieldpos =	$ef
    157  10000 ????
    158  10000 ????						; available for other uses, or if unused, provide more stack space
    159  10000 ????
    160  10000 ????		00 f0	    aux1       =	$f0
    161  10000 ????		00 f1	    aux2       =	$f1
    162  10000 ????		00 f2	    aux3       =	$f2
    163  10000 ????		00 f3	    aux4       =	$f3
    164  10000 ????		00 f4	    aux5       =	$f4
    165  10000 ????		00 f5	    aux6       =	$f5
    166  10000 ????
    167  10000 ????						; playfield color/height pointers
    168  10000 ????		00 f0	    pfcolortable =	$f0	; and $d5
    169  10000 ????		00 f0	    pfheighttable =	$f0	; and $d5
    170  10000 ????						; the above pointers are the same because if color and height are both used together,
    171  10000 ????						; they must used absolute indexed and cannot use pointers
    172  10000 ????
    173  10000 ????		00 f2	    lifepointer =	$f2	; pointer to "lives" shape
    174  10000 ????						; upper 3 bits of $f2 contain the number of lives
    175  10000 ????		00 f4	    lifecolor  =	$f4
    176  10000 ????		00 f3	    lives      =	$f3	; # lives >> 5
    177  10000 ????		00 f5	    statusbarlength =	$f5	; only uses upper 5 bits; other bits free
    178  10000 ????
    179  10000 ????		00 f2	    pfscore1   =	$f2	; optional playfield bytes in score
    180  10000 ????		00 f3	    pfscore2   =	$f3
    181  10000 ????		00 f4	    pfscorecolor =	$f4
    182  10000 ????
    183  10000 ????		00 f6	    stack1     =	$f6
    184  10000 ????		00 f7	    stack2     =	$f7
    185  10000 ????		00 f8	    stack3     =	$f8
    186  10000 ????		00 f9	    stack4     =	$f9
    187  10000 ????						; the stack bytes above may be used in the kernel
    188  10000 ????						; stack = F6-F7, F8-F9, FA-FB, FC-FD, FE-FF
    189  10000 ????
    190  10000 ????				       MAC	return
    191  10000 ????				       ifnconst	bankswitch
    192  10000 ????				       rts
    193  10000 ????				       else
    194  10000 ????				       jmp	BS_return
    195  10000 ????				       endif
    196  10000 ????				       ENDM		; auto-return from either a regular or bankswitched module
    197  10000 ????
    198  10000 ????			   -	       ifconst	superchip
    199  10000 ????			   -playfieldbase =	$10D0
    200  10000 ????			   -	       include	superchip.h
    201  10000 ????				       else
    202  10000 ????		00 a4	    playfieldbase =	$A4
    203  10000 ????				       endif
    204  10000 ????
    205  10000 ????				       ifnconst	pfhalfwidth
    206  10000 ????		00 04	    pfwidth    =	4
    207  10000 ????		00 0e	    PF1L       =	PF1
    208  10000 ????		00 0f	    PF2L       =	PF2
    209  10000 ????		00 0e	    PF1R       =	PF1
    210  10000 ????		00 0f	    PF2R       =	PF2
    211  10000 ????		00 00	    pfadjust   =	0
    212  10000 ????			   -	       else
    213  10000 ????			   -pfwidth    =	2
    214  10000 ????			   -	       ifconst	pfcenter
    215  10000 ????			   -PF1L       =	$3F	; no effect
    216  10000 ????			   -PF2L       =	PF2
    217  10000 ????			   -PF1R       =	$3F
    218  10000 ????			   -PF2R       =	PF2	; no effect
    219  10000 ????			   -pfadjust   =	1
    220  10000 ????			   -	       else
    221  10000 ????			   -PF1L       =	PF1
    222  10000 ????			   -PF2L       =	PF2
    223  10000 ????			   -PF1R       =	$3F	; no effect
    224  10000 ????			   -PF2R       =	$3F	; no effect
    225  10000 ????			   -pfadjust   =	0
    226  10000 ????			   -	       endif
    227  10000 ????				       endif
    228  10000 ????
    229  10000 ????						; define playfield start based on height
    230  10000 ????				       ifnconst	pfres
    231  10000 ????		00 a4	    playfield  =	playfieldbase
    232  10000 ????			   -	       else
    233  10000 ????			   -playfield  =	playfieldbase-(pfres-12*(4/pfwidth))*pfwidth
    234  10000 ????				       endif
------- FILE cannonstxt.bas.asm
------- FILE 2600basic_variable_redefs.h LEVEL 2 PASS 3
      0  10000 ????				       include	"2600basic_variable_redefs.h"
      1  10000 ????						; This file contains variable mapping and other information for the current project.
      2  10000 ????
      3  10000 ????		00 48	    text_strings_length =	.skipL0137-text_strings
      4  10000 ????
      5  10000 ????		00 dc	    TextCounter =	i
      6  10000 ????
      7  10000 ????		00 db	    Temp2      =	h
      8  10000 ????
      9  10000 ????		00 da	    Temp       =	g
     10  10000 ????
     11  10000 ????		00 d9	    Loop       =	f
     12  10000 ????
     13  10000 ????		00 d8	    Prev1y     =	e
     14  10000 ????
     15  10000 ????		00 d7	    Prev1x     =	d
     16  10000 ????
     17  10000 ????		00 d6	    Prev0y     =	c
     18  10000 ????
     19  10000 ????		00 d5	    Prev0x     =	b
     20  10000 ????
     21  10000 ????		00 d4	    P1FlippedBit1 =	a
     22  10000 ????
     23  10000 ????		00 d4	    P0FlippedBit0 =	a
     24  10000 ????
     25  10000 ????		00 ed	    TextIndex  =	z
     26  10000 ????
     27  10000 ????		00 00	    fontstyle  =	SQUISH
     28  10000 ????
     29  10000 ????		00 12	    textbkcolor =	$12
     30  10000 ????
     31  10000 ????		00 60	    scorebkcolor =	$60
     32  10000 ????
     33  10000 ????		00 3c	    blank_text =	60
     34  10000 ????
     35  10000 ????		00 30	    blue_wins  =	48
     36  10000 ????
     37  10000 ????		00 24	    red_wins   =	36
     38  10000 ????
     39  10000 ????		00 18	    blue_hits  =	24
     40  10000 ????
     41  10000 ????		00 0c	    red_hits   =	12
     42  10000 ????
     43  10000 ????		00 00	    press_fire =	0
     44  10000 ????
     45  10000 ????		00 01	    pfscore    =	1
     46  10000 ????
     47  10000 ????		00 c8	    offscreen  =	200
     48  10000 ????
     49  10000 ????		00 e0	    gameoverbkcolor =	$E0
     50  10000 ????
     51  10000 ????		00 00	    bkcolor    =	$00
     52  10000 ????
     53  10000 ????		00 3f	    explode_color =	$3F
     54  10000 ????
     55  10000 ????		00 4a	    p1color    =	$4A
     56  10000 ????
     57  10000 ????		00 9a	    p0color    =	$9A
     58  10000 ????
------- FILE cannonstxt.bas.asm
      8  10000 ????			   -	       ifconst	bankswitch
      9  10000 ????			   -	       if	bankswitch == 8
     10  10000 ????			   -	       ORG	$1000
     11  10000 ????			   -	       RORG	$D000
     12  10000 ????			   -	       endif
     13  10000 ????			   -	       if	bankswitch == 16
     14  10000 ????			   -	       ORG	$1000
     15  10000 ????			   -	       RORG	$9000
     16  10000 ????			   -	       endif
     17  10000 ????			   -	       if	bankswitch == 32
     18  10000 ????			   -	       ORG	$1000
     19  10000 ????			   -	       RORG	$1000
     20  10000 ????			   -	       endif
     21  10000 ????			   -	       if	bankswitch == 64
     22  10000 ????			   -	       ORG	$1000
     23  10000 ????			   -	       RORG	$1000
     24  10000 ????			   -	       endif
     25  10000 ????				       else
     26  f000					      ORG	$F000
     27  f000					      endif
     28  f000
     29  f000				  -	      ifconst	bankswitch_hotspot
     30  f000				  -	      if	bankswitch_hotspot = $083F	; 0840 bankswitching hotspot
     31  f000				  -	      .byte	0	; stop unexpected bankswitches
     32  f000				  -	      endif
     33  f000					      endif
     34  f000							; Provided under the CC0 license. See the included LICENSE.txt for details.
     35  f000
     36  f000				   start
     37  f000		       78		      sei
     38  f001		       d8		      cld
     39  f002		       a0 00		      ldy	#0
     40  f004		       a5 d0		      lda	$D0
     41  f006		       c9 2c		      cmp	#$2C	;check RAM location #1
     42  f008		       d0 07		      bne	MachineIs2600
     43  f00a		       a5 d1		      lda	$D1
     44  f00c		       c9 a9		      cmp	#$A9	;check RAM location #2
     45  f00e		       d0 01		      bne	MachineIs2600
     46  f010		       88		      dey
     47  f011				   MachineIs2600
     48  f011		       a2 00		      ldx	#0
     49  f013		       8a		      txa
     50  f014				   clearmem
     51  f014		       e8		      inx
     52  f015		       9a		      txs
     53  f016		       48		      pha
     54  f017		       d0 fb		      bne	clearmem
     55  f019		       84 9c		      sty	temp1
     56  f01b					      ifnconst	multisprite
     57  f01b				  -	      ifconst	pfrowheight
     58  f01b				  -	      lda	#pfrowheight
     59  f01b					      else
     60  f01b				  -	      ifconst	pfres
     61  f01b				  -	      lda	#(96/pfres)
     62  f01b					      else
     63  f01b		       a9 08		      lda	#8
     64  f01d					      endif
     65  f01d					      endif
     66  f01d		       85 ef		      sta	playfieldpos
     67  f01f					      endif
     68  f01f		       a2 05		      ldx	#5
     69  f021				   initscore
     70  f021		       a9 9c		      lda	#<scoretable
     71  f023		       95 96		      sta	scorepointers,x
     72  f025		       ca		      dex
     73  f026		       10 f9		      bpl	initscore
     74  f028		       a9 01		      lda	#1
     75  f02a		       85 0a		      sta	CTRLPF
     76  f02c		       0d 84 02 	      ora	INTIM
     77  f02f		       85 a2		      sta	rand
     78  f031
     79  f031				  -	      ifconst	multisprite
     80  f031				  -	      jsr	multisprite_setup
     81  f031					      endif
     82  f031
     83  f031					      ifnconst	bankswitch
     84  f031		       4c cb f3 	      jmp	game
     85  f034				  -	      else
     86  f034				  -	      lda	#>(game-1)
     87  f034				  -	      pha
     88  f034				  -	      lda	#<(game-1)
     89  f034				  -	      pha
     90  f034				  -	      pha
     91  f034				  -	      pha
     92  f034				  -	      ldx	#1
     93  f034				  -	      jmp	BS_jsr
     94  f034					      endif
     95  f034							; Provided under the CC0 license. See the included LICENSE.txt for details.
     96  f034
     97  f034							; This is a 2-line kernel!
     98  f034					      ifnconst	vertical_reflect
     99  f034				   kernel
    100  f034					      endif
    101  f034		       85 02		      sta	WSYNC
    102  f036		       a9 ff		      lda	#255
    103  f038		       8d 96 02 	      sta	TIM64T
    104  f03b
    105  f03b		       a9 01		      lda	#1
    106  f03d		       85 27		      sta	VDELBL
    107  f03f		       85 25		      sta	VDELP0
    108  f041		       a6 92		      ldx	ballheight
    109  f043		       e8		      inx
    110  f044		       e8		      inx
    111  f045		       86 9f		      stx	temp4
    112  f047		       a5 86		      lda	player1y
    113  f049		       85 9e		      sta	temp3
    114  f04b
    115  f04b				  -	      ifconst	shakescreen
    116  f04b				  -	      jsr	doshakescreen
    117  f04b					      else
    118  f04b		       a6 90		      ldx	missile0height
    119  f04d		       e8		      inx
    120  f04e					      endif
    121  f04e
    122  f04e		       e8		      inx
    123  f04f		       86 f6		      stx	stack1
    124  f051
    125  f051		       a5 89		      lda	bally
    126  f053		       85 f7		      sta	stack2
    127  f055
    128  f055		       a5 85		      lda	player0y
    129  f057		       a2 00		      ldx	#0
    130  f059		       85 02		      sta	WSYNC
    131  f05b		       86 1b		      stx	GRP0
    132  f05d		       86 1c		      stx	GRP1
    133  f05f		       86 0e		      stx	PF1L
    134  f061		       86 0f		      stx	PF2
    135  f063		       86 2c		      stx	CXCLR
    136  f065				  -	      ifconst	readpaddle
    137  f065				  -	      stx	paddle
    138  f065					      else
      0  f065					      sleep	3
      1  f065				   .CYCLES    SET	3
      2  f065
      3  f065				  -	      IF	.CYCLES < 2
      4  f065				  -	      ECHO	"MACRO ERROR: 'SLEEP': Duration must be > 1"
      5  f065				  -	      ERR
      6  f065					      ENDIF
      7  f065
      8  f065					      IF	.CYCLES & 1
      9  f065					      IFNCONST	NO_ILLEGAL_OPCODES
     10  f065		       04 00		      nop	0
     11  f067				  -	      ELSE
     12  f067				  -	      bit	VSYNC
     13  f067					      ENDIF
     14  f067				   .CYCLES    SET	.CYCLES - 3
     15  f067					      ENDIF
     16  f067
     17  f067				  -	      REPEAT	.CYCLES / 2
     18  f067				  -	      nop
     19  f067					      REPEND
    140  f067					      endif
    141  f067
    142  f067		       95 9d		      sta	temp2,x
    143  f069
    144  f069							;store these so they can be retrieved later
    145  f069					      ifnconst	pfres
    146  f069		       a2 54		      ldx	#128-44+(4-pfwidth)*12
    147  f06b				  -	      else
    148  f06b				  -	      ldx	#132-pfres*pfwidth
    149  f06b					      endif
    150  f06b
    151  f06b		       c6 85		      dec	player0y
    152  f06d
    153  f06d		       a5 91		      lda	missile0y
    154  f06f		       85 a0		      sta	temp5
    155  f071		       a5 88		      lda	missile1y
    156  f073		       85 a1		      sta	temp6
    157  f075
    158  f075		       a5 ef		      lda	playfieldpos
    159  f077		       85 9c		      sta	temp1
    160  f079
    161  f079				  -	      ifconst	pfrowheight
    162  f079				  -	      lda	#pfrowheight+2
    163  f079					      else
    164  f079					      ifnconst	pfres
    165  f079		       a9 0a		      lda	#10
    166  f07b				  -	      else
    167  f07b				  -	      lda	#(96/pfres)+2	; try to come close to the real size
    168  f07b					      endif
    169  f07b					      endif
    170  f07b		       18		      clc
    171  f07c		       e5 ef		      sbc	playfieldpos
    172  f07e		       85 ef		      sta	playfieldpos
    173  f080		       4c a8 f0 	      jmp	.startkernel
    174  f083
    175  f083				   .skipDrawP0
    176  f083		       a9 00		      lda	#0
    177  f085		       a8		      tay
    178  f086		       4c d6 f0 	      jmp	.continueP0
    179  f089
    180  f089				   .skipDrawP1
    181  f089		       a9 00		      lda	#0
    182  f08b		       a8		      tay
    183  f08c		       4c b2 f0 	      jmp	.continueP1
    184  f08f
    185  f08f				   .kerloop		; enter at cycle 59??
    186  f08f
    187  f08f				   continuekernel
      0  f08f					      sleep	2
      1  f08f				   .CYCLES    SET	2
      2  f08f
      3  f08f				  -	      IF	.CYCLES < 2
      4  f08f				  -	      ECHO	"MACRO ERROR: 'SLEEP': Duration must be > 1"
      5  f08f				  -	      ERR
      6  f08f					      ENDIF
      7  f08f
      8  f08f				  -	      IF	.CYCLES & 1
      9  f08f				  -	      IFNCONST	NO_ILLEGAL_OPCODES
     10  f08f				  -	      nop	0
     11  f08f				  -	      ELSE
     12  f08f				  -	      bit	VSYNC
     13  f08f				  -	      ENDIF
     14  f08f				  -.CYCLES    SET	.CYCLES - 3
     15  f08f					      ENDIF
     16  f08f
     17  f08f					      REPEAT	.CYCLES / 2
     18  f08f		       ea		      nop
     19  f090					      REPEND
    189  f090				   continuekernel2
    190  f090		       a5 92		      lda	ballheight
    191  f092
    192  f092				  -	      ifconst	pfres
    193  f092				  -	      ldy	playfield+pfres*pfwidth-132,x
    194  f092				  -	      sty	PF1L	;3
    195  f092				  -	      ldy	playfield+pfres*pfwidth-131-pfadjust,x
    196  f092				  -	      sty	PF2L	;3
    197  f092				  -	      ldy	playfield+pfres*pfwidth-129,x
    198  f092				  -	      sty	PF1R	; 3 too early?
    199  f092				  -	      ldy	playfield+pfres*pfwidth-130-pfadjust,x
    200  f092				  -	      sty	PF2R	;3
    201  f092					      else
    202  f092		       b4 50		      ldy	playfield-48+pfwidth*12+44-128,x
    203  f094		       84 0e		      sty	PF1L	;3
    204  f096		       b4 51		      ldy	playfield-48+pfwidth*12+45-128-pfadjust,x	;4
    205  f098		       84 0f		      sty	PF2L	;3
    206  f09a		       b4 53		      ldy	playfield-48+pfwidth*12+47-128,x	;4
    207  f09c		       84 0e		      sty	PF1R	; 3 too early?
    208  f09e		       b4 52		      ldy	playfield-48+pfwidth*12+46-128-pfadjust,x	;4
    209  f0a0		       84 0f		      sty	PF2R	;3
    210  f0a2					      endif
    211  f0a2
    212  f0a2							; should be playfield+$38 for width=2
    213  f0a2
    214  f0a2		       c7 89		      dcp	bally
    215  f0a4		       2a		      rol
    216  f0a5		       2a		      rol
    217  f0a6							; rol
    218  f0a6							; rol
    219  f0a6				   goback
    220  f0a6		       85 1f		      sta	ENABL
    221  f0a8				   .startkernel
    222  f0a8		       a5 8f		      lda	player1height	;3
    223  f0aa		       c7 86		      dcp	player1y	;5
    224  f0ac		       90 db		      bcc	.skipDrawP1	;2
    225  f0ae		       a4 86		      ldy	player1y	;3
    226  f0b0		       b1 8c		      lda	(player1pointer),y	;5; player0pointer must be selected carefully by the compiler
    227  f0b2							; so it doesn't cross a page boundary!
    228  f0b2
    229  f0b2				   .continueP1
    230  f0b2		       85 1c		      sta	GRP1	;3
    231  f0b4
    232  f0b4					      ifnconst	player1colors
    233  f0b4		       a5 87		      lda	missile1height	;3
    234  f0b6		       c7 88		      dcp	missile1y	;5
    235  f0b8		       2a		      rol		;2
    236  f0b9		       2a		      rol		;2
    237  f0ba		       85 1e		      sta	ENAM1	;3
    238  f0bc				  -	      else
    239  f0bc				  -	      lda	(player1color),y
    240  f0bc				  -	      sta	COLUP1
    241  f0bc				  -	      ifnconst	playercolors
    242  f0bc				  -	      sleep	7
    243  f0bc				  -	      else
    244  f0bc				  -	      lda.w	player0colorstore
    245  f0bc				  -	      sta	COLUP0
    246  f0bc				  -	      endif
    247  f0bc					      endif
    248  f0bc
    249  f0bc				  -	      ifconst	pfres
    250  f0bc				  -	      lda	playfield+pfres*pfwidth-132,x
    251  f0bc				  -	      sta	PF1L	;3
    252  f0bc				  -	      lda	playfield+pfres*pfwidth-131-pfadjust,x
    253  f0bc				  -	      sta	PF2L	;3
    254  f0bc				  -	      lda	playfield+pfres*pfwidth-129,x
    255  f0bc				  -	      sta	PF1R	; 3 too early?
    256  f0bc				  -	      lda	playfield+pfres*pfwidth-130-pfadjust,x
    257  f0bc				  -	      sta	PF2R	;3
    258  f0bc					      else
    259  f0bc		       b5 50		      lda	playfield-48+pfwidth*12+44-128,x	;4
    260  f0be		       85 0e		      sta	PF1L	;3
    261  f0c0		       b5 51		      lda	playfield-48+pfwidth*12+45-128-pfadjust,x	;4
    262  f0c2		       85 0f		      sta	PF2L	;3
    263  f0c4		       b5 53		      lda	playfield-48+pfwidth*12+47-128,x	;4
    264  f0c6		       85 0e		      sta	PF1R	; 3 too early?
    265  f0c8		       b5 52		      lda	playfield-48+pfwidth*12+46-128-pfadjust,x	;4
    266  f0ca		       85 0f		      sta	PF2R	;3
    267  f0cc					      endif
    268  f0cc							; sleep 3
    269  f0cc
    270  f0cc		       a5 8e		      lda	player0height
    271  f0ce		       c7 85		      dcp	player0y
    272  f0d0		       90 b1		      bcc	.skipDrawP0
    273  f0d2		       a4 85		      ldy	player0y
    274  f0d4		       b1 8a		      lda	(player0pointer),y
    275  f0d6				   .continueP0
    276  f0d6		       85 1b		      sta	GRP0
    277  f0d8
    278  f0d8					      ifnconst	no_blank_lines
    279  f0d8					      ifnconst	playercolors
    280  f0d8		       a5 90		      lda	missile0height	;3
    281  f0da		       c7 91		      dcp	missile0y	;5
    282  f0dc		       e5 f6		      sbc	stack1
    283  f0de		       85 1d		      sta	ENAM0	;3
    284  f0e0				  -	      else
    285  f0e0				  -	      lda	(player0color),y
    286  f0e0				  -	      sta	player0colorstore
    287  f0e0				  -	      sleep	6
    288  f0e0					      endif
    289  f0e0		       c6 9c		      dec	temp1
    290  f0e2		       d0 ab		      bne	continuekernel
    291  f0e4				  -	      else
    292  f0e4				  -	      dec	temp1
    293  f0e4				  -	      beq	altkernel2
    294  f0e4				  -	      ifconst	readpaddle
    295  f0e4				  -	      ldy	currentpaddle
    296  f0e4				  -	      lda	INPT0,y
    297  f0e4				  -	      bpl	noreadpaddle
    298  f0e4				  -	      inc	paddle
    299  f0e4				  -	      jmp	continuekernel2
    300  f0e4				  -noreadpaddle
    301  f0e4				  -	      sleep	2
    302  f0e4				  -	      jmp	continuekernel
    303  f0e4				  -	      else
    304  f0e4				  -	      ifnconst	playercolors
    305  f0e4				  -	      ifconst	PFcolors
    306  f0e4				  -	      txa
    307  f0e4				  -	      tay
    308  f0e4				  -	      lda	(pfcolortable),y
    309  f0e4				  -	      ifnconst	backgroundchange
    310  f0e4				  -	      sta	COLUPF
    311  f0e4				  -	      else
    312  f0e4				  -	      sta	COLUBK
    313  f0e4				  -	      endif
    314  f0e4				  -	      jmp	continuekernel
    315  f0e4				  -	      else
    316  f0e4				  -	      ifconst	kernelmacrodef
    317  f0e4				  -	      kernelmacro
    318  f0e4				  -	      else
    319  f0e4				  -	      sleep	12
    320  f0e4				  -	      endif
    321  f0e4				  -	      endif
    322  f0e4				  -	      else
    323  f0e4				  -	      lda	(player0color),y
    324  f0e4				  -	      sta	player0colorstore
    325  f0e4				  -	      sleep	4
    326  f0e4				  -	      endif
    327  f0e4				  -	      jmp	continuekernel
    328  f0e4				  -	      endif
    329  f0e4				  -altkernel2
    330  f0e4				  -	      txa
    331  f0e4				  -	      ifnconst	vertical_reflect
    332  f0e4				  -	      sbx	#256-pfwidth
    333  f0e4				  -	      else
    334  f0e4				  -	      sbx	#256-pfwidth/2
    335  f0e4				  -	      endif
    336  f0e4				  -	      bmi	lastkernelline
    337  f0e4				  -	      ifconst	pfrowheight
    338  f0e4				  -	      lda	#pfrowheight
    339  f0e4				  -	      else
    340  f0e4				  -	      ifnconst	pfres
    341  f0e4				  -	      lda	#8
    342  f0e4				  -	      else
    343  f0e4				  -	      lda	#(96/pfres)	; try to come close to the real size
    344  f0e4				  -	      endif
    345  f0e4				  -	      endif
    346  f0e4				  -	      sta	temp1
    347  f0e4				  -	      jmp	continuekernel
    348  f0e4					      endif
    349  f0e4
    350  f0e4				   altkernel
    351  f0e4
    352  f0e4				  -	      ifconst	PFmaskvalue
    353  f0e4				  -	      lda	#PFmaskvalue
    354  f0e4					      else
    355  f0e4		       a9 00		      lda	#0
    356  f0e6					      endif
    357  f0e6		       85 0e		      sta	PF1L
    358  f0e8		       85 0f		      sta	PF2
    359  f0ea
    360  f0ea
    361  f0ea							;sleep 3
    362  f0ea
    363  f0ea							;28 cycles to fix things
    364  f0ea							;minus 11=17
    365  f0ea
    366  f0ea							; lax temp4
    367  f0ea							; clc
    368  f0ea		       8a		      txa
    369  f0eb					      ifnconst	vertical_reflect
    370  f0eb		       cb fc		      sbx	#256-pfwidth
    371  f0ed				  -	      else
    372  f0ed				  -	      sbx	#256-pfwidth/2
    373  f0ed					      endif
    374  f0ed
    375  f0ed		       30 12		      bmi	lastkernelline
    376  f0ef
    377  f0ef				  -	      ifconst	PFcolorandheight
    378  f0ef				  -	      ifconst	pfres
    379  f0ef				  -	      ldy	playfieldcolorandheight-131+pfres*pfwidth,x
    380  f0ef				  -	      else
    381  f0ef				  -	      ldy	playfieldcolorandheight-87,x
    382  f0ef				  -	      endif
    383  f0ef				  -	      ifnconst	backgroundchange
    384  f0ef				  -	      sty	COLUPF
    385  f0ef				  -	      else
    386  f0ef				  -	      sty	COLUBK
    387  f0ef				  -	      endif
    388  f0ef				  -	      ifconst	pfres
    389  f0ef				  -	      lda	playfieldcolorandheight-132+pfres*pfwidth,x
    390  f0ef				  -	      else
    391  f0ef				  -	      lda	playfieldcolorandheight-88,x
    392  f0ef				  -	      endif
    393  f0ef				  -	      sta.w	temp1
    394  f0ef					      endif
    395  f0ef				  -	      ifconst	PFheights
    396  f0ef				  -	      lsr
    397  f0ef				  -	      lsr
    398  f0ef				  -	      tay
    399  f0ef				  -	      lda	(pfheighttable),y
    400  f0ef				  -	      sta.w	temp1
    401  f0ef					      endif
    402  f0ef				  -	      ifconst	PFcolors
    403  f0ef				  -	      tay
    404  f0ef				  -	      lda	(pfcolortable),y
    405  f0ef				  -	      ifnconst	backgroundchange
    406  f0ef				  -	      sta	COLUPF
    407  f0ef				  -	      else
    408  f0ef				  -	      sta	COLUBK
    409  f0ef				  -	      endif
    410  f0ef				  -	      ifconst	pfrowheight
    411  f0ef				  -	      lda	#pfrowheight
    412  f0ef				  -	      else
    413  f0ef				  -	      ifnconst	pfres
    414  f0ef				  -	      lda	#8
    415  f0ef				  -	      else
    416  f0ef				  -	      lda	#(96/pfres)	; try to come close to the real size
    417  f0ef				  -	      endif
    418  f0ef				  -	      endif
    419  f0ef				  -	      sta	temp1
    420  f0ef					      endif
    421  f0ef					      ifnconst	PFcolorandheight
    422  f0ef					      ifnconst	PFcolors
    423  f0ef					      ifnconst	PFheights
    424  f0ef					      ifnconst	no_blank_lines
    425  f0ef							; read paddle 0
    426  f0ef							; lo-res paddle read
    427  f0ef							; bit INPT0
    428  f0ef							; bmi paddleskipread
    429  f0ef							; inc paddle0
    430  f0ef							;donepaddleskip
      0  f0ef					      sleep	10
      1  f0ef				   .CYCLES    SET	10
      2  f0ef
      3  f0ef				  -	      IF	.CYCLES < 2
      4  f0ef				  -	      ECHO	"MACRO ERROR: 'SLEEP': Duration must be > 1"
      5  f0ef				  -	      ERR
      6  f0ef					      ENDIF
      7  f0ef
      8  f0ef				  -	      IF	.CYCLES & 1
      9  f0ef				  -	      IFNCONST	NO_ILLEGAL_OPCODES
     10  f0ef				  -	      nop	0
     11  f0ef				  -	      ELSE
     12  f0ef				  -	      bit	VSYNC
     13  f0ef				  -	      ENDIF
     14  f0ef				  -.CYCLES    SET	.CYCLES - 3
     15  f0ef					      ENDIF
     16  f0ef
     17  f0ef					      REPEAT	.CYCLES / 2
     18  f0ef		       ea		      nop
     17  f0ef					      REPEND
     18  f0f0		       ea		      nop
     17  f0f0					      REPEND
     18  f0f1		       ea		      nop
     17  f0f1					      REPEND
     18  f0f2		       ea		      nop
     17  f0f2					      REPEND
     18  f0f3		       ea		      nop
     19  f0f4					      REPEND
    432  f0f4				  -	      ifconst	pfrowheight
    433  f0f4				  -	      lda	#pfrowheight
    434  f0f4					      else
    435  f0f4					      ifnconst	pfres
    436  f0f4		       a9 08		      lda	#8
    437  f0f6				  -	      else
    438  f0f6				  -	      lda	#(96/pfres)	; try to come close to the real size
    439  f0f6					      endif
    440  f0f6					      endif
    441  f0f6		       85 9c		      sta	temp1
    442  f0f8					      endif
    443  f0f8					      endif
    444  f0f8					      endif
    445  f0f8					      endif
    446  f0f8
    447  f0f8
    448  f0f8		       a5 92		      lda	ballheight
    449  f0fa		       c7 89		      dcp	bally
    450  f0fc		       e5 9f		      sbc	temp4
    451  f0fe
    452  f0fe
    453  f0fe		       4c a6 f0 	      jmp	goback
    454  f101
    455  f101
    456  f101					      ifnconst	no_blank_lines
    457  f101				   lastkernelline
    458  f101					      ifnconst	PFcolors
      0  f101					      sleep	10
      1  f101				   .CYCLES    SET	10
      2  f101
      3  f101				  -	      IF	.CYCLES < 2
      4  f101				  -	      ECHO	"MACRO ERROR: 'SLEEP': Duration must be > 1"
      5  f101				  -	      ERR
      6  f101					      ENDIF
      7  f101
      8  f101				  -	      IF	.CYCLES & 1
      9  f101				  -	      IFNCONST	NO_ILLEGAL_OPCODES
     10  f101				  -	      nop	0
     11  f101				  -	      ELSE
     12  f101				  -	      bit	VSYNC
     13  f101				  -	      ENDIF
     14  f101				  -.CYCLES    SET	.CYCLES - 3
     15  f101					      ENDIF
     16  f101
     17  f101					      REPEAT	.CYCLES / 2
     18  f101		       ea		      nop
     17  f101					      REPEND
     18  f102		       ea		      nop
     17  f102					      REPEND
     18  f103		       ea		      nop
     17  f103					      REPEND
     18  f104		       ea		      nop
     17  f104					      REPEND
     18  f105		       ea		      nop
     19  f106					      REPEND
    460  f106				  -	      else
    461  f106				  -	      ldy	#124
    462  f106				  -	      lda	(pfcolortable),y
    463  f106				  -	      sta	COLUPF
    464  f106					      endif
    465  f106
    466  f106				  -	      ifconst	PFheights
    467  f106				  -	      ldx	#1
    468  f106				  -			;sleep 4
    469  f106				  -	      sleep	3	; this was over 1 cycle
    470  f106					      else
    471  f106		       a6 ef		      ldx	playfieldpos
    472  f108							;sleep 3
      0  f108					      sleep	2	; this was over 1 cycle
      1  f108				   .CYCLES    SET	2
      2  f108
      3  f108				  -	      IF	.CYCLES < 2
      4  f108				  -	      ECHO	"MACRO ERROR: 'SLEEP': Duration must be > 1"
      5  f108				  -	      ERR
      6  f108					      ENDIF
      7  f108
      8  f108				  -	      IF	.CYCLES & 1
      9  f108				  -	      IFNCONST	NO_ILLEGAL_OPCODES
     10  f108				  -	      nop	0
     11  f108				  -	      ELSE
     12  f108				  -	      bit	VSYNC
     13  f108				  -	      ENDIF
     14  f108				  -.CYCLES    SET	.CYCLES - 3
     15  f108					      ENDIF
     16  f108
     17  f108					      REPEAT	.CYCLES / 2
     18  f108		       ea		      nop
     19  f109					      REPEND
    474  f109					      endif
    475  f109
    476  f109		       4c 27 f1 	      jmp	enterlastkernel
    477  f10c
    478  f10c				  -	      else
    479  f10c				  -lastkernelline
    480  f10c				  -
    481  f10c				  -	      ifconst	PFheights
    482  f10c				  -	      ldx	#1
    483  f10c				  -			;sleep 5
    484  f10c				  -	      sleep	4	; this was over 1 cycle
    485  f10c				  -	      else
    486  f10c				  -	      ldx	playfieldpos
    487  f10c				  -			;sleep 4
    488  f10c				  -	      sleep	3	; this was over 1 cycle
    489  f10c				  -	      endif
    490  f10c				  -
    491  f10c				  -	      cpx	#0
    492  f10c				  -	      bne	.enterfromNBL
    493  f10c				  -	      jmp	no_blank_lines_bailout
    494  f10c					      endif
    495  f10c
    496  f10c				  -	      if	((<*)>$d5)
    497  f10c				  -	      align	256
    498  f10c					      endif
    499  f10c							; this is a kludge to prevent page wrapping - fix!!!
    500  f10c
    501  f10c				   .skipDrawlastP1
    502  f10c		       a9 00		      lda	#0
    503  f10e		       a8		      tay		; added so we don't cross a page
    504  f10f		       4c 39 f1 	      jmp	.continuelastP1
    505  f112
    506  f112				   .endkerloop		; enter at cycle 59??
    507  f112
    508  f112		       ea		      nop
    509  f113
    510  f113				   .enterfromNBL
    511  f113				  -	      ifconst	pfres
    512  f113				  -	      ldy.w	playfield+pfres*pfwidth-4
    513  f113				  -	      sty	PF1L	;3
    514  f113				  -	      ldy.w	playfield+pfres*pfwidth-3-pfadjust
    515  f113				  -	      sty	PF2L	;3
    516  f113				  -	      ldy.w	playfield+pfres*pfwidth-1
    517  f113				  -	      sty	PF1R	; possibly too early?
    518  f113				  -	      ldy.w	playfield+pfres*pfwidth-2-pfadjust
    519  f113				  -	      sty	PF2R	;3
    520  f113					      else
    521  f113		       ac d0 00 	      ldy.w	playfield-48+pfwidth*12+44
    522  f116		       84 0e		      sty	PF1L	;3
    523  f118		       ac d1 00 	      ldy.w	playfield-48+pfwidth*12+45-pfadjust
    524  f11b		       84 0f		      sty	PF2L	;3
    525  f11d		       ac d3 00 	      ldy.w	playfield-48+pfwidth*12+47
    526  f120		       84 0e		      sty	PF1R	; possibly too early?
    527  f122		       ac d2 00 	      ldy.w	playfield-48+pfwidth*12+46-pfadjust
    528  f125		       84 0f		      sty	PF2R	;3
    529  f127					      endif
    530  f127
    531  f127				   enterlastkernel
    532  f127		       a5 92		      lda	ballheight
    533  f129
    534  f129							; tya
    535  f129		       c7 89		      dcp	bally
    536  f12b							; sleep 4
    537  f12b
    538  f12b							; sbc stack3
    539  f12b		       2a		      rol
    540  f12c		       2a		      rol
    541  f12d		       85 1f		      sta	ENABL
    542  f12f
    543  f12f		       a5 8f		      lda	player1height	;3
    544  f131		       c7 86		      dcp	player1y	;5
    545  f133		       90 d7		      bcc	.skipDrawlastP1
    546  f135		       a4 86		      ldy	player1y	;3
    547  f137		       b1 8c		      lda	(player1pointer),y	;5; player0pointer must be selected carefully by the compiler
    548  f139							; so it doesn't cross a page boundary!
    549  f139
    550  f139				   .continuelastP1
    551  f139		       85 1c		      sta	GRP1	;3
    552  f13b
    553  f13b					      ifnconst	player1colors
    554  f13b		       a5 87		      lda	missile1height	;3
    555  f13d		       c7 88		      dcp	missile1y	;5
    556  f13f				  -	      else
    557  f13f				  -	      lda	(player1color),y
    558  f13f				  -	      sta	COLUP1
    559  f13f					      endif
    560  f13f
    561  f13f		       ca		      dex
    562  f140							;dec temp4 ; might try putting this above PF writes
    563  f140		       f0 36		      beq	endkernel
    564  f142
    565  f142
    566  f142				  -	      ifconst	pfres
    567  f142				  -	      ldy.w	playfield+pfres*pfwidth-4
    568  f142				  -	      sty	PF1L	;3
    569  f142				  -	      ldy.w	playfield+pfres*pfwidth-3-pfadjust
    570  f142				  -	      sty	PF2L	;3
    571  f142				  -	      ldy.w	playfield+pfres*pfwidth-1
    572  f142				  -	      sty	PF1R	; possibly too early?
    573  f142				  -	      ldy.w	playfield+pfres*pfwidth-2-pfadjust
    574  f142				  -	      sty	PF2R	;3
    575  f142					      else
    576  f142		       ac d0 00 	      ldy.w	playfield-48+pfwidth*12+44
    577  f145		       84 0e		      sty	PF1L	;3
    578  f147		       ac d1 00 	      ldy.w	playfield-48+pfwidth*12+45-pfadjust
    579  f14a		       84 0f		      sty	PF2L	;3
    580  f14c		       ac d3 00 	      ldy.w	playfield-48+pfwidth*12+47
    581  f14f		       84 0e		      sty	PF1R	; possibly too early?
    582  f151		       ac d2 00 	      ldy.w	playfield-48+pfwidth*12+46-pfadjust
    583  f154		       84 0f		      sty	PF2R	;3
    584  f156					      endif
    585  f156
    586  f156					      ifnconst	player1colors
    587  f156		       2a		      rol		;2
    588  f157		       2a		      rol		;2
    589  f158		       85 1e		      sta	ENAM1	;3
    590  f15a				  -	      else
    591  f15a				  -	      ifnconst	playercolors
    592  f15a				  -	      sleep	7
    593  f15a				  -	      else
    594  f15a				  -	      lda.w	player0colorstore
    595  f15a				  -	      sta	COLUP0
    596  f15a				  -	      endif
    597  f15a					      endif
    598  f15a
    599  f15a		       ad 8e 00 	      lda.w	player0height
    600  f15d		       c7 85		      dcp	player0y
    601  f15f		       90 11		      bcc	.skipDrawlastP0
    602  f161		       a4 85		      ldy	player0y
    603  f163		       b1 8a		      lda	(player0pointer),y
    604  f165				   .continuelastP0
    605  f165		       85 1b		      sta	GRP0
    606  f167
    607  f167
    608  f167
    609  f167					      ifnconst	no_blank_lines
    610  f167		       a5 90		      lda	missile0height	;3
    611  f169		       c7 91		      dcp	missile0y	;5
    612  f16b		       e5 f6		      sbc	stack1
    613  f16d		       85 1d		      sta	ENAM0	;3
    614  f16f		       4c 12 f1 	      jmp	.endkerloop
    615  f172				  -	      else
    616  f172				  -	      ifconst	readpaddle
    617  f172				  -	      ldy	currentpaddle
    618  f172				  -	      lda	INPT0,y
    619  f172				  -	      bpl	noreadpaddle2
    620  f172				  -	      inc	paddle
    621  f172				  -	      jmp	.endkerloop
    622  f172				  -noreadpaddle2
    623  f172				  -	      sleep	4
    624  f172				  -	      jmp	.endkerloop
    625  f172				  -	      else		; no_blank_lines and no paddle reading
    626  f172				  -	      pla
    627  f172				  -	      pha		; 14 cycles in 4 bytes
    628  f172				  -	      pla
    629  f172				  -	      pha
    630  f172				  -			; sleep 14
    631  f172				  -	      jmp	.endkerloop
    632  f172				  -	      endif
    633  f172					      endif
    634  f172
    635  f172
    636  f172							; ifconst donepaddleskip
    637  f172							;paddleskipread
    638  f172							; this is kind of lame, since it requires 4 cycles from a page boundary crossing
    639  f172							; plus we get a lo-res paddle read
    640  f172							; bmi donepaddleskip
    641  f172							; endif
    642  f172
    643  f172				   .skipDrawlastP0
    644  f172		       a9 00		      lda	#0
    645  f174		       a8		      tay
    646  f175		       4c 65 f1 	      jmp	.continuelastP0
    647  f178
    648  f178				  -	      ifconst	no_blank_lines
    649  f178				  -no_blank_lines_bailout
    650  f178				  -	      ldx	#0
    651  f178					      endif
    652  f178
    653  f178				   endkernel
    654  f178							; 6 digit score routine
    655  f178		       86 0e		      stx	PF1
    656  f17a		       86 0f		      stx	PF2
    657  f17c		       86 0d		      stx	PF0
    658  f17e		       18		      clc
    659  f17f
    660  f17f				  -	      ifconst	pfrowheight
    661  f17f				  -	      lda	#pfrowheight+2
    662  f17f					      else
    663  f17f					      ifnconst	pfres
    664  f17f		       a9 0a		      lda	#10
    665  f181				  -	      else
    666  f181				  -	      lda	#(96/pfres)+2	; try to come close to the real size
    667  f181					      endif
    668  f181					      endif
    669  f181
    670  f181		       e5 ef		      sbc	playfieldpos
    671  f183		       85 ef		      sta	playfieldpos
    672  f185		       8a		      txa
    673  f186
    674  f186				  -	      ifconst	shakescreen
    675  f186				  -	      bit	shakescreen
    676  f186				  -	      bmi	noshakescreen2
    677  f186				  -	      ldx	#$3D
    678  f186				  -noshakescreen2
    679  f186					      endif
    680  f186
    681  f186		       95 02		      sta	WSYNC,x
    682  f188
    683  f188							; STA WSYNC ;first one, need one more
    684  f188		       85 0b		      sta	REFP0
    685  f18a		       85 0c		      sta	REFP1
    686  f18c		       85 1b		      STA	GRP0
    687  f18e		       85 1c		      STA	GRP1
    688  f190							; STA PF1
    689  f190							; STA PF2
    690  f190		       85 2b		      sta	HMCLR
    691  f192		       85 1d		      sta	ENAM0
    692  f194		       85 1e		      sta	ENAM1
    693  f196		       85 1f		      sta	ENABL
    694  f198
    695  f198		       a5 9d		      lda	temp2	;restore variables that were obliterated by kernel
    696  f19a		       85 85		      sta	player0y
    697  f19c		       a5 9e		      lda	temp3
    698  f19e		       85 86		      sta	player1y
    699  f1a0					      ifnconst	player1colors
    700  f1a0		       a5 a1		      lda	temp6
    701  f1a2		       85 88		      sta	missile1y
    702  f1a4					      endif
    703  f1a4					      ifnconst	playercolors
    704  f1a4					      ifnconst	readpaddle
    705  f1a4		       a5 a0		      lda	temp5
    706  f1a6		       85 91		      sta	missile0y
    707  f1a8					      endif
    708  f1a8					      endif
    709  f1a8		       a5 f7		      lda	stack2
    710  f1aa		       85 89		      sta	bally
    711  f1ac
    712  f1ac							; strangely, this isn't required any more. might have
    713  f1ac							; resulted from the no_blank_lines score bounce fix
    714  f1ac							;ifconst no_blank_lines
    715  f1ac							;sta WSYNC
    716  f1ac							;endif
    717  f1ac
    718  f1ac		       ad 84 02 	      lda	INTIM
    719  f1af		       18		      clc
    720  f1b0					      ifnconst	vblank_time
    721  f1b0		       69 8e		      adc	#43+12+87
    722  f1b2				  -	      else
    723  f1b2				  -	      adc	#vblank_time+12+87
    724  f1b2				  -
    725  f1b2					      endif
    726  f1b2							; sta WSYNC
    727  f1b2		       8d 96 02 	      sta	TIM64T
    728  f1b5
    729  f1b5					      ifconst	minikernel
    730  f1b5		       20 ba f7 	      jsr	minikernel
    731  f1b8					      endif
    732  f1b8
    733  f1b8							; now reassign temp vars for score pointers
    734  f1b8
    735  f1b8							; score pointers contain:
    736  f1b8							; score1-5: lo1,lo2,lo3,lo4,lo5,lo6
    737  f1b8							; swap lo2->temp1
    738  f1b8							; swap lo4->temp3
    739  f1b8							; swap lo6->temp5
    740  f1b8				  -	      ifnconst	noscore
    741  f1b8				  -	      lda	scorepointers+1
    742  f1b8				  -			; ldy temp1
    743  f1b8				  -	      sta	temp1
    744  f1b8				  -			; sty scorepointers+1
    745  f1b8				  -
    746  f1b8				  -	      lda	scorepointers+3
    747  f1b8				  -			; ldy temp3
    748  f1b8				  -	      sta	temp3
    749  f1b8				  -			; sty scorepointers+3
    750  f1b8				  -
    751  f1b8				  -
    752  f1b8				  -	      sta	HMCLR
    753  f1b8				  -	      tsx
    754  f1b8				  -	      stx	stack1
    755  f1b8				  -	      ldx	#$E0
    756  f1b8				  -	      stx	HMP0
    757  f1b8				  -
    758  f1b8				  -	      LDA	scorecolor
    759  f1b8				  -	      STA	COLUP0
    760  f1b8				  -	      STA	COLUP1
    761  f1b8				  -	      ifconst	scorefade
    762  f1b8				  -	      STA	stack2
    763  f1b8				  -	      endif
    764  f1b8				  -	      ifconst	pfscore
    765  f1b8				  -	      lda	pfscorecolor
    766  f1b8				  -	      sta	COLUPF
    767  f1b8				  -	      endif
    768  f1b8				  -	      sta	WSYNC
    769  f1b8				  -	      ldx	#0
    770  f1b8				  -	      STx	GRP0
    771  f1b8				  -	      STx	GRP1	; seems to be needed because of vdel
    772  f1b8				  -
    773  f1b8				  -	      lda	scorepointers+5
    774  f1b8				  -			; ldy temp5
    775  f1b8				  -	      sta	temp5,x
    776  f1b8				  -			; sty scorepointers+5
    777  f1b8				  -	      lda	#>scoretable
    778  f1b8				  -	      sta	scorepointers+1
    779  f1b8				  -	      sta	scorepointers+3
    780  f1b8				  -	      sta	scorepointers+5
    781  f1b8				  -	      sta	temp2
    782  f1b8				  -	      sta	temp4
    783  f1b8				  -	      sta	temp6
    784  f1b8				  -	      LDY	#7
    785  f1b8				  -	      STY	VDELP0
    786  f1b8				  -	      STA	RESP0
    787  f1b8				  -	      STA	RESP1
    788  f1b8				  -
    789  f1b8				  -
    790  f1b8				  -	      LDA	#$03
    791  f1b8				  -	      STA	NUSIZ0
    792  f1b8				  -	      STA	NUSIZ1
    793  f1b8				  -	      STA	VDELP1
    794  f1b8				  -	      LDA	#$F0
    795  f1b8				  -	      STA	HMP1
    796  f1b8				  -	      lda	(scorepointers),y
    797  f1b8				  -	      sta	GRP0
    798  f1b8				  -	      STA	HMOVE	; cycle 73 ?
    799  f1b8				  -	      jmp	beginscore
    800  f1b8				  -
    801  f1b8				  -
    802  f1b8				  -	      if	((<*)>$d4)
    803  f1b8				  -	      align	256	; kludge that potentially wastes space! should be fixed!
    804  f1b8				  -	      endif
    805  f1b8				  -
    806  f1b8				  -loop2
    807  f1b8				  -	      lda	(scorepointers),y	;+5 68 204
    808  f1b8				  -	      sta	GRP0	;+3 71 213 D1 -- -- --
    809  f1b8				  -	      ifconst	pfscore
    810  f1b8				  -	      lda.w	pfscore1
    811  f1b8				  -	      sta	PF1
    812  f1b8				  -	      else
    813  f1b8				  -	      ifconst	scorefade
    814  f1b8				  -	      sleep	2
    815  f1b8				  -	      dec	stack2	; decrement the temporary scorecolor
    816  f1b8				  -	      else
    817  f1b8				  -	      sleep	7
    818  f1b8				  -	      endif
    819  f1b8				  -	      endif
    820  f1b8				  -			; cycle 0
    821  f1b8				  -beginscore
    822  f1b8				  -	      lda	(scorepointers+$8),y	;+5 5 15
    823  f1b8				  -	      sta	GRP1	;+3 8 24 D1 D1 D2 --
    824  f1b8				  -	      lda	(scorepointers+$6),y	;+5 13 39
    825  f1b8				  -	      sta	GRP0	;+3 16 48 D3 D1 D2 D2
    826  f1b8				  -	      lax	(scorepointers+$2),y	;+5 29 87
    827  f1b8				  -	      txs
    828  f1b8				  -	      lax	(scorepointers+$4),y	;+5 36 108
    829  f1b8				  -	      ifconst	scorefade
    830  f1b8				  -	      lda	stack2
    831  f1b8				  -	      else
    832  f1b8				  -	      sleep	3
    833  f1b8				  -	      endif
    834  f1b8				  -
    835  f1b8				  -	      ifconst	pfscore
    836  f1b8				  -	      lda	pfscore2
    837  f1b8				  -	      sta	PF1
    838  f1b8				  -	      else
    839  f1b8				  -	      ifconst	scorefade
    840  f1b8				  -	      sta	COLUP0
    841  f1b8				  -	      sta	COLUP1
    842  f1b8				  -	      else
    843  f1b8				  -	      sleep	6
    844  f1b8				  -	      endif
    845  f1b8				  -	      endif
    846  f1b8				  -
    847  f1b8				  -	      lda	(scorepointers+$A),y	;+5 21 63
    848  f1b8				  -	      stx	GRP1	;+3 44 132 D3 D3 D4 D2!
    849  f1b8				  -	      tsx
    850  f1b8				  -	      stx	GRP0	;+3 47 141 D5 D3! D4 D4
    851  f1b8				  -	      sta	GRP1	;+3 50 150 D5 D5 D6 D4!
    852  f1b8				  -	      sty	GRP0	;+3 53 159 D4* D5! D6 D6
    853  f1b8				  -	      dey
    854  f1b8				  -	      bpl	loop2	;+2 60 180
    855  f1b8				  -
    856  f1b8				  -	      ldx	stack1
    857  f1b8				  -	      txs
    858  f1b8				  -			; lda scorepointers+1
    859  f1b8				  -	      ldy	temp1
    860  f1b8				  -			; sta temp1
    861  f1b8				  -	      sty	scorepointers+1
    862  f1b8				  -
    863  f1b8				  -	      LDA	#0
    864  f1b8				  -	      sta	PF1
    865  f1b8				  -	      STA	GRP0
    866  f1b8				  -	      STA	GRP1
    867  f1b8				  -	      STA	VDELP0
    868  f1b8				  -	      STA	VDELP1	;do we need these
    869  f1b8				  -	      STA	NUSIZ0
    870  f1b8				  -	      STA	NUSIZ1
    871  f1b8				  -
    872  f1b8				  -			; lda scorepointers+3
    873  f1b8				  -	      ldy	temp3
    874  f1b8				  -			; sta temp3
    875  f1b8				  -	      sty	scorepointers+3
    876  f1b8				  -
    877  f1b8				  -			; lda scorepointers+5
    878  f1b8				  -	      ldy	temp5
    879  f1b8				  -			; sta temp5
    880  f1b8				  -	      sty	scorepointers+5
    881  f1b8					      endif		;noscore
    882  f1b8				  -	      ifconst	readpaddle
    883  f1b8				  -	      lda	#%11000010
    884  f1b8					      else
    885  f1b8				  -	      ifconst	qtcontroller
    886  f1b8				  -	      lda	qtcontroller
    887  f1b8				  -	      lsr		; bit 0 in carry
    888  f1b8				  -	      lda	#4
    889  f1b8				  -	      ror		; carry into top of A
    890  f1b8					      else
    891  f1b8		       a9 02		      lda	#2
    892  f1ba					      endif		; qtcontroller
    893  f1ba					      endif		; readpaddle
    894  f1ba		       85 02		      sta	WSYNC
    895  f1bc		       85 01		      sta	VBLANK
      0  f1be					      RETURN
      1  f1be					      ifnconst	bankswitch
      2  f1be		       60		      rts
      3  f1bf				  -	      else
      4  f1bf				  -	      jmp	BS_return
      5  f1bf					      endif
    897  f1bf				  -	      ifconst	shakescreen
    898  f1bf				  -doshakescreen
    899  f1bf				  -	      bit	shakescreen
    900  f1bf				  -	      bmi	noshakescreen
    901  f1bf				  -	      sta	WSYNC
    902  f1bf				  -noshakescreen
    903  f1bf				  -	      ldx	missile0height
    904  f1bf				  -	      inx
    905  f1bf				  -	      rts
    906  f1bf					      endif
    907  f1bf
    908  f1bf							; Provided under the CC0 license. See the included LICENSE.txt for details.
    909  f1bf
    910  f1bf							; playfield drawing routines
    911  f1bf							; you get a 32x12 bitmapped display in a single color :)
    912  f1bf							; 0-31 and 0-11
    913  f1bf
    914  f1bf				   pfclear		; clears playfield - or fill with pattern
    915  f1bf				  -	      ifconst	pfres
    916  f1bf				  -	      ldx	#pfres*pfwidth-1
    917  f1bf					      else
    918  f1bf		       a2 2f		      ldx	#47-(4-pfwidth)*12	; will this work?
    919  f1c1					      endif
    920  f1c1				   pfclear_loop
    921  f1c1					      ifnconst	superchip
    922  f1c1		       95 a4		      sta	playfield,x
    923  f1c3				  -	      else
    924  f1c3				  -	      sta	playfield-128,x
    925  f1c3					      endif
    926  f1c3		       ca		      dex
    927  f1c4		       10 fb		      bpl	pfclear_loop
      0  f1c6					      RETURN
      1  f1c6					      ifnconst	bankswitch
      2  f1c6		       60		      rts
      3  f1c7				  -	      else
      4  f1c7				  -	      jmp	BS_return
      5  f1c7					      endif
    929  f1c7
    930  f1c7				   setuppointers
    931  f1c7		       86 9d		      stx	temp2	; store on.off.flip value
    932  f1c9		       aa		      tax		; put x-value in x 
    933  f1ca		       4a		      lsr
    934  f1cb		       4a		      lsr
    935  f1cc		       4a		      lsr		; divide x pos by 8 
    936  f1cd		       85 9c		      sta	temp1
    937  f1cf		       98		      tya
    938  f1d0		       0a		      asl
    939  f1d1					      if	pfwidth=4
    940  f1d1		       0a		      asl		; multiply y pos by 4
    941  f1d2					      endif		; else multiply by 2
    942  f1d2		       18		      clc
    943  f1d3		       65 9c		      adc	temp1	; add them together to get actual memory location offset
    944  f1d5		       a8		      tay		; put the value in y
    945  f1d6		       a5 9d		      lda	temp2	; restore on.off.flip value
    946  f1d8		       60		      rts
    947  f1d9
    948  f1d9				   pfread
    949  f1d9							;x=xvalue, y=yvalue
    950  f1d9		       20 c7 f1 	      jsr	setuppointers
    951  f1dc		       bd 41 f2 	      lda	setbyte,x
    952  f1df		       39 a4 00 	      and	playfield,y
    953  f1e2		       5d 41 f2 	      eor	setbyte,x
    954  f1e5							; beq readzero
    955  f1e5							; lda #1
    956  f1e5							; readzero
      0  f1e5					      RETURN
      1  f1e5					      ifnconst	bankswitch
      2  f1e5		       60		      rts
      3  f1e6				  -	      else
      4  f1e6				  -	      jmp	BS_return
      5  f1e6					      endif
    958  f1e6
    959  f1e6				   pfpixel
    960  f1e6							;x=xvalue, y=yvalue, a=0,1,2
    961  f1e6		       20 c7 f1 	      jsr	setuppointers
    962  f1e9
    963  f1e9				  -	      ifconst	bankswitch
    964  f1e9				  -	      lda	temp2	; load on.off.flip value (0,1, or 2)
    965  f1e9				  -	      beq	pixelon_r	; if "on" go to on
    966  f1e9				  -	      lsr
    967  f1e9				  -	      bcs	pixeloff_r	; value is 1 if true
    968  f1e9				  -	      lda	playfield,y	; if here, it's "flip"
    969  f1e9				  -	      eor	setbyte,x
    970  f1e9				  -	      ifconst	superchip
    971  f1e9				  -	      sta	playfield-128,y
    972  f1e9				  -	      else
    973  f1e9				  -	      sta	playfield,y
    974  f1e9				  -	      endif
    975  f1e9				  -	      RETURN
    976  f1e9				  -pixelon_r
    977  f1e9				  -	      lda	playfield,y
    978  f1e9				  -	      ora	setbyte,x
    979  f1e9				  -	      ifconst	superchip
    980  f1e9				  -	      sta	playfield-128,y
    981  f1e9				  -	      else
    982  f1e9				  -	      sta	playfield,y
    983  f1e9				  -	      endif
    984  f1e9				  -	      RETURN
    985  f1e9				  -pixeloff_r
    986  f1e9				  -	      lda	setbyte,x
    987  f1e9				  -	      eor	#$ff
    988  f1e9				  -	      and	playfield,y
    989  f1e9				  -	      ifconst	superchip
    990  f1e9				  -	      sta	playfield-128,y
    991  f1e9				  -	      else
    992  f1e9				  -	      sta	playfield,y
    993  f1e9				  -	      endif
    994  f1e9				  -	      RETURN
    995  f1e9				  -
    996  f1e9					      else
    997  f1e9		       4c 1a f2 	      jmp	plotpoint
    998  f1ec					      endif
    999  f1ec
   1000  f1ec				   pfhline
   1001  f1ec							;x=xvalue, y=yvalue, a=0,1,2, temp3=endx
   1002  f1ec		       20 c7 f1 	      jsr	setuppointers
   1003  f1ef		       4c f9 f1 	      jmp	noinc
   1004  f1f2				   keepgoing
   1005  f1f2		       e8		      inx
   1006  f1f3		       8a		      txa
   1007  f1f4		       29 07		      and	#7
   1008  f1f6		       d0 01		      bne	noinc
   1009  f1f8		       c8		      iny
   1010  f1f9				   noinc
   1011  f1f9		       20 1a f2 	      jsr	plotpoint
   1012  f1fc		       e4 9e		      cpx	temp3
   1013  f1fe		       30 f2		      bmi	keepgoing
      0  f200					      RETURN
      1  f200					      ifnconst	bankswitch
      2  f200		       60		      rts
      3  f201				  -	      else
      4  f201				  -	      jmp	BS_return
      5  f201					      endif
   1015  f201
   1016  f201				   pfvline
   1017  f201							;x=xvalue, y=yvalue, a=0,1,2, temp3=endx
   1018  f201		       20 c7 f1 	      jsr	setuppointers
   1019  f204		       84 9c		      sty	temp1	; store memory location offset
   1020  f206		       e6 9e		      inc	temp3	; increase final x by 1 
   1021  f208		       a5 9e		      lda	temp3
   1022  f20a		       0a		      asl
   1023  f20b					      if	pfwidth=4
   1024  f20b		       0a		      asl		; multiply by 4
   1025  f20c					      endif		; else multiply by 2
   1026  f20c		       85 9e		      sta	temp3	; store it
   1027  f20e							; Thanks to Michael Rideout for fixing a bug in this code
   1028  f20e							; right now, temp1=y=starting memory location, temp3=final
   1029  f20e							; x should equal original x value
   1030  f20e				   keepgoingy
   1031  f20e		       20 1a f2 	      jsr	plotpoint
   1032  f211		       c8		      iny
   1033  f212		       c8		      iny
   1034  f213					      if	pfwidth=4
   1035  f213		       c8		      iny
   1036  f214		       c8		      iny
   1037  f215					      endif
   1038  f215		       c4 9e		      cpy	temp3
   1039  f217		       30 f5		      bmi	keepgoingy
      0  f219					      RETURN
      1  f219					      ifnconst	bankswitch
      2  f219		       60		      rts
      3  f21a				  -	      else
      4  f21a				  -	      jmp	BS_return
      5  f21a					      endif
   1041  f21a
   1042  f21a				   plotpoint
   1043  f21a		       a5 9d		      lda	temp2	; load on.off.flip value (0,1, or 2)
   1044  f21c		       f0 0d		      beq	pixelon	; if "on" go to on
   1045  f21e		       4a		      lsr
   1046  f21f		       b0 14		      bcs	pixeloff	; value is 1 if true
   1047  f221		       b9 a4 00 	      lda	playfield,y	; if here, it's "flip"
   1048  f224		       5d 41 f2 	      eor	setbyte,x
   1049  f227				  -	      ifconst	superchip
   1050  f227				  -	      sta	playfield-128,y
   1051  f227					      else
   1052  f227		       99 a4 00 	      sta	playfield,y
   1053  f22a					      endif
   1054  f22a		       60		      rts
   1055  f22b				   pixelon
   1056  f22b		       b9 a4 00 	      lda	playfield,y
   1057  f22e		       1d 41 f2 	      ora	setbyte,x
   1058  f231				  -	      ifconst	superchip
   1059  f231				  -	      sta	playfield-128,y
   1060  f231					      else
   1061  f231		       99 a4 00 	      sta	playfield,y
   1062  f234					      endif
   1063  f234		       60		      rts
   1064  f235				   pixeloff
   1065  f235		       bd 41 f2 	      lda	setbyte,x
   1066  f238		       49 ff		      eor	#$ff
   1067  f23a		       39 a4 00 	      and	playfield,y
   1068  f23d				  -	      ifconst	superchip
   1069  f23d				  -	      sta	playfield-128,y
   1070  f23d					      else
   1071  f23d		       99 a4 00 	      sta	playfield,y
   1072  f240					      endif
   1073  f240		       60		      rts
   1074  f241
   1075  f241				   setbyte
   1076  f241					      ifnconst	pfcenter
   1077  f241		       80		      .byte.b	$80
   1078  f242		       40		      .byte.b	$40
   1079  f243		       20		      .byte.b	$20
   1080  f244		       10		      .byte.b	$10
   1081  f245		       08		      .byte.b	$08
   1082  f246		       04		      .byte.b	$04
   1083  f247		       02		      .byte.b	$02
   1084  f248		       01		      .byte.b	$01
   1085  f249					      endif
   1086  f249		       01		      .byte.b	$01
   1087  f24a		       02		      .byte.b	$02
   1088  f24b		       04		      .byte.b	$04
   1089  f24c		       08		      .byte.b	$08
   1090  f24d		       10		      .byte.b	$10
   1091  f24e		       20		      .byte.b	$20
   1092  f24f		       40		      .byte.b	$40
   1093  f250		       80		      .byte.b	$80
   1094  f251		       80		      .byte.b	$80
   1095  f252		       40		      .byte.b	$40
   1096  f253		       20		      .byte.b	$20
   1097  f254		       10		      .byte.b	$10
   1098  f255		       08		      .byte.b	$08
   1099  f256		       04		      .byte.b	$04
   1100  f257		       02		      .byte.b	$02
   1101  f258		       01		      .byte.b	$01
   1102  f259		       01		      .byte.b	$01
   1103  f25a		       02		      .byte.b	$02
   1104  f25b		       04		      .byte.b	$04
   1105  f25c		       08		      .byte.b	$08
   1106  f25d		       10		      .byte.b	$10
   1107  f25e		       20		      .byte.b	$20
   1108  f25f		       40		      .byte.b	$40
   1109  f260		       80		      .byte.b	$80
   1110  f261							; Provided under the CC0 license. See the included LICENSE.txt for details.
   1111  f261
   1112  f261				   pfscroll		;(a=0 left, 1 right, 2 up, 4 down, 6=upup, 12=downdown)
   1113  f261		       d0 13		      bne	notleft
   1114  f263							;left
   1115  f263				  -	      ifconst	pfres
   1116  f263				  -	      ldx	#pfres*4
   1117  f263					      else
   1118  f263		       a2 30		      ldx	#48
   1119  f265					      endif
   1120  f265				   leftloop
   1121  f265		       b5 a3		      lda	playfield-1,x
   1122  f267		       4a		      lsr
   1123  f268
   1124  f268				  -	      ifconst	superchip
   1125  f268				  -	      lda	playfield-2,x
   1126  f268				  -	      rol
   1127  f268				  -	      sta	playfield-130,x
   1128  f268				  -	      lda	playfield-3,x
   1129  f268				  -	      ror
   1130  f268				  -	      sta	playfield-131,x
   1131  f268				  -	      lda	playfield-4,x
   1132  f268				  -	      rol
   1133  f268				  -	      sta	playfield-132,x
   1134  f268				  -	      lda	playfield-1,x
   1135  f268				  -	      ror
   1136  f268				  -	      sta	playfield-129,x
   1137  f268					      else
   1138  f268		       36 a2		      rol	playfield-2,x
   1139  f26a		       76 a1		      ror	playfield-3,x
   1140  f26c		       36 a0		      rol	playfield-4,x
   1141  f26e		       76 a3		      ror	playfield-1,x
   1142  f270					      endif
   1143  f270
   1144  f270		       8a		      txa
   1145  f271		       cb 04		      sbx	#4
   1146  f273		       d0 f0		      bne	leftloop
      0  f275					      RETURN
      1  f275					      ifnconst	bankswitch
      2  f275		       60		      rts
      3  f276				  -	      else
      4  f276				  -	      jmp	BS_return
      5  f276					      endif
   1148  f276
   1149  f276				   notleft
   1150  f276		       4a		      lsr
   1151  f277		       90 13		      bcc	notright
   1152  f279							;right
   1153  f279
   1154  f279				  -	      ifconst	pfres
   1155  f279				  -	      ldx	#pfres*4
   1156  f279					      else
   1157  f279		       a2 30		      ldx	#48
   1158  f27b					      endif
   1159  f27b				   rightloop
   1160  f27b		       b5 a0		      lda	playfield-4,x
   1161  f27d		       4a		      lsr
   1162  f27e				  -	      ifconst	superchip
   1163  f27e				  -	      lda	playfield-3,x
   1164  f27e				  -	      rol
   1165  f27e				  -	      sta	playfield-131,x
   1166  f27e				  -	      lda	playfield-2,x
   1167  f27e				  -	      ror
   1168  f27e				  -	      sta	playfield-130,x
   1169  f27e				  -	      lda	playfield-1,x
   1170  f27e				  -	      rol
   1171  f27e				  -	      sta	playfield-129,x
   1172  f27e				  -	      lda	playfield-4,x
   1173  f27e				  -	      ror
   1174  f27e				  -	      sta	playfield-132,x
   1175  f27e					      else
   1176  f27e		       36 a1		      rol	playfield-3,x
   1177  f280		       76 a2		      ror	playfield-2,x
   1178  f282		       36 a3		      rol	playfield-1,x
   1179  f284		       76 a0		      ror	playfield-4,x
   1180  f286					      endif
   1181  f286		       8a		      txa
   1182  f287		       cb 04		      sbx	#4
   1183  f289		       d0 f0		      bne	rightloop
      0  f28b					      RETURN
      1  f28b					      ifnconst	bankswitch
      2  f28b		       60		      rts
      3  f28c				  -	      else
      4  f28c				  -	      jmp	BS_return
      5  f28c					      endif
   1185  f28c
   1186  f28c				   notright
   1187  f28c		       4a		      lsr
   1188  f28d		       90 49		      bcc	notup
   1189  f28f							;up
   1190  f28f		       4a		      lsr
   1191  f290		       90 02		      bcc	onedecup
   1192  f292		       c6 ef		      dec	playfieldpos
   1193  f294				   onedecup
   1194  f294		       c6 ef		      dec	playfieldpos
   1195  f296		       f0 02		      beq	shiftdown
   1196  f298		       10 3d		      bpl	noshiftdown2
   1197  f29a				   shiftdown
   1198  f29a				  -	      ifconst	pfrowheight
   1199  f29a				  -	      lda	#pfrowheight
   1200  f29a					      else
   1201  f29a					      ifnconst	pfres
   1202  f29a		       a9 08		      lda	#8
   1203  f29c				  -	      else
   1204  f29c				  -	      lda	#(96/pfres)	; try to come close to the real size
   1205  f29c					      endif
   1206  f29c					      endif
   1207  f29c
   1208  f29c		       85 ef		      sta	playfieldpos
   1209  f29e		       a5 a7		      lda	playfield+3
   1210  f2a0		       85 9f		      sta	temp4
   1211  f2a2		       a5 a6		      lda	playfield+2
   1212  f2a4		       85 9e		      sta	temp3
   1213  f2a6		       a5 a5		      lda	playfield+1
   1214  f2a8		       85 9d		      sta	temp2
   1215  f2aa		       a5 a4		      lda	playfield
   1216  f2ac		       85 9c		      sta	temp1
   1217  f2ae		       a2 00		      ldx	#0
   1218  f2b0				   up2
   1219  f2b0		       b5 a8		      lda	playfield+4,x
   1220  f2b2				  -	      ifconst	superchip
   1221  f2b2				  -	      sta	playfield-128,x
   1222  f2b2				  -	      lda	playfield+5,x
   1223  f2b2				  -	      sta	playfield-127,x
   1224  f2b2				  -	      lda	playfield+6,x
   1225  f2b2				  -	      sta	playfield-126,x
   1226  f2b2				  -	      lda	playfield+7,x
   1227  f2b2				  -	      sta	playfield-125,x
   1228  f2b2					      else
   1229  f2b2		       95 a4		      sta	playfield,x
   1230  f2b4		       b5 a9		      lda	playfield+5,x
   1231  f2b6		       95 a5		      sta	playfield+1,x
   1232  f2b8		       b5 aa		      lda	playfield+6,x
   1233  f2ba		       95 a6		      sta	playfield+2,x
   1234  f2bc		       b5 ab		      lda	playfield+7,x
   1235  f2be		       95 a7		      sta	playfield+3,x
   1236  f2c0					      endif
   1237  f2c0		       8a		      txa
   1238  f2c1		       cb fc		      sbx	#252
   1239  f2c3				  -	      ifconst	pfres
   1240  f2c3				  -	      cpx	#(pfres-1)*4
   1241  f2c3					      else
   1242  f2c3		       e0 2c		      cpx	#44
   1243  f2c5					      endif
   1244  f2c5		       d0 e9		      bne	up2
   1245  f2c7
   1246  f2c7		       a5 9f		      lda	temp4
   1247  f2c9
   1248  f2c9				  -	      ifconst	superchip
   1249  f2c9				  -	      ifconst	pfres
   1250  f2c9				  -	      sta	playfield+pfres*4-129
   1251  f2c9				  -	      lda	temp3
   1252  f2c9				  -	      sta	playfield+pfres*4-130
   1253  f2c9				  -	      lda	temp2
   1254  f2c9				  -	      sta	playfield+pfres*4-131
   1255  f2c9				  -	      lda	temp1
   1256  f2c9				  -	      sta	playfield+pfres*4-132
   1257  f2c9				  -	      else
   1258  f2c9				  -	      sta	playfield+47-128
   1259  f2c9				  -	      lda	temp3
   1260  f2c9				  -	      sta	playfield+46-128
   1261  f2c9				  -	      lda	temp2
   1262  f2c9				  -	      sta	playfield+45-128
   1263  f2c9				  -	      lda	temp1
   1264  f2c9				  -	      sta	playfield+44-128
   1265  f2c9				  -	      endif
   1266  f2c9					      else
   1267  f2c9				  -	      ifconst	pfres
   1268  f2c9				  -	      sta	playfield+pfres*4-1
   1269  f2c9				  -	      lda	temp3
   1270  f2c9				  -	      sta	playfield+pfres*4-2
   1271  f2c9				  -	      lda	temp2
   1272  f2c9				  -	      sta	playfield+pfres*4-3
   1273  f2c9				  -	      lda	temp1
   1274  f2c9				  -	      sta	playfield+pfres*4-4
   1275  f2c9					      else
   1276  f2c9		       85 d3		      sta	playfield+47
   1277  f2cb		       a5 9e		      lda	temp3
   1278  f2cd		       85 d2		      sta	playfield+46
   1279  f2cf		       a5 9d		      lda	temp2
   1280  f2d1		       85 d1		      sta	playfield+45
   1281  f2d3		       a5 9c		      lda	temp1
   1282  f2d5		       85 d0		      sta	playfield+44
   1283  f2d7					      endif
   1284  f2d7					      endif
   1285  f2d7				   noshiftdown2
      0  f2d7					      RETURN
      1  f2d7					      ifnconst	bankswitch
      2  f2d7		       60		      rts
      3  f2d8				  -	      else
      4  f2d8				  -	      jmp	BS_return
      5  f2d8					      endif
   1287  f2d8
   1288  f2d8
   1289  f2d8				   notup
   1290  f2d8							;down
   1291  f2d8		       4a		      lsr
   1292  f2d9		       b0 02		      bcs	oneincup
   1293  f2db		       e6 ef		      inc	playfieldpos
   1294  f2dd				   oneincup
   1295  f2dd		       e6 ef		      inc	playfieldpos
   1296  f2df		       a5 ef		      lda	playfieldpos
   1297  f2e1
   1298  f2e1				  -	      ifconst	pfrowheight
   1299  f2e1				  -	      cmp	#pfrowheight+1
   1300  f2e1					      else
   1301  f2e1					      ifnconst	pfres
   1302  f2e1		       c9 09		      cmp	#9
   1303  f2e3				  -	      else
   1304  f2e3				  -	      cmp	#(96/pfres)+1	; try to come close to the real size
   1305  f2e3					      endif
   1306  f2e3					      endif
   1307  f2e3
   1308  f2e3		       90 3b		      bcc	noshiftdown
   1309  f2e5		       a9 01		      lda	#1
   1310  f2e7		       85 ef		      sta	playfieldpos
   1311  f2e9
   1312  f2e9				  -	      ifconst	pfres
   1313  f2e9				  -	      lda	playfield+pfres*4-1
   1314  f2e9				  -	      sta	temp4
   1315  f2e9				  -	      lda	playfield+pfres*4-2
   1316  f2e9				  -	      sta	temp3
   1317  f2e9				  -	      lda	playfield+pfres*4-3
   1318  f2e9				  -	      sta	temp2
   1319  f2e9				  -	      lda	playfield+pfres*4-4
   1320  f2e9					      else
   1321  f2e9		       a5 d3		      lda	playfield+47
   1322  f2eb		       85 9f		      sta	temp4
   1323  f2ed		       a5 d2		      lda	playfield+46
   1324  f2ef		       85 9e		      sta	temp3
   1325  f2f1		       a5 d1		      lda	playfield+45
   1326  f2f3		       85 9d		      sta	temp2
   1327  f2f5		       a5 d0		      lda	playfield+44
   1328  f2f7					      endif
   1329  f2f7
   1330  f2f7		       85 9c		      sta	temp1
   1331  f2f9
   1332  f2f9				  -	      ifconst	pfres
   1333  f2f9				  -	      ldx	#(pfres-1)*4
   1334  f2f9					      else
   1335  f2f9		       a2 2c		      ldx	#44
   1336  f2fb					      endif
   1337  f2fb				   down2
   1338  f2fb		       b5 a3		      lda	playfield-1,x
   1339  f2fd				  -	      ifconst	superchip
   1340  f2fd				  -	      sta	playfield-125,x
   1341  f2fd				  -	      lda	playfield-2,x
   1342  f2fd				  -	      sta	playfield-126,x
   1343  f2fd				  -	      lda	playfield-3,x
   1344  f2fd				  -	      sta	playfield-127,x
   1345  f2fd				  -	      lda	playfield-4,x
   1346  f2fd				  -	      sta	playfield-128,x
   1347  f2fd					      else
   1348  f2fd		       95 a7		      sta	playfield+3,x
   1349  f2ff		       b5 a2		      lda	playfield-2,x
   1350  f301		       95 a6		      sta	playfield+2,x
   1351  f303		       b5 a1		      lda	playfield-3,x
   1352  f305		       95 a5		      sta	playfield+1,x
   1353  f307		       b5 a0		      lda	playfield-4,x
   1354  f309		       95 a4		      sta	playfield,x
   1355  f30b					      endif
   1356  f30b		       8a		      txa
   1357  f30c		       cb 04		      sbx	#4
   1358  f30e		       d0 eb		      bne	down2
   1359  f310
   1360  f310		       a5 9f		      lda	temp4
   1361  f312				  -	      ifconst	superchip
   1362  f312				  -	      sta	playfield-125
   1363  f312				  -	      lda	temp3
   1364  f312				  -	      sta	playfield-126
   1365  f312				  -	      lda	temp2
   1366  f312				  -	      sta	playfield-127
   1367  f312				  -	      lda	temp1
   1368  f312				  -	      sta	playfield-128
   1369  f312					      else
   1370  f312		       85 a7		      sta	playfield+3
   1371  f314		       a5 9e		      lda	temp3
   1372  f316		       85 a6		      sta	playfield+2
   1373  f318		       a5 9d		      lda	temp2
   1374  f31a		       85 a5		      sta	playfield+1
   1375  f31c		       a5 9c		      lda	temp1
   1376  f31e		       85 a4		      sta	playfield
   1377  f320					      endif
   1378  f320				   noshiftdown
      0  f320					      RETURN
      1  f320					      ifnconst	bankswitch
      2  f320		       60		      rts
      3  f321				  -	      else
      4  f321				  -	      jmp	BS_return
      5  f321					      endif
   1380  f321							; Provided under the CC0 license. See the included LICENSE.txt for details.
   1381  f321
   1382  f321							;standard routines needed for pretty much all games
   1383  f321							; just the random number generator is left - maybe we should remove this asm file altogether?
   1384  f321							; repositioning code and score pointer setup moved to overscan
   1385  f321							; read switches, joysticks now compiler generated (more efficient)
   1386  f321
   1387  f321				   randomize
   1388  f321		       a5 a2		      lda	rand
   1389  f323		       4a		      lsr
   1390  f324				  -	      ifconst	rand16
   1391  f324				  -	      rol	rand16
   1392  f324					      endif
   1393  f324		       90 02		      bcc	noeor
   1394  f326		       49 b4		      eor	#$B4
   1395  f328				   noeor
   1396  f328		       85 a2		      sta	rand
   1397  f32a				  -	      ifconst	rand16
   1398  f32a				  -	      eor	rand16
   1399  f32a					      endif
      0  f32a					      RETURN
      1  f32a					      ifnconst	bankswitch
      2  f32a		       60		      rts
      3  f32b				  -	      else
      4  f32b				  -	      jmp	BS_return
      5  f32b					      endif
   1401  f32b							; Provided under the CC0 license. See the included LICENSE.txt for details.
   1402  f32b
   1403  f32b				   drawscreen
   1404  f32b				  -	      ifconst	debugscore
   1405  f32b				  -	      ldx	#14
   1406  f32b				  -	      lda	INTIM	; display # cycles left in the score
   1407  f32b				  -
   1408  f32b				  -	      ifconst	mincycles
   1409  f32b				  -	      lda	mincycles
   1410  f32b				  -	      cmp	INTIM
   1411  f32b				  -	      lda	mincycles
   1412  f32b				  -	      bcc	nochange
   1413  f32b				  -	      lda	INTIM
   1414  f32b				  -	      sta	mincycles
   1415  f32b				  -nochange
   1416  f32b				  -	      endif
   1417  f32b				  -
   1418  f32b				  -			; cmp #$2B
   1419  f32b				  -			; bcs no_cycles_left
   1420  f32b				  -	      bmi	cycles_left
   1421  f32b				  -	      ldx	#64
   1422  f32b				  -	      eor	#$ff	;make negative
   1423  f32b				  -cycles_left
   1424  f32b				  -	      stx	scorecolor
   1425  f32b				  -	      and	#$7f	; clear sign bit
   1426  f32b				  -	      tax
   1427  f32b				  -	      lda	scorebcd,x
   1428  f32b				  -	      sta	score+2
   1429  f32b				  -	      lda	scorebcd1,x
   1430  f32b				  -	      sta	score+1
   1431  f32b				  -	      jmp	done_debugscore
   1432  f32b				  -scorebcd
   1433  f32b				  -	      .byte	$00, $64, $28, $92, $56, $20, $84, $48, $12, $76, $40
   1434  f32b				  -	      .byte	$04, $68, $32, $96, $60, $24, $88, $52, $16, $80, $44
   1435  f32b				  -	      .byte	$08, $72, $36, $00, $64, $28, $92, $56, $20, $84, $48
   1436  f32b				  -	      .byte	$12, $76, $40, $04, $68, $32, $96, $60, $24, $88
   1437  f32b				  -scorebcd1
   1438  f32b				  -	      .byte	0, 0, 1, 1, 2, 3, 3, 4, 5, 5, 6
   1439  f32b				  -	      .byte	7, 7, 8, 8, 9, $10, $10, $11, $12, $12, $13
   1440  f32b				  -	      .byte	$14, $14, $15, $16, $16, $17, $17, $18, $19, $19, $20
   1441  f32b				  -	      .byte	$21, $21, $22, $23, $23, $24, $24, $25, $26, $26
   1442  f32b				  -done_debugscore
   1443  f32b					      endif
   1444  f32b
   1445  f32b				  -	      ifconst	debugcycles
   1446  f32b				  -	      lda	INTIM	; if we go over, it mucks up the background color
   1447  f32b				  -			; cmp #$2B
   1448  f32b				  -			; BCC overscan
   1449  f32b				  -	      bmi	overscan
   1450  f32b				  -	      sta	COLUBK
   1451  f32b				  -	      bcs	doneoverscan
   1452  f32b					      endif
   1453  f32b
   1454  f32b				   overscan
   1455  f32b				  -	      ifconst	interlaced
   1456  f32b				  -	      PHP
   1457  f32b				  -	      PLA
   1458  f32b				  -	      EOR	#4	; flip interrupt bit
   1459  f32b				  -	      PHA
   1460  f32b				  -	      PLP
   1461  f32b				  -	      AND	#4	; isolate the interrupt bit
   1462  f32b				  -	      TAX		; save it for later
   1463  f32b					      endif
   1464  f32b
   1465  f32b				   overscanloop
   1466  f32b		       ad 84 02 	      lda	INTIM	;wait for sync
   1467  f32e		       30 fb		      bmi	overscanloop
   1468  f330				   doneoverscan
   1469  f330
   1470  f330							;do VSYNC
   1471  f330
   1472  f330				  -	      ifconst	interlaced
   1473  f330				  -	      CPX	#4
   1474  f330				  -	      BNE	oddframevsync
   1475  f330					      endif
   1476  f330
   1477  f330		       a9 02		      lda	#2
   1478  f332		       85 02		      sta	WSYNC
   1479  f334		       85 00		      sta	VSYNC
   1480  f336		       85 02		      STA	WSYNC
   1481  f338		       85 02		      STA	WSYNC
   1482  f33a		       4a		      lsr
   1483  f33b		       85 02		      STA	WSYNC
   1484  f33d		       85 00		      STA	VSYNC
   1485  f33f		       85 01		      sta	VBLANK
   1486  f341					      ifnconst	overscan_time
   1487  f341		       a9 a5		      lda	#37+128
   1488  f343				  -	      else
   1489  f343				  -	      lda	#overscan_time+128
   1490  f343					      endif
   1491  f343		       8d 96 02 	      sta	TIM64T
   1492  f346
   1493  f346				  -	      ifconst	interlaced
   1494  f346				  -	      jmp	postsync
   1495  f346				  -
   1496  f346				  -oddframevsync
   1497  f346				  -	      sta	WSYNC
   1498  f346				  -
   1499  f346				  -	      LDA	($80,X)	; 11 waste
   1500  f346				  -	      LDA	($80,X)	; 11 waste
   1501  f346				  -	      LDA	($80,X)	; 11 waste
   1502  f346				  -
   1503  f346				  -	      lda	#2
   1504  f346				  -	      sta	VSYNC
   1505  f346				  -	      sta	WSYNC
   1506  f346				  -	      sta	WSYNC
   1507  f346				  -	      sta	WSYNC
   1508  f346				  -
   1509  f346				  -	      LDA	($80,X)	; 11 waste
   1510  f346				  -	      LDA	($80,X)	; 11 waste
   1511  f346				  -	      LDA	($80,X)	; 11 waste
   1512  f346				  -
   1513  f346				  -	      lda	#0
   1514  f346				  -	      sta	VSYNC
   1515  f346				  -	      sta	VBLANK
   1516  f346				  -	      ifnconst	overscan_time
   1517  f346				  -	      lda	#37+128
   1518  f346				  -	      else
   1519  f346				  -	      lda	#overscan_time+128
   1520  f346				  -	      endif
   1521  f346				  -	      sta	TIM64T
   1522  f346				  -
   1523  f346				  -postsync
   1524  f346					      endif
   1525  f346
   1526  f346				  -	      ifconst	legacy
   1527  f346				  -	      if	legacy < 100
   1528  f346				  -	      ldx	#4
   1529  f346				  -adjustloop
   1530  f346				  -	      lda	player0x,x
   1531  f346				  -	      sec
   1532  f346				  -	      sbc	#14	;?
   1533  f346				  -	      sta	player0x,x
   1534  f346				  -	      dex
   1535  f346				  -	      bpl	adjustloop
   1536  f346				  -	      endif
   1537  f346					      endif
   1538  f346				  -	      if	((<*)>$e9)&&((<*)<$fa)
   1539  f346				  -	      repeat	($fa-(<*))
   1540  f346				  -	      nop
   1541  f346				  -	      repend
   1542  f346					      endif
   1543  f346		       85 02		      sta	WSYNC
   1544  f348		       a2 04		      ldx	#4
      0  f34a					      SLEEP	3
      1  f34a				   .CYCLES    SET	3
      2  f34a
      3  f34a				  -	      IF	.CYCLES < 2
      4  f34a				  -	      ECHO	"MACRO ERROR: 'SLEEP': Duration must be > 1"
      5  f34a				  -	      ERR
      6  f34a					      ENDIF
      7  f34a
      8  f34a					      IF	.CYCLES & 1
      9  f34a					      IFNCONST	NO_ILLEGAL_OPCODES
     10  f34a		       04 00		      nop	0
     11  f34c				  -	      ELSE
     12  f34c				  -	      bit	VSYNC
     13  f34c					      ENDIF
     14  f34c				   .CYCLES    SET	.CYCLES - 3
     15  f34c					      ENDIF
     16  f34c
     17  f34c				  -	      REPEAT	.CYCLES / 2
     18  f34c				  -	      nop
     19  f34c					      REPEND
   1546  f34c				   HorPosLoop		; 5
   1547  f34c		       b5 80		      lda	player0x,X	;+4 9
   1548  f34e		       38		      sec		;+2 11
   1549  f34f				   DivideLoop
   1550  f34f		       e9 0f		      sbc	#15
   1551  f351		       b0 fc		      bcs	DivideLoop	;+4 15
   1552  f353		       95 9c		      sta	temp1,X	;+4 19
   1553  f355		       95 10		      sta	RESP0,X	;+4 23
   1554  f357		       85 02		      sta	WSYNC
   1555  f359		       ca		      dex
   1556  f35a		       10 f0		      bpl	HorPosLoop	;+5 5
   1557  f35c							; 4
   1558  f35c
   1559  f35c		       a2 04		      ldx	#4
   1560  f35e		       b4 9c		      ldy	temp1,X
   1561  f360		       b9 bc f2 	      lda	repostable-256,Y
   1562  f363		       95 20		      sta	HMP0,X	;+14 18
   1563  f365
   1564  f365		       ca		      dex
   1565  f366		       b4 9c		      ldy	temp1,X
   1566  f368		       b9 bc f2 	      lda	repostable-256,Y
   1567  f36b		       95 20		      sta	HMP0,X	;+14 32
   1568  f36d
   1569  f36d		       ca		      dex
   1570  f36e		       b4 9c		      ldy	temp1,X
   1571  f370		       b9 bc f2 	      lda	repostable-256,Y
   1572  f373		       95 20		      sta	HMP0,X	;+14 46
   1573  f375
   1574  f375		       ca		      dex
   1575  f376		       b4 9c		      ldy	temp1,X
   1576  f378		       b9 bc f2 	      lda	repostable-256,Y
   1577  f37b		       95 20		      sta	HMP0,X	;+14 60
   1578  f37d
   1579  f37d		       ca		      dex
   1580  f37e		       b4 9c		      ldy	temp1,X
   1581  f380		       b9 bc f2 	      lda	repostable-256,Y
   1582  f383		       95 20		      sta	HMP0,X	;+14 74
   1583  f385
   1584  f385		       85 02		      sta	WSYNC
   1585  f387
   1586  f387		       85 2a		      sta	HMOVE	;+3 3
   1587  f389
   1588  f389
   1589  f389				  -	      ifconst	legacy
   1590  f389				  -	      if	legacy < 100
   1591  f389				  -	      ldx	#4
   1592  f389				  -adjustloop2
   1593  f389				  -	      lda	player0x,x
   1594  f389				  -	      clc
   1595  f389				  -	      adc	#14	;?
   1596  f389				  -	      sta	player0x,x
   1597  f389				  -	      dex
   1598  f389				  -	      bpl	adjustloop2
   1599  f389				  -	      endif
   1600  f389					      endif
   1601  f389
   1602  f389
   1603  f389
   1604  f389
   1605  f389							;set score pointers
   1606  f389		       a7 95		      lax	score+2
   1607  f38b		       20 bc f3 	      jsr	scorepointerset
   1608  f38e		       84 9b		      sty	scorepointers+5
   1609  f390		       86 98		      stx	scorepointers+2
   1610  f392		       a7 94		      lax	score+1
   1611  f394		       20 bc f3 	      jsr	scorepointerset
   1612  f397		       84 9a		      sty	scorepointers+4
   1613  f399		       86 97		      stx	scorepointers+1
   1614  f39b		       a7 93		      lax	score
   1615  f39d		       20 bc f3 	      jsr	scorepointerset
   1616  f3a0		       84 99		      sty	scorepointers+3
   1617  f3a2		       86 96		      stx	scorepointers
   1618  f3a4
   1619  f3a4				   vblk
   1620  f3a4							; run possible vblank bB code
   1621  f3a4				  -	      ifconst	vblank_bB_code
   1622  f3a4				  -	      jsr	vblank_bB_code
   1623  f3a4					      endif
   1624  f3a4				   vblk2
   1625  f3a4		       ad 84 02 	      LDA	INTIM
   1626  f3a7		       30 fb		      bmi	vblk2
   1627  f3a9		       4c 34 f0 	      jmp	kernel
   1628  f3ac
   1629  f3ac
   1630  f3ac		       80 70 60 50*	      .byte.b	$80,$70,$60,$50,$40,$30,$20,$10,$00
   1631  f3b5		       f0 e0 d0 c0*	      .byte.b	$F0,$E0,$D0,$C0,$B0,$A0,$90
   1632  f3bc				   repostable
   1633  f3bc
   1634  f3bc				   scorepointerset
   1635  f3bc		       29 0f		      and	#$0F
   1636  f3be		       0a		      asl
   1637  f3bf		       0a		      asl
   1638  f3c0		       0a		      asl
   1639  f3c1		       69 9c		      adc	#<scoretable
   1640  f3c3		       a8		      tay
   1641  f3c4		       8a		      txa
   1642  f3c5							; and #$F0
   1643  f3c5							; lsr
   1644  f3c5		       4b f0		      asr	#$F0
   1645  f3c7		       69 9c		      adc	#<scoretable
   1646  f3c9		       aa		      tax
   1647  f3ca		       60		      rts
   1648  f3cb				   game
   1649  f3cb				   .L00 		;  set romsize 4k
   1650  f3cb
   1651  f3cb				   .L01 		;  const p0color  =  $9A
   1652  f3cb
   1653  f3cb				   .L02 		;  const p1color  =  $4A
   1654  f3cb
   1655  f3cb				   .L03 		;  const explode_color  =  $3F
   1656  f3cb
   1657  f3cb				   .L04 		;  const bkcolor  =  $00
   1658  f3cb
   1659  f3cb				   .L05 		;  const gameoverbkcolor  =  $E0
   1660  f3cb
   1661  f3cb				   .L06 		;  const offscreen  =	200
   1662  f3cb
   1663  f3cb				   .L07 		;  const pfscore  =  1
   1664  f3cb
   1665  f3cb				   .L08 		;  const press_fire  =  0
   1666  f3cb
   1667  f3cb				   .L09 		;  const red_hits  =  12
   1668  f3cb
   1669  f3cb				   .L010		;  const blue_hits  =	24
   1670  f3cb
   1671  f3cb				   .L011		;  const red_wins  =  36
   1672  f3cb
   1673  f3cb				   .L012		;  const blue_wins  =	48
   1674  f3cb
   1675  f3cb				   .L013		;  const blank_text  =  60
   1676  f3cb
   1677  f3cb				   .L014		;  const scorebkcolor	=  $60
   1678  f3cb
   1679  f3cb				   .L015		;  const textbkcolor  =  $12
   1680  f3cb
   1681  f3cb				   .L016		;  const fontstyle  =	SQUISH
   1682  f3cb
   1683  f3cb				   .
   1684  f3cb							;
   1685  f3cb
   1686  f3cb				   .
   1687  f3cb							;
   1688  f3cb
   1689  f3cb				   .
   1690  f3cb							;
   1691  f3cb
   1692  f3cb				   .L017		;  dim TextIndex  =  z
   1693  f3cb
   1694  f3cb				   .L018		;  dim P0FlippedBit0  =  a
   1695  f3cb
   1696  f3cb				   .L019		;  dim P1FlippedBit1  =  a
   1697  f3cb
   1698  f3cb				   .L020		;  dim Prev0x	=  b
   1699  f3cb
   1700  f3cb				   .L021		;  dim Prev0y	=  c
   1701  f3cb
   1702  f3cb				   .L022		;  dim Prev1x	=  d
   1703  f3cb
   1704  f3cb				   .L023		;  dim Prev1y	=  e
   1705  f3cb
   1706  f3cb				   .L024		;  dim Loop  =  f
   1707  f3cb
   1708  f3cb				   .L025		;  dim Temp  =  g
   1709  f3cb
   1710  f3cb				   .L026		;  dim Temp2  =  h
   1711  f3cb
   1712  f3cb				   .L027		;  dim TextCounter  =	i
   1713  f3cb
   1714  f3cb				   .L028		;  TextColor  =  $0F
   1715  f3cb
   1716  f3cb		       a9 0f		      LDA	#$0F
   1717  f3cd		       85 f5		      STA	TextColor
   1718  f3cf				   .L029		;  scorecolor	=  $DF
   1719  f3cf
   1720  f3cf		       a9 df		      LDA	#$DF
   1721  f3d1		       85 a3		      STA	scorecolor
   1722  f3d3				   .L030		;  score  =  012345
   1723  f3d3
   1724  f3d3		       a9 45		      LDA	#$45
   1725  f3d5		       85 95		      STA	score+2
   1726  f3d7		       a9 23		      LDA	#$23
   1727  f3d9		       85 94		      STA	score+1
   1728  f3db		       a9 01		      LDA	#$01
   1729  f3dd		       85 93		      STA	score
   1730  f3df				   .
   1731  f3df							;
   1732  f3df
   1733  f3df				   .L031		;  player0:
   1734  f3df
   1735  f3df		       a2 00		      LDX	#<playerL031_0
   1736  f3e1		       86 8a		      STX	player0pointerlo
   1737  f3e3		       a9 fd		      LDA	#>playerL031_0
   1738  f3e5		       85 8b		      STA	player0pointerhi
   1739  f3e7		       a9 0a		      LDA	#10
   1740  f3e9		       85 8e		      STA	player0height
   1741  f3eb				   .
   1742  f3eb							;
   1743  f3eb
   1744  f3eb				   .
   1745  f3eb							;
   1746  f3eb
   1747  f3eb				   .L032		;  player1:
   1748  f3eb
   1749  f3eb		       a2 0b		      LDX	#<playerL032_1
   1750  f3ed		       86 8c		      STX	player1pointerlo
   1751  f3ef		       a9 fd		      LDA	#>playerL032_1
   1752  f3f1		       85 8d		      STA	player1pointerhi
   1753  f3f3		       a9 0a		      LDA	#10
   1754  f3f5		       85 8f		      STA	player1height
   1755  f3f7				   .
   1756  f3f7							;
   1757  f3f7
   1758  f3f7				   .ResetGame
   1759  f3f7							; ResetGame
   1760  f3f7
   1761  f3f7				   .
   1762  f3f7							;
   1763  f3f7
   1764  f3f7				   .L033		;  playfield:
   1765  f3f7
   1766  f3f7				  -	      ifconst	pfres
   1767  f3f7				  -	      ldx	#(12>pfres)*(pfres*pfwidth-1)+(12<=pfres)*47
   1768  f3f7					      else
   1769  f3f7		       a2 2f		      ldx	#((12*pfwidth-1)*((12*pfwidth-1)<47))+(47*((12*pfwidth-1)>=47))
   1770  f3f9					      endif
   1771  f3f9		       4c 2c f4 	      jmp	pflabel0
   1772  f3fc				   PF_data0
   1773  f3fc		       00 80		      .byte.b	%00000000, %10000000
   1774  f3fe					      if	(pfwidth>2)
   1775  f3fe		       80 00		      .byte.b	%10000000, %00000000
   1776  f400					      endif
   1777  f400		       00 80		      .byte.b	%00000000, %10000000
   1778  f402					      if	(pfwidth>2)
   1779  f402		       80 00		      .byte.b	%10000000, %00000000
   1780  f404					      endif
   1781  f404		       00 80		      .byte.b	%00000000, %10000000
   1782  f406					      if	(pfwidth>2)
   1783  f406		       80 00		      .byte.b	%10000000, %00000000
   1784  f408					      endif
   1785  f408		       00 80		      .byte.b	%00000000, %10000000
   1786  f40a					      if	(pfwidth>2)
   1787  f40a		       80 00		      .byte.b	%10000000, %00000000
   1788  f40c					      endif
   1789  f40c		       00 80		      .byte.b	%00000000, %10000000
   1790  f40e					      if	(pfwidth>2)
   1791  f40e		       80 00		      .byte.b	%10000000, %00000000
   1792  f410					      endif
   1793  f410		       00 80		      .byte.b	%00000000, %10000000
   1794  f412					      if	(pfwidth>2)
   1795  f412		       80 00		      .byte.b	%10000000, %00000000
   1796  f414					      endif
   1797  f414		       00 80		      .byte.b	%00000000, %10000000
   1798  f416					      if	(pfwidth>2)
   1799  f416		       80 00		      .byte.b	%10000000, %00000000
   1800  f418					      endif
   1801  f418		       00 80		      .byte.b	%00000000, %10000000
   1802  f41a					      if	(pfwidth>2)
   1803  f41a		       80 00		      .byte.b	%10000000, %00000000
   1804  f41c					      endif
   1805  f41c		       00 80		      .byte.b	%00000000, %10000000
   1806  f41e					      if	(pfwidth>2)
   1807  f41e		       80 00		      .byte.b	%10000000, %00000000
   1808  f420					      endif
   1809  f420		       00 80		      .byte.b	%00000000, %10000000
   1810  f422					      if	(pfwidth>2)
   1811  f422		       80 00		      .byte.b	%10000000, %00000000
   1812  f424					      endif
   1813  f424		       00 80		      .byte.b	%00000000, %10000000
   1814  f426					      if	(pfwidth>2)
   1815  f426		       80 00		      .byte.b	%10000000, %00000000
   1816  f428					      endif
   1817  f428		       00 80		      .byte.b	%00000000, %10000000
   1818  f42a					      if	(pfwidth>2)
   1819  f42a		       80 00		      .byte.b	%10000000, %00000000
   1820  f42c					      endif
   1821  f42c				   pflabel0
   1822  f42c		       bd fc f3 	      lda	PF_data0,x
   1823  f42f		       95 a4		      sta	playfield,x
   1824  f431		       ca		      dex
   1825  f432		       10 f8		      bpl	pflabel0
   1826  f434				   .
   1827  f434							;
   1828  f434
   1829  f434				   .L034		;  player0x  =  20  :	player0y  =  50
   1830  f434
   1831  f434		       a9 14		      LDA	#20
   1832  f436		       85 80		      STA	player0x
   1833  f438		       a9 32		      LDA	#50
   1834  f43a		       85 85		      STA	player0y
   1835  f43c				   .L035		;  player1x  =  130  :  player1y  =  50
   1836  f43c
   1837  f43c		       a9 82		      LDA	#130
   1838  f43e		       85 81		      STA	player1x
   1839  f440		       a9 32		      LDA	#50
   1840  f442		       85 86		      STA	player1y
   1841  f444				   .L036		;  pfscorecolor  =  $68
   1842  f444
   1843  f444		       a9 68		      LDA	#$68
   1844  f446		       85 f4		      STA	pfscorecolor
   1845  f448				   .L037		;  missile0y  =  offscreen  :	missile1y  =  offscreen
   1846  f448
   1847  f448		       a9 c8		      LDA	#offscreen
   1848  f44a		       85 91		      STA	missile0y
   1849  f44c		       85 88		      STA	missile1y
   1850  f44e				   .L038		;  missile0height  =  2  :  missile1height  =	2
   1851  f44e
   1852  f44e		       a9 02		      LDA	#2
   1853  f450		       85 90		      STA	missile0height
   1854  f452		       85 87		      STA	missile1height
   1855  f454				   .L039		;  Temp  =  0	:  Temp2  =  0	:  AUDC0  =  0	:  AUDV0  =  0
   1856  f454
   1857  f454		       a9 00		      LDA	#0
   1858  f456		       85 da		      STA	Temp
   1859  f458		       85 db		      STA	Temp2
   1860  f45a		       85 15		      STA	AUDC0
   1861  f45c		       85 19		      STA	AUDV0
   1862  f45e				   .
   1863  f45e							;
   1864  f45e
   1865  f45e				   .
   1866  f45e							;
   1867  f45e
   1868  f45e				   .SubGameOver
   1869  f45e							; SubGameOver
   1870  f45e
   1871  f45e				   .L040		;  Loop  =  Loop  +  1
   1872  f45e
   1873  f45e		       e6 d9		      INC	Loop
   1874  f460				   .L041		;  NUSIZ0  =  $15  :  NUSIZ1  =  $15
   1875  f460
   1876  f460		       a9 15		      LDA	#$15
   1877  f462		       85 04		      STA	NUSIZ0
   1878  f464		       85 05		      STA	NUSIZ1
   1879  f466				   .L042		;  COLUPF  =  $08
   1880  f466
   1881  f466		       a9 08		      LDA	#$08
   1882  f468		       85 08		      STA	COLUPF
   1883  f46a				   .L043		;  COLUP0  =  p0color
   1884  f46a
   1885  f46a		       a9 9a		      LDA	#p0color
   1886  f46c		       85 06		      STA	COLUP0
   1887  f46e				   .L044		;  COLUP1  =  p1color
   1888  f46e
   1889  f46e		       a9 4a		      LDA	#p1color
   1890  f470		       85 07		      STA	COLUP1
   1891  f472				   .L045		;  COLUBK  =  gameoverbkcolor
   1892  f472
   1893  f472		       a9 e0		      LDA	#gameoverbkcolor
   1894  f474		       85 09		      STA	COLUBK
   1895  f476				   .L046		;  temp1  =  Loop  /  16
   1896  f476
   1897  f476		       a5 d9		      LDA	Loop
   1898  f478		       4a		      lsr
   1899  f479		       4a		      lsr
   1900  f47a		       4a		      lsr
   1901  f47b		       4a		      lsr
   1902  f47c		       85 9c		      STA	temp1
   1903  f47e				   .L047		;  temp2  =  temp1  *	16  +  15
   1904  f47e
   1905  f47e							; complex statement detected
   1906  f47e		       a5 9c		      LDA	temp1
   1907  f480		       0a		      asl
   1908  f481		       0a		      asl
   1909  f482		       0a		      asl
   1910  f483		       0a		      asl
   1911  f484		       18		      CLC
   1912  f485		       69 0f		      ADC	#15
   1913  f487		       85 9d		      STA	temp2
   1914  f489				   .L048		;  if TextIndex then TextColor  =  temp2
   1915  f489
   1916  f489		       a5 ed		      LDA	TextIndex
   1917  f48b		       f0 04		      BEQ	.skipL048
   1918  f48d				   .condpart0
   1919  f48d		       a5 9d		      LDA	temp2
   1920  f48f		       85 f5		      STA	TextColor
   1921  f491				   .skipL048
   1922  f491				   .L049		;  drawscreen
   1923  f491
   1924  f491		       20 2b f3 	      jsr	drawscreen
   1925  f494				   .L050		;  Temp  =  Temp  +  1
   1926  f494
   1927  f494		       e6 da		      INC	Temp
   1928  f496				   .L051		;  if Temp  =	60 then Temp2  =  1
   1929  f496
   1930  f496		       a5 da		      LDA	Temp
   1931  f498		       c9 3c		      CMP	#60
   1932  f49a		       d0 04		      BNE	.skipL051
   1933  f49c				   .condpart1
   1934  f49c		       a9 01		      LDA	#1
   1935  f49e		       85 db		      STA	Temp2
   1936  f4a0				   .skipL051
   1937  f4a0				   .L052		;  if Temp2  =  0 then goto SubGameOver
   1938  f4a0
   1939  f4a0		       a5 db		      LDA	Temp2
   1940  f4a2		       c9 00		      CMP	#0
   1941  f4a4		       d0 03		      BNE	.skipL052
   1942  f4a6				   .condpart2
   1943  f4a6		       4c 5e f4 	      jmp	.SubGameOver
   1944  f4a9
   1945  f4a9				   .skipL052
   1946  f4a9				   .L053		;  if !switchreset  &&  !joy0fire  &&	!joy1fire then goto SubGameOver
   1947  f4a9
   1948  f4a9		       a9 01		      lda	#1
   1949  f4ab		       2c 82 02 	      bit	SWCHB
   1950  f4ae		       f0 0b		      BEQ	.skipL053
   1951  f4b0				   .condpart3
   1952  f4b0		       24 0c		      bit	INPT4
   1953  f4b2		       10 07		      BPL	.skip3then
   1954  f4b4				   .condpart4
   1955  f4b4		       24 0d		      bit	INPT5
   1956  f4b6		       10 03		      BPL	.skip4then
   1957  f4b8				   .condpart5
   1958  f4b8		       4c 5e f4 	      jmp	.SubGameOver
   1959  f4bb
   1960  f4bb				   .skip4then
   1961  f4bb				   .skip3then
   1962  f4bb				   .skipL053
   1963  f4bb				   .
   1964  f4bb							;
   1965  f4bb
   1966  f4bb				   .
   1967  f4bb							;
   1968  f4bb
   1969  f4bb				   .L054		;  pfscore1  =  42  :	pfscore2  =  42
   1970  f4bb
   1971  f4bb		       a9 2a		      LDA	#42
   1972  f4bd		       85 f2		      STA	pfscore1
   1973  f4bf		       85 f3		      STA	pfscore2
   1974  f4c1				   .
   1975  f4c1							;
   1976  f4c1
   1977  f4c1				   .L055		;  TextIndex  =  blank_text
   1978  f4c1
   1979  f4c1		       a9 3c		      LDA	#blank_text
   1980  f4c3		       85 ed		      STA	TextIndex
   1981  f4c5				   .
   1982  f4c5							;
   1983  f4c5
   1984  f4c5				   .
   1985  f4c5							;
   1986  f4c5
   1987  f4c5				   .MainLoop
   1988  f4c5							; MainLoop
   1989  f4c5
   1990  f4c5				   .L056		;  NUSIZ0  =  $15  :  NUSIZ1  =  $15
   1991  f4c5
   1992  f4c5		       a9 15		      LDA	#$15
   1993  f4c7		       85 04		      STA	NUSIZ0
   1994  f4c9		       85 05		      STA	NUSIZ1
   1995  f4cb				   .L057		;  COLUBK  =  bkcolor
   1996  f4cb
   1997  f4cb		       a9 00		      LDA	#bkcolor
   1998  f4cd		       85 09		      STA	COLUBK
   1999  f4cf				   .L058		;  COLUPF  =  $08
   2000  f4cf
   2001  f4cf		       a9 08		      LDA	#$08
   2002  f4d1		       85 08		      STA	COLUPF
   2003  f4d3				   .L059		;  COLUP0  =  p0color
   2004  f4d3
   2005  f4d3		       a9 9a		      LDA	#p0color
   2006  f4d5		       85 06		      STA	COLUP0
   2007  f4d7				   .L060		;  COLUP1  =  p1color
   2008  f4d7
   2009  f4d7		       a9 4a		      LDA	#p1color
   2010  f4d9		       85 07		      STA	COLUP1
   2011  f4db				   .L061		;  pfscroll up
   2012  f4db
   2013  f4db		       a9 02		      LDA	#2
   2014  f4dd		       20 61 f2 	      jsr	pfscroll
   2015  f4e0				   .L062		;  Prev0x  =  player0x
   2016  f4e0
   2017  f4e0		       a5 80		      LDA	player0x
   2018  f4e2		       85 d5		      STA	Prev0x
   2019  f4e4				   .L063		;  Prev0y  =  player0y
   2020  f4e4
   2021  f4e4		       a5 85		      LDA	player0y
   2022  f4e6		       85 d6		      STA	Prev0y
   2023  f4e8				   .L064		;  Prev1x  =  player1x
   2024  f4e8
   2025  f4e8		       a5 81		      LDA	player1x
   2026  f4ea		       85 d7		      STA	Prev1x
   2027  f4ec				   .L065		;  Prev1y  =  player1y
   2028  f4ec
   2029  f4ec		       a5 86		      LDA	player1y
   2030  f4ee		       85 d8		      STA	Prev1y
   2031  f4f0				   .L066		;  if joy0left  &&  player0x  >  0 then player0x  =  player0x	-  1
   2032  f4f0
   2033  f4f0		       2c 80 02 	      bit	SWCHA
   2034  f4f3		       70 08		      BVS	.skipL066
   2035  f4f5				   .condpart6
   2036  f4f5		       a9 00		      LDA	#0
   2037  f4f7		       c5 80		      CMP	player0x
   2038  f4f9		       b0 02		      BCS	.skip6then
   2039  f4fb				   .condpart7
   2040  f4fb		       c6 80		      DEC	player0x
   2041  f4fd				   .skip6then
   2042  f4fd				   .skipL066
   2043  f4fd				   .L067		;  if joy0right  &&  player0x	<  144 then player0x  =  player0x  +  1
   2044  f4fd
   2045  f4fd		       2c 80 02 	      bit	SWCHA
   2046  f500		       30 08		      BMI	.skipL067
   2047  f502				   .condpart8
   2048  f502		       a5 80		      LDA	player0x
   2049  f504		       c9 90		      CMP	#144
   2050  f506		       b0 02		      BCS	.skip8then
   2051  f508				   .condpart9
   2052  f508		       e6 80		      INC	player0x
   2053  f50a				   .skip8then
   2054  f50a				   .skipL067
   2055  f50a				   .L068		;  if joy1left  &&  player1x  >  0 then player1x  =  player1x	-  1
   2056  f50a
   2057  f50a		       a9 04		      lda	#4
   2058  f50c		       2c 80 02 	      bit	SWCHA
   2059  f50f		       d0 08		      BNE	.skipL068
   2060  f511				   .condpart10
   2061  f511		       a9 00		      LDA	#0
   2062  f513		       c5 81		      CMP	player1x
   2063  f515		       b0 02		      BCS	.skip10then
   2064  f517				   .condpart11
   2065  f517		       c6 81		      DEC	player1x
   2066  f519				   .skip10then
   2067  f519				   .skipL068
   2068  f519				   .L069		;  if joy1right  &&  player1x	<  144 then player1x  =  player1x  +  1
   2069  f519
   2070  f519		       a9 08		      lda	#8
   2071  f51b		       2c 80 02 	      bit	SWCHA
   2072  f51e		       d0 08		      BNE	.skipL069
   2073  f520				   .condpart12
   2074  f520		       a5 81		      LDA	player1x
   2075  f522		       c9 90		      CMP	#144
   2076  f524		       b0 02		      BCS	.skip12then
   2077  f526				   .condpart13
   2078  f526		       e6 81		      INC	player1x
   2079  f528				   .skip12then
   2080  f528				   .skipL069
   2081  f528				   .
   2082  f528							;
   2083  f528
   2084  f528				   .L070		;  if joy0up  &&  player0y  >	player0height  +  2 then player0y  =  player0y	-  1
   2085  f528
   2086  f528		       a9 10		      lda	#$10
   2087  f52a		       2c 80 02 	      bit	SWCHA
   2088  f52d		       d0 0b		      BNE	.skipL070
   2089  f52f				   .condpart14
   2090  f52f							; complex condition detected
   2091  f52f		       a5 8e		      LDA	player0height
   2092  f531		       18		      CLC
   2093  f532		       69 02		      ADC	#2
   2094  f534		       c5 85		      CMP	player0y
   2095  f536		       b0 02		      BCS	.skip14then
   2096  f538				   .condpart15
   2097  f538		       c6 85		      DEC	player0y
   2098  f53a				   .skip14then
   2099  f53a				   .skipL070
   2100  f53a				   .L071		;  if joy0down  &&  player0y  <  82 then player0y  =  player0y  +  1
   2101  f53a
   2102  f53a		       a9 20		      lda	#$20
   2103  f53c		       2c 80 02 	      bit	SWCHA
   2104  f53f		       d0 08		      BNE	.skipL071
   2105  f541				   .condpart16
   2106  f541		       a5 85		      LDA	player0y
   2107  f543		       c9 52		      CMP	#82
   2108  f545		       b0 02		      BCS	.skip16then
   2109  f547				   .condpart17
   2110  f547		       e6 85		      INC	player0y
   2111  f549				   .skip16then
   2112  f549				   .skipL071
   2113  f549				   .L072		;  if joy1up  &&  player1y  >	player1height  +  2 then player1y  =  player1y	-  1
   2114  f549
   2115  f549		       a9 01		      lda	#1
   2116  f54b		       2c 80 02 	      bit	SWCHA
   2117  f54e		       d0 0b		      BNE	.skipL072
   2118  f550				   .condpart18
   2119  f550							; complex condition detected
   2120  f550		       a5 8f		      LDA	player1height
   2121  f552		       18		      CLC
   2122  f553		       69 02		      ADC	#2
   2123  f555		       c5 86		      CMP	player1y
   2124  f557		       b0 02		      BCS	.skip18then
   2125  f559				   .condpart19
   2126  f559		       c6 86		      DEC	player1y
   2127  f55b				   .skip18then
   2128  f55b				   .skipL072
   2129  f55b				   .L073		;  if joy1down  &&  player1y  <  82 then player1y  =  player1y  +  1
   2130  f55b
   2131  f55b		       a9 02		      lda	#2
   2132  f55d		       2c 80 02 	      bit	SWCHA
   2133  f560		       d0 08		      BNE	.skipL073
   2134  f562				   .condpart20
   2135  f562		       a5 86		      LDA	player1y
   2136  f564		       c9 52		      CMP	#82
   2137  f566		       b0 02		      BCS	.skip20then
   2138  f568				   .condpart21
   2139  f568		       e6 86		      INC	player1y
   2140  f56a				   .skip20then
   2141  f56a				   .skipL073
   2142  f56a				   .L074		;  if missile0y  =  offscreen then goto ____skip_move_p0missile
   2143  f56a
   2144  f56a		       a5 91		      LDA	missile0y
   2145  f56c		       c9 c8		      CMP	#offscreen
   2146  f56e		       d0 03		      BNE	.skipL074
   2147  f570				   .condpart22
   2148  f570		       4c 82 f5 	      jmp	.____skip_move_p0missile
   2149  f573
   2150  f573				   .skipL074
   2151  f573				   .L075		;  missile0x  =  missile0x  +	1
   2152  f573
   2153  f573		       e6 82		      INC	missile0x
   2154  f575				   .L076		;  if missile0x  >  158 then missile0y  =  offscreen
   2155  f575
   2156  f575		       a9 9e		      LDA	#158
   2157  f577		       c5 82		      CMP	missile0x
   2158  f579		       b0 04		      BCS	.skipL076
   2159  f57b				   .condpart23
   2160  f57b		       a9 c8		      LDA	#offscreen
   2161  f57d		       85 91		      STA	missile0y
   2162  f57f				   .skipL076
   2163  f57f				   .L077		;  goto ____p0missile_done
   2164  f57f
   2165  f57f		       4c a0 f5 	      jmp	.____p0missile_done
   2166  f582
   2167  f582				   .____skip_move_p0missile
   2168  f582							; ____skip_move_p0missile
   2169  f582
   2170  f582				   .L078		;  if !joy0fire then goto ____skip_joy0fire
   2171  f582
   2172  f582		       24 0c		      bit	INPT4
   2173  f584		       10 03		      BPL	.skipL078
   2174  f586				   .condpart24
   2175  f586		       4c a0 f5 	      jmp	.____skip_joy0fire
   2176  f589
   2177  f589				   .skipL078
   2178  f589				   .L079		;  if missile0y  <>  offscreen then goto ____skip_joy0fire
   2179  f589
   2180  f589		       a5 91		      LDA	missile0y
   2181  f58b		       c9 c8		      CMP	#offscreen
   2182  f58d		       f0 03		      BEQ	.skipL079
   2183  f58f				   .condpart25
   2184  f58f		       4c a0 f5 	      jmp	.____skip_joy0fire
   2185  f592
   2186  f592				   .skipL079
   2187  f592				   .L080		;  missile0x  =  player0x  +  16
   2188  f592
   2189  f592		       a5 80		      LDA	player0x
   2190  f594		       18		      CLC
   2191  f595		       69 10		      ADC	#16
   2192  f597		       85 82		      STA	missile0x
   2193  f599				   .L081		;  missile0y  =  player0y  -  7
   2194  f599
   2195  f599		       a5 85		      LDA	player0y
   2196  f59b		       38		      SEC
   2197  f59c		       e9 07		      SBC	#7
   2198  f59e		       85 91		      STA	missile0y
   2199  f5a0				   .____skip_joy0fire
   2200  f5a0							; ____skip_joy0fire
   2201  f5a0
   2202  f5a0				   .____p0missile_done
   2203  f5a0							; ____p0missile_done
   2204  f5a0
   2205  f5a0				   .L082		;  if missile1y  =  offscreen then goto ____skip_move_p1missile
   2206  f5a0
   2207  f5a0		       a5 88		      LDA	missile1y
   2208  f5a2		       c9 c8		      CMP	#offscreen
   2209  f5a4		       d0 03		      BNE	.skipL082
   2210  f5a6				   .condpart26
   2211  f5a6		       4c b8 f5 	      jmp	.____skip_move_p1missile
   2212  f5a9
   2213  f5a9				   .skipL082
   2214  f5a9				   .L083		;  missile1x  =  missile1x  -	1
   2215  f5a9
   2216  f5a9		       c6 83		      DEC	missile1x
   2217  f5ab				   .L084		;  if missile1x  <  1 then missile1y  =  offscreen
   2218  f5ab
   2219  f5ab		       a5 83		      LDA	missile1x
   2220  f5ad		       c9 01		      CMP	#1
   2221  f5af		       b0 04		      BCS	.skipL084
   2222  f5b1				   .condpart27
   2223  f5b1		       a9 c8		      LDA	#offscreen
   2224  f5b3		       85 88		      STA	missile1y
   2225  f5b5				   .skipL084
   2226  f5b5				   .L085		;  goto ____p1missile_done
   2227  f5b5
   2228  f5b5		       4c d3 f5 	      jmp	.____p1missile_done
   2229  f5b8
   2230  f5b8				   .____skip_move_p1missile
   2231  f5b8							; ____skip_move_p1missile
   2232  f5b8
   2233  f5b8				   .L086		;  if !joy1fire then goto ____skip_joy1fire
   2234  f5b8
   2235  f5b8		       24 0d		      bit	INPT5
   2236  f5ba		       10 03		      BPL	.skipL086
   2237  f5bc				   .condpart28
   2238  f5bc		       4c d3 f5 	      jmp	.____skip_joy1fire
   2239  f5bf
   2240  f5bf				   .skipL086
   2241  f5bf				   .L087		;  if missile1y  <>  offscreen then goto ____skip_joy1fire
   2242  f5bf
   2243  f5bf		       a5 88		      LDA	missile1y
   2244  f5c1		       c9 c8		      CMP	#offscreen
   2245  f5c3		       f0 03		      BEQ	.skipL087
   2246  f5c5				   .condpart29
   2247  f5c5		       4c d3 f5 	      jmp	.____skip_joy1fire
   2248  f5c8
   2249  f5c8				   .skipL087
   2250  f5c8				   .L088		;  missile1x  =  player1x
   2251  f5c8
   2252  f5c8		       a5 81		      LDA	player1x
   2253  f5ca		       85 83		      STA	missile1x
   2254  f5cc				   .L089		;  missile1y  =  player1y  -  7
   2255  f5cc
   2256  f5cc		       a5 86		      LDA	player1y
   2257  f5ce		       38		      SEC
   2258  f5cf		       e9 07		      SBC	#7
   2259  f5d1		       85 88		      STA	missile1y
   2260  f5d3				   .____skip_joy1fire
   2261  f5d3							; ____skip_joy1fire
   2262  f5d3
   2263  f5d3				   .____p1missile_done
   2264  f5d3							; ____p1missile_done
   2265  f5d3
   2266  f5d3				   .L090		;  drawscreen
   2267  f5d3
   2268  f5d3		       20 2b f3 	      jsr	drawscreen
   2269  f5d6				   .L091		;  AUDC0  =  0  :  AUDV0  =  0
   2270  f5d6
   2271  f5d6		       a9 00		      LDA	#0
   2272  f5d8		       85 15		      STA	AUDC0
   2273  f5da		       85 19		      STA	AUDV0
   2274  f5dc				   .L092		;  if collision(missile0,playfield) then temp1  =  missile0x  :  temp2  =  missile0y  :  missile0y  =	offscreen  :  temp5  =	79  :  gosub SubBreakWall
   2275  f5dc
   2276  f5dc		       24 04		      bit	CXM0FB
   2277  f5de		       10 13		      BPL	.skipL092
   2278  f5e0				   .condpart30
   2279  f5e0		       a5 82		      LDA	missile0x
   2280  f5e2		       85 9c		      STA	temp1
   2281  f5e4		       a5 91		      LDA	missile0y
   2282  f5e6		       85 9d		      STA	temp2
   2283  f5e8		       a9 c8		      LDA	#offscreen
   2284  f5ea		       85 91		      STA	missile0y
   2285  f5ec		       a9 4f		      LDA	#79
   2286  f5ee		       85 a0		      STA	temp5
   2287  f5f0		       20 84 f6 	      jsr	.SubBreakWall
   2288  f5f3
   2289  f5f3				   .skipL092
   2290  f5f3				   .L093		;  if collision(missile0,player1) then pfscore2  =  pfscore2  /  4  :	missile0y  =  offscreen  :  Temp  =  1	:  gosub SubPlayerHit
   2291  f5f3
   2292  f5f3		       24 00		      bit	CXM0P
   2293  f5f5		       10 11		      BPL	.skipL093
   2294  f5f7				   .condpart31
   2295  f5f7		       a5 f3		      LDA	pfscore2
   2296  f5f9		       4a		      lsr
   2297  f5fa		       4a		      lsr
   2298  f5fb		       85 f3		      STA	pfscore2
   2299  f5fd		       a9 c8		      LDA	#offscreen
   2300  f5ff		       85 91		      STA	missile0y
   2301  f601		       a9 01		      LDA	#1
   2302  f603		       85 da		      STA	Temp
   2303  f605		       20 d4 f6 	      jsr	.SubPlayerHit
   2304  f608
   2305  f608				   .skipL093
   2306  f608				   .L094		;  if collision(missile1,playfield) then temp1  =  missile1x  :  temp2  =  missile1y  :  missile1y  =	offscreen  :  temp5  =	81  :  gosub SubBreakWall
   2307  f608
   2308  f608		       24 05		      bit	CXM1FB
   2309  f60a		       10 13		      BPL	.skipL094
   2310  f60c				   .condpart32
   2311  f60c		       a5 83		      LDA	missile1x
   2312  f60e		       85 9c		      STA	temp1
   2313  f610		       a5 88		      LDA	missile1y
   2314  f612		       85 9d		      STA	temp2
   2315  f614		       a9 c8		      LDA	#offscreen
   2316  f616		       85 88		      STA	missile1y
   2317  f618		       a9 51		      LDA	#81
   2318  f61a		       85 a0		      STA	temp5
   2319  f61c		       20 84 f6 	      jsr	.SubBreakWall
   2320  f61f
   2321  f61f				   .skipL094
   2322  f61f				   .L095		;  if collision(missile1,player0) then pfscore1  =  pfscore1  /  4  :	missile1y  =  offscreen  :  Temp  =  0	:  gosub SubPlayerHit
   2323  f61f
   2324  f61f		       24 01		      bit	CXM1P
   2325  f621		       10 11		      BPL	.skipL095
   2326  f623				   .condpart33
   2327  f623		       a5 f2		      LDA	pfscore1
   2328  f625		       4a		      lsr
   2329  f626		       4a		      lsr
   2330  f627		       85 f2		      STA	pfscore1
   2331  f629		       a9 c8		      LDA	#offscreen
   2332  f62b		       85 88		      STA	missile1y
   2333  f62d		       a9 00		      LDA	#0
   2334  f62f		       85 da		      STA	Temp
   2335  f631		       20 d4 f6 	      jsr	.SubPlayerHit
   2336  f634
   2337  f634				   .skipL095
   2338  f634				   .L096		;  if collision(player0,playfield) then player0x  =  player0x	-  8
   2339  f634
   2340  f634		       24 02		      bit	CXP0FB
   2341  f636		       10 07		      BPL	.skipL096
   2342  f638				   .condpart34
   2343  f638		       a5 80		      LDA	player0x
   2344  f63a		       38		      SEC
   2345  f63b		       e9 08		      SBC	#8
   2346  f63d		       85 80		      STA	player0x
   2347  f63f				   .skipL096
   2348  f63f				   .L097		;  if collision(player1,playfield) then player1x  =  player1x	+  8
   2349  f63f
   2350  f63f		       24 03		      bit	CXP1FB
   2351  f641		       10 07		      BPL	.skipL097
   2352  f643				   .condpart35
   2353  f643		       a5 81		      LDA	player1x
   2354  f645		       18		      CLC
   2355  f646		       69 08		      ADC	#8
   2356  f648		       85 81		      STA	player1x
   2357  f64a				   .skipL097
   2358  f64a				   .L098		;  if collision(player0,player1) then player0x  =  Prev0x  :  player0y  =  Prev0y  :  player1x  =  Prev1x  :  player1y  =  Prev1y
   2359  f64a
   2360  f64a		       24 07		      bit	CXPPMM
   2361  f64c		       10 10		      BPL	.skipL098
   2362  f64e				   .condpart36
   2363  f64e		       a5 d5		      LDA	Prev0x
   2364  f650		       85 80		      STA	player0x
   2365  f652		       a5 d6		      LDA	Prev0y
   2366  f654		       85 85		      STA	player0y
   2367  f656		       a5 d7		      LDA	Prev1x
   2368  f658		       85 81		      STA	player1x
   2369  f65a		       a5 d8		      LDA	Prev1y
   2370  f65c		       85 86		      STA	player1y
   2371  f65e				   .skipL098
   2372  f65e				   .L099		;  if pfscore1  =  0  ||  pfscore2  =	0 then goto ResetGame
   2373  f65e
   2374  f65e		       a5 f2		      LDA	pfscore1
   2375  f660		       c9 00		      CMP	#0
   2376  f662		       d0 03		      BNE	.skipL099
   2377  f664				   .condpart37
   2378  f664		       4c 6d f6 	      jmp	.condpart38
   2379  f667				   .skipL099
   2380  f667		       a5 f3		      LDA	pfscore2
   2381  f669		       c9 00		      CMP	#0
   2382  f66b		       d0 03		      BNE	.skip10OR
   2383  f66d				   .condpart38
   2384  f66d		       4c f7 f3 	      jmp	.ResetGame
   2385  f670
   2386  f670				   .skip10OR
   2387  f670				   .L0100		;  if !TextCounter then goto ____end_text_counter
   2388  f670
   2389  f670		       a5 dc		      LDA	TextCounter
   2390  f672		       d0 03		      BNE	.skipL0100
   2391  f674				   .condpart39
   2392  f674		       4c 81 f6 	      jmp	.____end_text_counter
   2393  f677
   2394  f677				   .skipL0100
   2395  f677				   .L0101		;  TextCounter  =  TextCounter  -  1
   2396  f677
   2397  f677		       c6 dc		      DEC	TextCounter
   2398  f679				   .L0102		;  if !TextCounter then TextIndex  =  blank_text
   2399  f679
   2400  f679		       a5 dc		      LDA	TextCounter
   2401  f67b		       d0 04		      BNE	.skipL0102
   2402  f67d				   .condpart40
   2403  f67d		       a9 3c		      LDA	#blank_text
   2404  f67f		       85 ed		      STA	TextIndex
   2405  f681				   .skipL0102
   2406  f681				   .____end_text_counter
   2407  f681							; ____end_text_counter
   2408  f681
   2409  f681				   .
   2410  f681							;
   2411  f681
   2412  f681				   .
   2413  f681							;
   2414  f681
   2415  f681				   .L0103		;  goto MainLoop
   2416  f681
   2417  f681		       4c c5 f4 	      jmp	.MainLoop
   2418  f684
   2419  f684				   .
   2420  f684							;
   2421  f684
   2422  f684				   .
   2423  f684							;
   2424  f684
   2425  f684				   .SubBreakWall
   2426  f684							; SubBreakWall
   2427  f684
   2428  f684				   .L0104		;  AUDC0  =  12  :  AUDV0  =  8  :  AUDF0  =  31
   2429  f684
   2430  f684		       a9 0c		      LDA	#12
   2431  f686		       85 15		      STA	AUDC0
   2432  f688		       a9 08		      LDA	#8
   2433  f68a		       85 19		      STA	AUDV0
   2434  f68c		       a9 1f		      LDA	#31
   2435  f68e		       85 17		      STA	AUDF0
   2436  f690				   .L0105		;  if temp1  >  temp5 then temp3  =  16 else temp3  =	15
   2437  f690
   2438  f690		       a5 a0		      LDA	temp5
   2439  f692		       c5 9c		      CMP	temp1
   2440  f694		       b0 07		      BCS	.skipL0105
   2441  f696				   .condpart41
   2442  f696		       a9 10		      LDA	#16
   2443  f698		       85 9e		      STA	temp3
   2444  f69a		       4c a1 f6 	      jmp	.skipelse0
   2445  f69d				   .skipL0105
   2446  f69d		       a9 0f		      LDA	#15
   2447  f69f		       85 9e		      STA	temp3
   2448  f6a1				   .skipelse0
   2449  f6a1				   .L0106		;  temp4  =  temp4  -	playfieldpos
   2450  f6a1
   2451  f6a1		       a5 9f		      LDA	temp4
   2452  f6a3		       38		      SEC
   2453  f6a4		       e5 ef		      SBC	playfieldpos
   2454  f6a6		       85 9f		      STA	temp4
   2455  f6a8				   .L0107		;  temp4  =  temp2  /	8
   2456  f6a8
   2457  f6a8		       a5 9d		      LDA	temp2
   2458  f6aa		       4a		      lsr
   2459  f6ab		       4a		      lsr
   2460  f6ac		       4a		      lsr
   2461  f6ad		       85 9f		      STA	temp4
   2462  f6af				   .L0108		;  if !pfread ( temp3 , temp4 )  then temp4  =  temp4	+  1
   2463  f6af
   2464  f6af		       a5 9e		      LDA	temp3
   2465  f6b1		       a4 9f		      LDY	temp4
   2466  f6b3		       20 d9 f1 	      jsr	pfread
   2467  f6b6		       f0 02		      BEQ	.skipL0108
   2468  f6b8				   .condpart42
   2469  f6b8		       e6 9f		      INC	temp4
   2470  f6ba				   .skipL0108
   2471  f6ba				   .L0109		;  if !pfread ( temp3 , temp4 )  then temp4  =  temp4	-  2
   2472  f6ba
   2473  f6ba		       a5 9e		      LDA	temp3
   2474  f6bc		       a4 9f		      LDY	temp4
   2475  f6be		       20 d9 f1 	      jsr	pfread
   2476  f6c1		       f0 07		      BEQ	.skipL0109
   2477  f6c3				   .condpart43
   2478  f6c3		       a5 9f		      LDA	temp4
   2479  f6c5		       38		      SEC
   2480  f6c6		       e9 02		      SBC	#2
   2481  f6c8		       85 9f		      STA	temp4
   2482  f6ca				   .skipL0109
   2483  f6ca				   .L0110		;  pfpixel temp3 temp4 off
   2484  f6ca
   2485  f6ca		       a2 01		      LDX	#1
   2486  f6cc		       a4 9f		      LDY	temp4
   2487  f6ce		       a5 9e		      LDA	temp3
   2488  f6d0		       20 e6 f1 	      jsr	pfpixel
   2489  f6d3				   .L0111		;  return
   2490  f6d3
   2491  f6d3		       60		      RTS
   2492  f6d4				   .
   2493  f6d4							;
   2494  f6d4
   2495  f6d4				   .
   2496  f6d4							;
   2497  f6d4
   2498  f6d4				   .
   2499  f6d4							;
   2500  f6d4
   2501  f6d4				   .SubPlayerHit
   2502  f6d4							; SubPlayerHit
   2503  f6d4
   2504  f6d4				   .L0112		;  Temp2  =  player0height
   2505  f6d4
   2506  f6d4		       a5 8e		      LDA	player0height
   2507  f6d6		       85 db		      STA	Temp2
   2508  f6d8				   .L0113		;  temp1  =  player0height  *	2
   2509  f6d8
   2510  f6d8		       a5 8e		      LDA	player0height
   2511  f6da		       0a		      asl
   2512  f6db		       85 9c		      STA	temp1
   2513  f6dd				   .L0114		;  AUDC0  =  8  :  AUDV0  =  8  :  AUDF0  =  31
   2514  f6dd
   2515  f6dd		       a9 08		      LDA	#8
   2516  f6df		       85 15		      STA	AUDC0
   2517  f6e1		       85 19		      STA	AUDV0
   2518  f6e3		       a9 1f		      LDA	#31
   2519  f6e5		       85 17		      STA	AUDF0
   2520  f6e7				   .L0115		;  for Loop = temp1 to 0 step -1
   2521  f6e7
   2522  f6e7		       a5 9c		      LDA	temp1
   2523  f6e9		       85 d9		      STA	Loop
   2524  f6eb				   .L0115forLoop
   2525  f6eb				   .L0116		;  COLUBK  =  bkcolor
   2526  f6eb
   2527  f6eb		       a9 00		      LDA	#bkcolor
   2528  f6ed		       85 09		      STA	COLUBK
   2529  f6ef				   .L0117		;  NUSIZ0  =  $15  :  NUSIZ1  =  $15
   2530  f6ef
   2531  f6ef		       a9 15		      LDA	#$15
   2532  f6f1		       85 04		      STA	NUSIZ0
   2533  f6f3		       85 05		      STA	NUSIZ1
   2534  f6f5				   .L0118		;  COLUPF  =  $08
   2535  f6f5
   2536  f6f5		       a9 08		      LDA	#$08
   2537  f6f7		       85 08		      STA	COLUPF
   2538  f6f9				   .L0119		;  if Temp = 1 then goto ____skip_p0
   2539  f6f9
   2540  f6f9		       a5 da		      LDA	Temp
   2541  f6fb		       c9 01		      CMP	#1
   2542  f6fd		       d0 03		      BNE	.skipL0119
   2543  f6ff				   .condpart44
   2544  f6ff		       4c 29 f7 	      jmp	.____skip_p0
   2545  f702
   2546  f702				   .skipL0119
   2547  f702				   .L0120		;  player0height  =  Loop  /  2
   2548  f702
   2549  f702		       a5 d9		      LDA	Loop
   2550  f704		       4a		      lsr
   2551  f705		       85 8e		      STA	player0height
   2552  f707				   .L0121		;  COLUP0  =  explode_color
   2553  f707
   2554  f707		       a9 3f		      LDA	#explode_color
   2555  f709		       85 06		      STA	COLUP0
   2556  f70b				   .L0122		;  COLUP1  =  p1color
   2557  f70b
   2558  f70b		       a9 4a		      LDA	#p1color
   2559  f70d		       85 07		      STA	COLUP1
   2560  f70f				   .L0123		;  if pfscore1 then TextIndex	=  red_hits else TextIndex  =  red_wins
   2561  f70f
   2562  f70f		       a5 f2		      LDA	pfscore1
   2563  f711		       f0 07		      BEQ	.skipL0123
   2564  f713				   .condpart45
   2565  f713		       a9 0c		      LDA	#red_hits
   2566  f715		       85 ed		      STA	TextIndex
   2567  f717		       4c 1e f7 	      jmp	.skipelse1
   2568  f71a				   .skipL0123
   2569  f71a		       a9 24		      LDA	#red_wins
   2570  f71c		       85 ed		      STA	TextIndex
   2571  f71e				   .skipelse1
   2572  f71e				   .L0124		;  TextCounter  =  120
   2573  f71e
   2574  f71e		       a9 78		      LDA	#120
   2575  f720		       85 dc		      STA	TextCounter
   2576  f722				   .L0125		;  TextColor  =  $4F
   2577  f722
   2578  f722		       a9 4f		      LDA	#$4F
   2579  f724		       85 f5		      STA	TextColor
   2580  f726				   .L0126		;  goto ____skip_p1
   2581  f726
   2582  f726		       4c 4d f7 	      jmp	.____skip_p1
   2583  f729
   2584  f729				   .____skip_p0
   2585  f729							; ____skip_p0
   2586  f729
   2587  f729				   .L0127		;  player1height  =  Loop  /  2
   2588  f729
   2589  f729		       a5 d9		      LDA	Loop
   2590  f72b		       4a		      lsr
   2591  f72c		       85 8f		      STA	player1height
   2592  f72e				   .L0128		;  COLUP0  =  p0color
   2593  f72e
   2594  f72e		       a9 9a		      LDA	#p0color
   2595  f730		       85 06		      STA	COLUP0
   2596  f732				   .L0129		;  COLUP1  =  explode_color
   2597  f732
   2598  f732		       a9 3f		      LDA	#explode_color
   2599  f734		       85 07		      STA	COLUP1
   2600  f736				   .L0130		;  if pfscore2 then TextIndex	=  blue_hits else TextIndex  =	blue_wins
   2601  f736
   2602  f736		       a5 f3		      LDA	pfscore2
   2603  f738		       f0 07		      BEQ	.skipL0130
   2604  f73a				   .condpart46
   2605  f73a		       a9 18		      LDA	#blue_hits
   2606  f73c		       85 ed		      STA	TextIndex
   2607  f73e		       4c 45 f7 	      jmp	.skipelse2
   2608  f741				   .skipL0130
   2609  f741		       a9 30		      LDA	#blue_wins
   2610  f743		       85 ed		      STA	TextIndex
   2611  f745				   .skipelse2
   2612  f745				   .L0131		;  TextCounter  =  120
   2613  f745
   2614  f745		       a9 78		      LDA	#120
   2615  f747		       85 dc		      STA	TextCounter
   2616  f749				   .L0132		;  TextColor  =  $9F
   2617  f749
   2618  f749		       a9 9f		      LDA	#$9F
   2619  f74b		       85 f5		      STA	TextColor
   2620  f74d				   .____skip_p1
   2621  f74d							; ____skip_p1
   2622  f74d
   2623  f74d				   .L0133		;  drawscreen
   2624  f74d
   2625  f74d		       20 2b f3 	      jsr	drawscreen
   2626  f750				   .L0134		;  next
   2627  f750
   2628  f750		       a5 d9		      LDA	Loop
   2629  f752		       18		      CLC
   2630  f753		       69 ff		      ADC	#-1
   2631  f755
   2632  f755		       90 06		      bcc	.L0115forLoop_failsafe
   2633  f757		       85 d9		      STA	Loop
   2634  f759		       c9 00		      CMP	#0
   2635  f75b		       b0 8e		      bcs	.L0115forLoop
   2636  f75d				   .L0115forLoop_failsafe
   2637  f75d				   .L0135		;  if Temp  =	0 then player0height  =  Temp2 else player1height  =  Temp2
   2638  f75d
   2639  f75d		       a5 da		      LDA	Temp
   2640  f75f		       c9 00		      CMP	#0
   2641  f761		       d0 07		      BNE	.skipL0135
   2642  f763				   .condpart47
   2643  f763		       a5 db		      LDA	Temp2
   2644  f765		       85 8e		      STA	player0height
   2645  f767		       4c 6e f7 	      jmp	.skipelse3
   2646  f76a				   .skipL0135
   2647  f76a		       a5 db		      LDA	Temp2
   2648  f76c		       85 8f		      STA	player1height
   2649  f76e				   .skipelse3
   2650  f76e				   .L0136		;  return
   2651  f76e
   2652  f76e		       60		      RTS
   2653  f76f				   .
   2654  f76f							;
   2655  f76f
   2656  f76f				   .
   2657  f76f							;
   2658  f76f
   2659  f76f				   .
   2660  f76f							;
   2661  f76f
   2662  f76f				   .L0137		;  data text_strings
   2663  f76f
   2664  f76f		       4c ba f7 	      JMP	.skipL0137
   2665  f772				   text_strings
   2666  f772		       cd 4b 55 14*	      .byte.b	_hy, __P, __R, __E, __S, __S, _sp, __F, __I, __R, __E, _hy
   2667  f77e
   2668  f77e		       55 14 0f b4*	      .byte.b	__R, __E, __D, _sp, __H, __I, __T, __S, _ex, _sp, _sp, _sp
   2669  f78a
   2670  f78a		       05 37 64 14*	      .byte.b	__B, __L, __U, __E, _sp, __H, __I, __T, __S, _ex, _sp, _sp
   2671  f796
   2672  f796		       55 14 0f b4*	      .byte.b	__R, __E, __D, _sp, __W, __I, __N, __S, _ex, _sp, _sp, _sp
   2673  f7a2
   2674  f7a2		       05 37 64 14*	      .byte.b	__B, __L, __U, __E, _sp, __W, __I, __N, __S, _ex, _sp, _sp
   2675  f7ae
   2676  f7ae		       b4 b4 b4 b4*	      .byte.b	_sp, _sp, _sp, _sp, _sp, _sp, _sp, _sp, _sp, _sp, _sp, _sp
   2677  f7ba
   2678  f7ba				   .skipL0137
   2679  f7ba				   .
   2680  f7ba							;
   2681  f7ba
   2682  f7ba				   .L0138		;  inline text12a.asm
   2683  f7ba
------- FILE text12a.asm LEVEL 2 PASS 3
      0  f7ba					      include	text12a.asm
      1  f7ba				  -	      ifconst	SpriteGfxIndex
      2  f7ba				  -TextDataPtr =	SpriteGfxIndex
      3  f7ba					      else
      4  f7ba		       00 f6	   TextDataPtr =	stack1
      5  f7ba					      endif
      6  f7ba		       00 f5	   TextColor  =	statusbarlength
      7  f7ba		       00 01	   noscore    =	1
      8  f7ba				  -	      ifconst	fontstyle
      9  f7ba				  -	      ifconst	SQUISH
     10  f7ba				  -	      if	fontstyle == SQUISH
     11  f7ba				  -scorecount =	4
     12  f7ba				  -	      endif
     13  f7ba				  -	      endif
     14  f7ba					      endif
     15  f7ba
     16  f7ba				  -	      ifnconst	scorecount
     17  f7ba				  -scorecount =	7
     18  f7ba					      endif
     19  f7ba
     20  f7ba				  -	      ifnconst	textbkcolor
     21  f7ba				  -textbkcolor =	0
     22  f7ba					      endif
     23  f7ba
     24  f7ba
     25  f7ba
     26  f7ba				   minikernel
     27  f7ba
     28  f7ba		       85 02		      sta	WSYNC	; 3	 (0)
     29  f7bc					      ifconst	scorebkcolor
     30  f7bc					      ifnconst	noscoretxt
     31  f7bc		       a9 60		      lda	#scorebkcolor
     32  f7be		       85 09		      sta	COLUBK
     33  f7c0					      endif
     34  f7c0					      endif
     35  f7c0		       a2 00		      ldx	#0	; 2	 (2)
     36  f7c2		       86 1b		      stx	GRP0	; 3	 (5)
     37  f7c4		       86 1c		      stx	GRP1	; 3	 (8)
     38  f7c6		       a0 d0		      ldy	#$D0	; 2	 (10)
     39  f7c8		       84 20		      sty	HMP0	; 3	 (13)
     40  f7ca		       a5 97		      lda	scorepointers+1
     41  f7cc		       85 9c		      sta	temp1
     42  f7ce		       a5 99		      lda	scorepointers+3
     43  f7d0		       85 9e		      sta	temp3
     44  f7d2		       a5 9b		      lda	scorepointers+5
     45  f7d4		       85 a0		      sta	temp5
     46  f7d6		       ba		      tsx
     47  f7d7		       86 ee		      stx	temp7
     48  f7d9		       a0 01		      ldy	#1
     49  f7db		       84 25		      sty	VDELP0
     50  f7dd		       84 26		      sty	VDELP1
     51  f7df		       a5 a3		      lda	scorecolor
     52  f7e1
     53  f7e1		       85 02		      sta	WSYNC	; 3	 (0)
     54  f7e3					      ifnconst	noscoretxt
      0  f7e3					      sleep	3	; 3	 (3)
      1  f7e3				   .CYCLES    SET	3
      2  f7e3
      3  f7e3				  -	      IF	.CYCLES < 2
      4  f7e3				  -	      ECHO	"MACRO ERROR: 'SLEEP': Duration must be > 1"
      5  f7e3				  -	      ERR
      6  f7e3					      ENDIF
      7  f7e3
      8  f7e3					      IF	.CYCLES & 1
      9  f7e3					      IFNCONST	NO_ILLEGAL_OPCODES
     10  f7e3		       04 00		      nop	0
     11  f7e5				  -	      ELSE
     12  f7e5				  -	      bit	VSYNC
     13  f7e5					      ENDIF
     14  f7e5				   .CYCLES    SET	.CYCLES - 3
     15  f7e5					      ENDIF
     16  f7e5
     17  f7e5				  -	      REPEAT	.CYCLES / 2
     18  f7e5				  -	      nop
     19  f7e5					      REPEND
     56  f7e5					      endif
     57  f7e5		       85 06		      sta	COLUP0	; 3	 (6)
     58  f7e7		       85 07		      sta	COLUP1	; 3	 (9)
     59  f7e9				  -	      ifconst	scorefade
     60  f7e9				  -	      STA	stack2	; 3	 (12)
     61  f7e9				  -	      sleep	3	; 3	 (15)
     62  f7e9					      else
     63  f7e9					      ifconst	pfscore
     64  f7e9		       a5 f4		      lda	pfscorecolor	; 3	 (12)
     65  f7eb		       85 08		      sta	COLUPF	; 3	 (15)
     66  f7ed				  -	      else
     67  f7ed				  -	      sleep	6
     68  f7ed					      endif
     69  f7ed					      endif
     70  f7ed		       a9 03		      lda	#3	; 2	 (17)
     71  f7ef		       85 04		      sta	NUSIZ0	; 3	 (20)
     72  f7f1		       85 05		      sta	NUSIZ1	; 3	 (23*)
     73  f7f3
     74  f7f3		       a9 ff		      lda	#>scoretable	; 2	 (25)
     75  f7f5		       85 97		      sta	scorepointers+1	; 3	 (28)
     76  f7f7		       85 99		      sta	scorepointers+3	; 3	 (31)
     77  f7f9		       85 9b		      sta	scorepointers+5	; 3	 (34)
     78  f7fb		       85 9d		      sta	temp2	; 3	 (37)
     79  f7fd		       85 9f		      sta	temp4	; 3	 (40)
     80  f7ff		       85 10		      sta	RESP0	; 3	 (43)
     81  f801		       85 11		      sta	RESP1	; 3	 (46)
     82  f803		       85 a1		      sta	temp6	; 3	 (49)
     83  f805		       a0 e0		      ldy	#$E0	; 2	 (51)
     84  f807		       84 21		      sty	HMP1	; 3	 (54)
     85  f809		       a0 07		      ldy	#scorecount	; 2	 (56)
     86  f80b		       b1 96		      lda	(scorepointers),y	; 5	 (61)
     87  f80d		       85 1b		      sta	GRP0	; 3	 (64)
     88  f80f					      ifconst	pfscore
     89  f80f		       a5 f2		      lda	pfscore1	; 3	 (67)
     90  f811		       85 0e		      sta	PF1	; 3	 (70)
     91  f813				  -	      else
     92  f813				  -	      sleep	6	; 6	 (70)
     93  f813					      endif
     94  f813		       85 2a		      sta	HMOVE	; 3	 (73)
     95  f815				   posthmove
     96  f815					      ifnconst	noscoretxt
     97  f815		       4c 21 f8 	      jmp	begintextscore	; 3	(76/0)
     98  f818
     99  f818
    100  f818				  -	      if	>. != >[.+score_loop_height]
    101  f818				  -	      align	256
    102  f818					      endif
    103  f818
    104  f818				   textscoreloop
    105  f818		       b1 96		      lda	(scorepointers),y	; 5	 (66)
    106  f81a		       85 1b		      sta	GRP0	; 3	 (69)
    107  f81c					      ifconst	pfscore
    108  f81c		       ad f2 00 	      lda.w	pfscore1	; 4	 (73)
    109  f81f		       85 0e		      sta	PF1	; 3	 (76/0)
    110  f821				  -	      else
    111  f821				  -	      ifconst	scorefade
    112  f821				  -	      sleep	2	; 2	 (71)
    113  f821				  -	      dec	stack2	; 5	 (76/0)
    114  f821				  -	      else
    115  f821				  -	      sleep	7	; 7	 (76/0)
    116  f821				  -	      endif
    117  f821					      endif
    118  f821							; cycle 0
    119  f821				   begintextscore
    120  f821		       b1 9e		      lda	(scorepointers+$8),y	; 5	 (5)
    121  f823		       85 1c		      sta	GRP1	; 3	 (8)
    122  f825		       b1 9c		      lda	(scorepointers+$6),y	; 5	 (13)
    123  f827		       85 1b		      sta	GRP0	; 3	 (16)
    124  f829		       b3 98		      lax	(scorepointers+$2),y	; 5	 (21)
    125  f82b		       9a		      txs		; 2	 (23*)
    126  f82c		       b3 9a		      lax	(scorepointers+$4),y	; 5	 (28)
    127  f82e				  -	      ifconst	scorefade
    128  f82e				  -	      lda	stack2	; 3	 (31)
    129  f82e					      else
      0  f82e					      sleep	3	; 3	 (31)
      1  f82e				   .CYCLES    SET	3
      2  f82e
      3  f82e				  -	      IF	.CYCLES < 2
      4  f82e				  -	      ECHO	"MACRO ERROR: 'SLEEP': Duration must be > 1"
      5  f82e				  -	      ERR
      6  f82e					      ENDIF
      7  f82e
      8  f82e					      IF	.CYCLES & 1
      9  f82e					      IFNCONST	NO_ILLEGAL_OPCODES
     10  f82e		       04 00		      nop	0
     11  f830				  -	      ELSE
     12  f830				  -	      bit	VSYNC
     13  f830					      ENDIF
     14  f830				   .CYCLES    SET	.CYCLES - 3
     15  f830					      ENDIF
     16  f830
     17  f830				  -	      REPEAT	.CYCLES / 2
     18  f830				  -	      nop
     19  f830					      REPEND
    131  f830					      endif
    132  f830
    133  f830					      ifconst	pfscore
    134  f830		       a5 f3		      lda	pfscore2	; 3	 (34)
    135  f832		       85 0e		      sta	PF1	; 3	 (37)
    136  f834				  -	      else
    137  f834				  -	      ifconst	scorefade
    138  f834				  -	      sta	COLUP0	; 3	 (34)
    139  f834				  -	      sta	COLUP1	; 3	 (37)
    140  f834				  -	      else
    141  f834				  -	      sleep	6	; 6	 (37)
    142  f834				  -	      endif
    143  f834					      endif
    144  f834
    145  f834		       b1 a0		      lda	(scorepointers+$A),y	; 5	 (42)
    146  f836		       86 1c		      stx	GRP1	; 3	 (45)
    147  f838		       ba		      tsx		; 2	 (47)
    148  f839		       86 1b		      stx	GRP0	; 3	 (50)
    149  f83b		       85 1c		      sta	GRP1	; 3	 (53)
    150  f83d		       84 1b		      sty	GRP0	; 3	 (56)
    151  f83f		       88		      dey		; 2	 (58)
    152  f840		       10 d6		      bpl	textscoreloop	; 3	 (61)
    153  f842					      endif
    154  f842
    155  f842		       00 2a	   score_loop_height =	* - textscoreloop
    156  f842
    157  f842		       a6 ee		      ldx	temp7	; 63
    158  f844		       9a		      txs		; 65
    159  f845		       a0 00		      ldy	#0	; 2	 (67)
    160  f847		       84 0e		      sty	PF1	; 3	 (70)
    161  f849		       84 1b		      sty	GRP0	; 3	 (73)
    162  f84b		       84 1c		      sty	GRP1	; 3	 (76/0)
    163  f84d		       84 1b		      sty	GRP0	; 3	 (3)
    164  f84f		       a9 12		      lda	#textbkcolor
    165  f851		       85 09		      sta	COLUBK	; 3	 (6)
    166  f853
    167  f853				  -	      ifconst	extendedtxt
    168  f853				  -	      sty	stack2	; 3	 (9)
    169  f853				  -	      sty	temp7	; 3	 (12)
    170  f853				  -	      lax	TextIndex	; 3	 (15)
    171  f853				  -	      asl		; 2	 (17)
    172  f853				  -	      rol	stack2	; 5	 (22)
    173  f853				  -	      asl		; 2	 (24*)
    174  f853				  -	      rol	stack2	; 5	 (29)
    175  f853				  -	      asl		; 2	 (31)
    176  f853				  -	      rol	stack2	; 5	 (36)
    177  f853				  -	      sta	stack1	; 3	 (39)
    178  f853				  -	      txa		; 2	 (41)
    179  f853				  -	      asl		; 2	 (43)
    180  f853				  -	      rol	temp7	; 5	 (48)
    181  f853				  -	      asl		; 2	 (50)
    182  f853				  -	      rol	temp7	; 5	 (55)
    183  f853				  -	      clc		; 2	 (57)
    184  f853				  -	      adc	stack1	; 3	 (60)
    185  f853				  -	      sta	temp1	; 3	 (63)
    186  f853				  -	      lda	stack2	; 3	 (66)
    187  f853				  -	      adc	temp7	; 3	 (69) ; use existing carry from last operation
    188  f853					      endif
    189  f853
    190  f853				  -	      ifconst	extendedtxt
    191  f853				  -	      adc	#>text_strings	; carry already clear
    192  f853					      else
    193  f853		       a9 f7		      lda	#>text_strings
    194  f855					      endif
    195  f855		       85 f7		      sta	TextDataPtr+1
    196  f857		       a9 72		      lda	#<text_strings
    197  f859		       85 f6		      sta	TextDataPtr
    198  f85b
    199  f85b				  -	      ifconst	textbank
    200  f85b				  -	      sta	temp7
    201  f85b				  -	      lda	#>(textkernel-1)
    202  f85b				  -	      pha
    203  f85b				  -	      lda	#<(textkernel-1)
    204  f85b				  -	      pha
    205  f85b				  -	      lda	temp7
    206  f85b				  -	      pha		; *** save A
    207  f85b				  -	      txa
    208  f85b				  -	      pha		; *** save X
    209  f85b				  -	      ldx	#textbank
    210  f85b				  -	      jmp	BS_jsr
    211  f85b					      else
    212  f85b		       4c 5f f8 	      jmp	textkernel
    213  f85e					      endif
    214  f85e
    215  f85e				   posttextkernel
    216  f85e
    217  f85e		       60		      rts
------- FILE cannonstxt.bas.asm
   2685  f85f
   2686  f85f				   .L0139		;  inline text12b.asm
------- FILE text12b.asm LEVEL 2 PASS 3
      0  f85f					      include	text12b.asm
      1  f85f				  -	      ifconst	bs_mask
      2  f85f				  -	      ifconst	FASTFETCH	; using DPC+
      3  f85f				  -KERNELBANK =	1
      4  f85f				  -	      else
      5  f85f				  -KERNELBANK =	(bs_mask + 1)
      6  f85f				  -	      endif
      7  f85f					      endif
      8  f85f
      9  f85f
     10  f85f				   textkernel
     11  f85f		       a5 f5		      lda	TextColor
     12  f861		       85 06		      sta	COLUP0
     13  f863		       85 07		      sta	COLUP1
     14  f865		       a9 0b		      lda	#11
     15  f867		       aa		      tax
     16  f868		       18		      clc
     17  f869				  -	      ifconst	extendedtxt
     18  f869				  -	      adc	temp1
     19  f869					      else
     20  f869		       65 ed		      adc	TextIndex
     21  f86b					      endif
     22  f86b		       a8		      tay
     23  f86c				   TextPointersLoop
     24  f86c		       b1 f6		      lda	(TextDataPtr),y
     25  f86e		       95 96		      sta	scorepointers,x
     26  f870		       88		      dey
     27  f871		       ca		      dex
     28  f872		       10 f8		      bpl	TextPointersLoop
     29  f874
     30  f874		       a6 96		      ldx	scorepointers+0
     31  f876		       bd 00 fb 	      lda	left_text,x
     32  f879		       a6 97		      ldx	scorepointers+1
     33  f87b		       1d 00 fc 	      ora	right_text,x
     34  f87e		       a0 00		      ldy	#0
     35  f880
     36  f880				   firstbreak
     37  f880							; Text line 1 / 5
     38  f880
     39  f880							;line 1
     40  f880		       85 02		      sta	WSYNC	; 3	 (0)
     41  f882		       a0 12		      ldy	#textbkcolor	; 2	 (2)
     42  f884		       84 06		      sty	COLUP0	; 3	 (5)
     43  f886		       84 07		      sty	COLUP1	; 3	 (8)
     44  f888		       85 1b		      sta	GRP0	; 3	 (11)
     45  f88a
     46  f88a		       a6 98		      ldx	scorepointers+2	; 3	 (14)
     47  f88c		       bd 00 fb 	      lda	left_text,x	; 4	 (18)
     48  f88f		       a6 99		      ldx	scorepointers+3	; 3	 (21)
     49  f891		       1d 00 fc 	      ora	right_text,x	; 4	 (25*)
     50  f894		       85 1c		      sta	GRP1	; 3	 (28)
     51  f896
     52  f896		       a6 9a		      ldx	scorepointers+4	; 3	 (31)
     53  f898		       bd 00 fb 	      lda	left_text,x	; 4	 (35)
     54  f89b		       a6 9b		      ldx	scorepointers+5	; 3	 (38)
     55  f89d		       1d 00 fc 	      ora	right_text,x	; 4	 (42)
     56  f8a0		       85 1b		      sta	GRP0	; 3	 (45)
     57  f8a2
     58  f8a2		       a6 9c		      ldx	scorepointers+6	; 3	 (48) 3 in A
     59  f8a4		       bd 00 fb 	      lda	left_text,x	; 4	 (52)
     60  f8a7		       a6 9d		      ldx	scorepointers+7	; 3	 (55)
     61  f8a9		       1d 00 fc 	      ora	right_text,x	; 4	 (59)
     62  f8ac
     63  f8ac		       a4 f5		      ldy	TextColor	; 3	 (62)
     64  f8ae		       84 07		      sty	COLUP1	; 3	 (65)
     65  f8b0
     66  f8b0							;line 2
     67  f8b0		       85 02		      sta	WSYNC	; 3	 (0)
     68  f8b2		       84 06		      sty	COLUP0	; 3	 (3)
     69  f8b4		       a8		      tay		; 2	 (5) 3 in Y
     70  f8b5
     71  f8b5		       a6 9e		      ldx	scorepointers+8	; 3	 (8) 4
     72  f8b7		       bd 00 fb 	      lda	left_text,x	; 4	 (12)
     73  f8ba		       a6 9f		      ldx	scorepointers+9	; 3	 (15)
     74  f8bc		       1d 00 fc 	      ora	right_text,x	; 4	 (19)
     75  f8bf		       85 f6		      sta	stack1	; 3	 (22)
     76  f8c1
     77  f8c1		       a6 a0		      ldx	scorepointers+10	; 3	 (25*) 5 in A
     78  f8c3		       bd 00 fb 	      lda	left_text,x	; 4	 (29)
     79  f8c6		       a6 a1		      ldx	scorepointers+11	; 3	 (32)
     80  f8c8		       1d 00 fc 	      ora	right_text,x	; 4	 (36)
     81  f8cb
     82  f8cb		       a6 f6		      ldx	stack1	; 3	 (39) 4 in X
     83  f8cd					      ifnconst	noscoretxt
      0  f8cd					      sleep	5	; 7	 (46)
      1  f8cd				   .CYCLES    SET	5
      2  f8cd
      3  f8cd				  -	      IF	.CYCLES < 2
      4  f8cd				  -	      ECHO	"MACRO ERROR: 'SLEEP': Duration must be > 1"
      5  f8cd				  -	      ERR
      6  f8cd					      ENDIF
      7  f8cd
      8  f8cd					      IF	.CYCLES & 1
      9  f8cd					      IFNCONST	NO_ILLEGAL_OPCODES
     10  f8cd		       04 00		      nop	0
     11  f8cf				  -	      ELSE
     12  f8cf				  -	      bit	VSYNC
     13  f8cf					      ENDIF
     14  f8cf				   .CYCLES    SET	.CYCLES - 3
     15  f8cf					      ENDIF
     16  f8cf
     17  f8cf					      REPEAT	.CYCLES / 2
     18  f8cf		       ea		      nop
     19  f8d0					      REPEND
     85  f8d0				  -	      else
     86  f8d0				  -	      sleep	2
     87  f8d0					      endif
     88  f8d0		       84 1c		      sty	GRP1	; 3	 (49) 3 -> [GRP1] ; 2 -> GRP0
     89  f8d2		       86 1b		      stx	GRP0	; 3	 (52) 4 -> [GRP0] ; 3 -> GRP1
     90  f8d4		       85 1c		      sta	GRP1	; 3	 (55) 5 -> [GRP1] ; 4 -> GRP0
     91  f8d6		       85 1b		      sta	GRP0	; 3	 (58) 5 -> GRP1
     92  f8d8
     93  f8d8		       a0 02		      ldy	#2	; 2	 (60)
     94  f8da		       a6 96		      ldx	scorepointers+0	; 3	 (63)
     95  f8dc		       bd 01 fb 	      lda	left_text+1,x	; 4	 (67)
     96  f8df		       a6 97		      ldx	scorepointers+1	; 3	 (70)
     97  f8e1		       1d 01 fc 	      ora	right_text+1,x	; 4	 (74)
     98  f8e4							;    sleep 4
     99  f8e4
    100  f8e4							; Text line 2 / 5
    101  f8e4				   endl1
    102  f8e4							;line 1
    103  f8e4		       85 02		      sta	WSYNC	; 3	 (0)
    104  f8e6		       a0 12		      ldy	#textbkcolor	; 2	 (2)
    105  f8e8		       84 06		      sty	COLUP0	; 3	 (5)
    106  f8ea		       84 07		      sty	COLUP1	; 3	 (8)
    107  f8ec		       85 1b		      sta	GRP0	; 3	 (11)
    108  f8ee
    109  f8ee		       a6 98		      ldx	scorepointers+2	; 3	 (9)
    110  f8f0		       bd 01 fb 	      lda	left_text+1,x	; 4	 (13)
    111  f8f3		       a6 99		      ldx	scorepointers+3	; 3	 (16)
    112  f8f5		       1d 01 fc 	      ora	right_text+1,x	; 4	 (20)
    113  f8f8		       85 1c		      sta	GRP1	; 3	 (23*)
    114  f8fa
    115  f8fa		       a6 9a		      ldx	scorepointers+4	; 3	 (26)
    116  f8fc		       bd 01 fb 	      lda	left_text+1,x	; 4	 (30)
    117  f8ff		       a6 9b		      ldx	scorepointers+5	; 3	 (33)
    118  f901		       1d 01 fc 	      ora	right_text+1,x	; 4	 (37)
    119  f904		       85 1b		      sta	GRP0	; 3	 (40)
    120  f906
    121  f906		       a6 9c		      ldx	scorepointers+6	; 3	 (43) 3 in A
    122  f908		       bd 01 fb 	      lda	left_text+1,x	; 4	 (47)
    123  f90b		       a6 9d		      ldx	scorepointers+7	; 3	 (50)
    124  f90d		       1d 01 fc 	      ora	right_text+1,x	; 4	 (54)
    125  f910
    126  f910		       a4 f5		      ldy	TextColor	; 2	 (56)
    127  f912		       84 07		      sty	COLUP1	; 3	 (59)
    128  f914
    129  f914							;line 2
    130  f914		       85 02		      sta	WSYNC	; 3	 (0)
    131  f916		       84 06		      sty	COLUP0	; 3	 (3)
    132  f918		       a8		      tay		; 2	 (5) 3 in Y
    133  f919
    134  f919		       a6 9e		      ldx	scorepointers+8	; 3	 (8) 4
    135  f91b		       bd 01 fb 	      lda	left_text+1,x	; 4	 (12)
    136  f91e		       a6 9f		      ldx	scorepointers+9	; 3	 (15)
    137  f920		       1d 01 fc 	      ora	right_text+1,x	; 4	 (19)
    138  f923		       85 f6		      sta	stack1	; 3	 (22)
    139  f925
    140  f925		       a6 a0		      ldx	scorepointers+10	; 3	 (25*) 5 in A
    141  f927		       bd 01 fb 	      lda	left_text+1,x	; 4	 (29)
    142  f92a		       a6 a1		      ldx	scorepointers+11	; 3	 (32)
    143  f92c		       1d 01 fc 	      ora	right_text+1,x	; 4	 (36)
    144  f92f
    145  f92f		       a6 f6		      ldx	stack1	; 3	 (39) 4 in X
    146  f931					      ifnconst	noscoretxt
      0  f931					      sleep	5	; 7	 (46)
      1  f931				   .CYCLES    SET	5
      2  f931
      3  f931				  -	      IF	.CYCLES < 2
      4  f931				  -	      ECHO	"MACRO ERROR: 'SLEEP': Duration must be > 1"
      5  f931				  -	      ERR
      6  f931					      ENDIF
      7  f931
      8  f931					      IF	.CYCLES & 1
      9  f931					      IFNCONST	NO_ILLEGAL_OPCODES
     10  f931		       04 00		      nop	0
     11  f933				  -	      ELSE
     12  f933				  -	      bit	VSYNC
     13  f933					      ENDIF
     14  f933				   .CYCLES    SET	.CYCLES - 3
     15  f933					      ENDIF
     16  f933
     17  f933					      REPEAT	.CYCLES / 2
     18  f933		       ea		      nop
     19  f934					      REPEND
    148  f934				  -	      else
    149  f934				  -	      sleep	2
    150  f934					      endif
    151  f934		       84 1c		      sty	GRP1	; 3	 (49) 3 -> [GRP1] ; 2 -> GRP0
    152  f936		       86 1b		      stx	GRP0	; 3	 (52) 4 -> [GRP0] ; 3 -> GRP1
    153  f938		       85 1c		      sta	GRP1	; 3	 (55) 5 -> [GRP1] ; 4 -> GRP0
    154  f93a		       85 1b		      sta	GRP0	; 3	 (58) 5 -> GRP1
    155  f93c
    156  f93c		       a0 02		      ldy	#2	; 2	 (56)
    157  f93e		       a6 96		      ldx	scorepointers+0	; 3	 (59)
    158  f940		       bd 02 fb 	      lda	left_text+2,x	; 4	 (63)
    159  f943		       a6 97		      ldx	scorepointers+1	; 3	 (66)
    160  f945		       1d 02 fc 	      ora	right_text+2,x	; 4	 (70)
    161  f948							;    sleep 4
    162  f948
    163  f948							; Text line 3 / 5
    164  f948				   endl2
    165  f948							;line 1
    166  f948		       85 02		      sta	WSYNC	; 3	 (0)
    167  f94a		       a0 12		      ldy	#textbkcolor	; 2	 (2)
    168  f94c		       84 06		      sty	COLUP0	; 3	 (5)
    169  f94e		       84 07		      sty	COLUP1	; 3	 (8)
    170  f950		       85 1b		      sta	GRP0	; 3	 (11)
    171  f952
    172  f952		       a6 98		      ldx	scorepointers+2	; 3	 (9)
    173  f954		       bd 02 fb 	      lda	left_text+2,x	; 4	 (13)
    174  f957		       a6 99		      ldx	scorepointers+3	; 3	 (16)
    175  f959		       1d 02 fc 	      ora	right_text+2,x	; 4	 (20)
    176  f95c		       85 1c		      sta	GRP1	; 3	 (23*)
    177  f95e
    178  f95e		       a6 9a		      ldx	scorepointers+4	; 3	 (26)
    179  f960		       bd 02 fb 	      lda	left_text+2,x	; 4	 (30)
    180  f963		       a6 9b		      ldx	scorepointers+5	; 3	 (33)
    181  f965		       1d 02 fc 	      ora	right_text+2,x	; 4	 (37)
    182  f968		       85 1b		      sta	GRP0	; 3	 (40)
    183  f96a
    184  f96a		       a6 9c		      ldx	scorepointers+6	; 3	 (43) 3 in A
    185  f96c		       bd 02 fb 	      lda	left_text+2,x	; 4	 (47)
    186  f96f		       a6 9d		      ldx	scorepointers+7	; 3	 (50)
    187  f971		       1d 02 fc 	      ora	right_text+2,x	; 4	 (54)
    188  f974
    189  f974		       a4 f5		      ldy	TextColor	; 2	 (56)
    190  f976		       84 07		      sty	COLUP1	; 3	 (59)
    191  f978
    192  f978							;line 2
    193  f978		       85 02		      sta	WSYNC	; 3	 (0)
    194  f97a		       84 06		      sty	COLUP0	; 3	 (3)
    195  f97c		       a8		      tay		; 2	 (5) 3 in Y
    196  f97d
    197  f97d		       a6 9e		      ldx	scorepointers+8	; 3	 (8) 4
    198  f97f		       bd 02 fb 	      lda	left_text+2,x	; 4	 (12)
    199  f982		       a6 9f		      ldx	scorepointers+9	; 3	 (15)
    200  f984		       1d 02 fc 	      ora	right_text+2,x	; 4	 (19)
    201  f987		       85 f6		      sta	stack1	; 3	 (22)
    202  f989
    203  f989		       a6 a0		      ldx	scorepointers+10	; 3	 (25*) 5 in A
    204  f98b		       bd 02 fb 	      lda	left_text+2,x	; 4	 (29)
    205  f98e		       a6 a1		      ldx	scorepointers+11	; 3	 (32)
    206  f990		       1d 02 fc 	      ora	right_text+2,x	; 4	 (36)
    207  f993
    208  f993		       a6 f6		      ldx	stack1	; 3	 (39) 4 in X
    209  f995					      ifnconst	noscoretxt
      0  f995					      sleep	5	; 7	 (46)
      1  f995				   .CYCLES    SET	5
      2  f995
      3  f995				  -	      IF	.CYCLES < 2
      4  f995				  -	      ECHO	"MACRO ERROR: 'SLEEP': Duration must be > 1"
      5  f995				  -	      ERR
      6  f995					      ENDIF
      7  f995
      8  f995					      IF	.CYCLES & 1
      9  f995					      IFNCONST	NO_ILLEGAL_OPCODES
     10  f995		       04 00		      nop	0
     11  f997				  -	      ELSE
     12  f997				  -	      bit	VSYNC
     13  f997					      ENDIF
     14  f997				   .CYCLES    SET	.CYCLES - 3
     15  f997					      ENDIF
     16  f997
     17  f997					      REPEAT	.CYCLES / 2
     18  f997		       ea		      nop
     19  f998					      REPEND
    211  f998				  -	      else
    212  f998				  -	      sleep	2
    213  f998					      endif
    214  f998		       84 1c		      sty	GRP1	; 3	 (45) 3 -> [GRP1] ; 2 -> GRP0
    215  f99a		       86 1b		      stx	GRP0	; 3	 (48) 4 -> [GRP0] ; 3 -> GRP1
    216  f99c		       85 1c		      sta	GRP1	; 3	 (51) 5 -> [GRP1] ; 4 -> GRP0
    217  f99e		       85 1b		      sta	GRP0	; 3	 (54) 5 -> GRP1
    218  f9a0
    219  f9a0		       a0 02		      ldy	#2	; 2	 (56)
    220  f9a2		       a6 96		      ldx	scorepointers+0	; 3	 (59)
    221  f9a4		       bd 03 fb 	      lda	left_text+3,x	; 4	 (63)
    222  f9a7		       a6 97		      ldx	scorepointers+1	; 3	 (66)
    223  f9a9		       1d 03 fc 	      ora	right_text+3,x	; 4	 (70)
    224  f9ac							;    sleep 2
    225  f9ac
    226  f9ac							; Text line 4 / 5
    227  f9ac
    228  f9ac							;line 1
    229  f9ac		       85 02		      sta	WSYNC	; 3	 (0)
    230  f9ae		       a0 12		      ldy	#textbkcolor	; 2	 (2)
    231  f9b0		       84 06		      sty	COLUP0	; 3	 (5)
    232  f9b2		       84 07		      sty	COLUP1	; 3	 (8)
    233  f9b4		       85 1b		      sta	GRP0	; 3	 (11)
    234  f9b6
    235  f9b6		       a6 98		      ldx	scorepointers+2	; 3	 (9)
    236  f9b8		       bd 03 fb 	      lda	left_text+3,x	; 4	 (13)
    237  f9bb		       a6 99		      ldx	scorepointers+3	; 3	 (16)
    238  f9bd		       1d 03 fc 	      ora	right_text+3,x	; 4	 (20)
    239  f9c0		       85 1c		      sta	GRP1	; 3	 (23*)
    240  f9c2
    241  f9c2		       a6 9a		      ldx	scorepointers+4	; 3	 (26)
    242  f9c4		       bd 03 fb 	      lda	left_text+3,x	; 4	 (30)
    243  f9c7		       a6 9b		      ldx	scorepointers+5	; 3	 (33)
    244  f9c9		       1d 03 fc 	      ora	right_text+3,x	; 4	 (37)
    245  f9cc		       85 1b		      sta	GRP0	; 3	 (40)
    246  f9ce
    247  f9ce		       a6 9c		      ldx	scorepointers+6	; 3	 (43) 3 in A
    248  f9d0		       bd 03 fb 	      lda	left_text+3,x	; 4	 (47)
    249  f9d3		       a6 9d		      ldx	scorepointers+7	; 3	 (50)
    250  f9d5		       1d 03 fc 	      ora	right_text+3,x	; 4	 (54)
    251  f9d8
    252  f9d8		       a4 f5		      ldy	TextColor	; 2	 (56)
    253  f9da		       84 07		      sty	COLUP1	; 3	 (59)
    254  f9dc
    255  f9dc							;line 2
    256  f9dc		       85 02		      sta	WSYNC	; 3	 (0)
    257  f9de		       84 06		      sty	COLUP0	; 3	 (3)
    258  f9e0		       a8		      tay		; 2	 (5) 3 in Y
    259  f9e1
    260  f9e1		       a6 9e		      ldx	scorepointers+8	; 3	 (8) 4
    261  f9e3		       bd 03 fb 	      lda	left_text+3,x	; 4	 (12)
    262  f9e6		       a6 9f		      ldx	scorepointers+9	; 3	 (15)
    263  f9e8		       1d 03 fc 	      ora	right_text+3,x	; 4	 (19)
    264  f9eb		       85 f6		      sta	stack1	; 3	 (22)
    265  f9ed
    266  f9ed		       a6 a0		      ldx	scorepointers+10	; 3	 (25*) 5 in A
    267  f9ef		       bd 03 fb 	      lda	left_text+3,x	; 4	 (29)
    268  f9f2		       a6 a1		      ldx	scorepointers+11	; 3	 (32)
    269  f9f4		       1d 03 fc 	      ora	right_text+3,x	; 4	 (36)
    270  f9f7
    271  f9f7		       a6 f6		      ldx	stack1	; 3	 (39) 4 in X
    272  f9f9					      ifnconst	noscoretxt
      0  f9f9					      sleep	5	; 7	 (46)
      1  f9f9				   .CYCLES    SET	5
      2  f9f9
      3  f9f9				  -	      IF	.CYCLES < 2
      4  f9f9				  -	      ECHO	"MACRO ERROR: 'SLEEP': Duration must be > 1"
      5  f9f9				  -	      ERR
      6  f9f9					      ENDIF
      7  f9f9
      8  f9f9					      IF	.CYCLES & 1
      9  f9f9					      IFNCONST	NO_ILLEGAL_OPCODES
     10  f9f9		       04 00		      nop	0
     11  f9fb				  -	      ELSE
     12  f9fb				  -	      bit	VSYNC
     13  f9fb					      ENDIF
     14  f9fb				   .CYCLES    SET	.CYCLES - 3
     15  f9fb					      ENDIF
     16  f9fb
     17  f9fb					      REPEAT	.CYCLES / 2
     18  f9fb		       ea		      nop
     19  f9fc					      REPEND
    274  f9fc				  -	      else
    275  f9fc				  -	      sleep	2
    276  f9fc					      endif
    277  f9fc		       84 1c		      sty	GRP1	; 3	 (45) 3 -> [GRP1] ; 2 -> GRP0
    278  f9fe		       86 1b		      stx	GRP0	; 3	 (48) 4 -> [GRP0] ; 3 -> GRP1
    279  fa00		       85 1c		      sta	GRP1	; 3	 (51) 5 -> [GRP1] ; 4 -> GRP0
    280  fa02		       85 1b		      sta	GRP0	; 3	 (54) 5 -> GRP1
    281  fa04
    282  fa04		       a0 02		      ldy	#2	; 2	 (56)
    283  fa06		       a6 96		      ldx	scorepointers+0	; 3	 (59)
    284  fa08		       bd 04 fb 	      lda	left_text+4,x	; 4	 (63)
    285  fa0b		       a6 97		      ldx	scorepointers+1	; 3	 (66)
    286  fa0d		       1d 04 fc 	      ora	right_text+4,x	; 4	 (70)
    287  fa10							;    sleep 2
    288  fa10
    289  fa10							; Text line 5 / 5
    290  fa10
    291  fa10							;line 1
    292  fa10		       85 02		      sta	WSYNC	; 3	 (0)
    293  fa12		       a0 12		      ldy	#textbkcolor	; 2	 (2)
    294  fa14		       84 06		      sty	COLUP0	; 3	 (5)
    295  fa16		       84 07		      sty	COLUP1	; 3	 (8)
    296  fa18		       85 1b		      sta	GRP0	; 3	 (11)
    297  fa1a
    298  fa1a		       a6 98		      ldx	scorepointers+2	; 3	 (9)
    299  fa1c		       bd 04 fb 	      lda	left_text+4,x	; 4	 (13)
    300  fa1f		       a6 99		      ldx	scorepointers+3	; 3	 (16)
    301  fa21		       1d 04 fc 	      ora	right_text+4,x	; 4	 (20)
    302  fa24		       85 1c		      sta	GRP1	; 3	 (23*)
    303  fa26
    304  fa26		       a6 9a		      ldx	scorepointers+4	; 3	 (26)
    305  fa28		       bd 04 fb 	      lda	left_text+4,x	; 4	 (30)
    306  fa2b		       a6 9b		      ldx	scorepointers+5	; 3	 (33)
    307  fa2d		       1d 04 fc 	      ora	right_text+4,x	; 4	 (37)
    308  fa30		       85 1b		      sta	GRP0	; 3	 (40)
    309  fa32
    310  fa32		       a6 9c		      ldx	scorepointers+6	; 3	 (43) 3 in A
    311  fa34		       bd 04 fb 	      lda	left_text+4,x	; 4	 (47)
    312  fa37		       a6 9d		      ldx	scorepointers+7	; 3	 (50)
    313  fa39		       1d 04 fc 	      ora	right_text+4,x	; 4	 (54)
    314  fa3c
    315  fa3c		       a4 f5		      ldy	TextColor	; 2	 (56)
    316  fa3e		       84 07		      sty	COLUP1	; 3	 (59)
    317  fa40
    318  fa40							;line 2
    319  fa40		       85 02		      sta	WSYNC	; 3	 (0)
    320  fa42		       84 06		      sty	COLUP0	; 3	 (3)
    321  fa44		       a8		      tay		; 2	 (5) 3 in Y
    322  fa45
    323  fa45		       a6 9e		      ldx	scorepointers+8	; 3	 (8) 4
    324  fa47		       bd 04 fb 	      lda	left_text+4,x	; 4	 (12)
    325  fa4a		       a6 9f		      ldx	scorepointers+9	; 3	 (15)
    326  fa4c		       1d 04 fc 	      ora	right_text+4,x	; 4	 (19)
    327  fa4f		       85 f6		      sta	stack1	; 3	 (22)
    328  fa51
    329  fa51		       a6 a0		      ldx	scorepointers+10	; 3	 (25*) 5 in A
    330  fa53		       bd 04 fb 	      lda	left_text+4,x	; 4	 (29)
    331  fa56		       a6 a1		      ldx	scorepointers+11	; 3	 (32)
    332  fa58		       1d 04 fc 	      ora	right_text+4,x	; 4	 (36)
    333  fa5b
    334  fa5b		       a6 f6		      ldx	stack1	; 3	 (39) 4 in X
    335  fa5d					      ifnconst	noscoretxt
      0  fa5d					      sleep	5	; 7	 (46)
      1  fa5d				   .CYCLES    SET	5
      2  fa5d
      3  fa5d				  -	      IF	.CYCLES < 2
      4  fa5d				  -	      ECHO	"MACRO ERROR: 'SLEEP': Duration must be > 1"
      5  fa5d				  -	      ERR
      6  fa5d					      ENDIF
      7  fa5d
      8  fa5d					      IF	.CYCLES & 1
      9  fa5d					      IFNCONST	NO_ILLEGAL_OPCODES
     10  fa5d		       04 00		      nop	0
     11  fa5f				  -	      ELSE
     12  fa5f				  -	      bit	VSYNC
     13  fa5f					      ENDIF
     14  fa5f				   .CYCLES    SET	.CYCLES - 3
     15  fa5f					      ENDIF
     16  fa5f
     17  fa5f					      REPEAT	.CYCLES / 2
     18  fa5f		       ea		      nop
     19  fa60					      REPEND
    337  fa60				  -	      else
    338  fa60				  -	      sleep	2
    339  fa60					      endif
    340  fa60		       84 1c		      sty	GRP1	; 3	 (45) 3 -> [GRP1] ; 2 -> GRP0
    341  fa62		       86 1b		      stx	GRP0	; 3	 (48) 4 -> [GRP0] ; 3 -> GRP1
    342  fa64		       85 1c		      sta	GRP1	; 3	 (51) 5 -> [GRP1] ; 4 -> GRP0
    343  fa66		       85 1b		      sta	GRP0	; 3	 (54) 5 -> GRP1
    344  fa68
    345  fa68		       a9 00		      lda	#0
    346  fa6a		       85 1b		      sta	GRP0
    347  fa6c		       85 1c		      sta	GRP1
    348  fa6e		       85 1b		      sta	GRP0
    349  fa70		       85 04		      sta	NUSIZ0
    350  fa72		       85 05		      sta	NUSIZ1
    351  fa74		       85 25		      sta	VDELP0
    352  fa76		       85 26		      sta	VDELP1
    353  fa78
    354  fa78				  -	      ifconst	textbank
    355  fa78				  -	      sta	temp7
    356  fa78				  -	      lda	#>(posttextkernel-1)
    357  fa78				  -	      pha
    358  fa78				  -	      lda	#<(posttextkernel-1)
    359  fa78				  -	      pha
    360  fa78				  -	      lda	temp7
    361  fa78				  -	      pha		; *** save A
    362  fa78				  -	      txa
    363  fa78				  -	      pha		; *** save X
    364  fa78				  -	      ldx	#KERNELBANK
    365  fa78				  -	      jmp	BS_jsr
    366  fa78					      else
    367  fa78		       4c 5e f8 	      jmp	posttextkernel
    368  fa7b					      endif
    369  fa7b
    370  fa7b					      if	>. != >[.+text_data_height]
    371  fb00		       00 00 00 00*	      align	256
    372  fb00					      endif
    373  fb00
    374  fb00				   text_data
    375  fb00
    376  fb00				   left_text
    377  fb00
    378  fb00		       00 00	   __A	      =	* - text_data	; baseline (0)
    379  fb00		       20		      .byte.b	%00100000
    380  fb01		       50		      .byte.b	%01010000
    381  fb02		       70		      .byte.b	%01110000
    382  fb03		       50		      .byte.b	%01010000
    383  fb04		       50		      .byte.b	%01010000
    384  fb05
    385  fb05		       00 05	   __B	      =	* - text_data
    386  fb05		       60		      .byte.b	%01100000
    387  fb06		       50		      .byte.b	%01010000
    388  fb07		       60		      .byte.b	%01100000
    389  fb08		       50		      .byte.b	%01010000
    390  fb09		       60		      .byte.b	%01100000
    391  fb0a
    392  fb0a		       00 0a	   __C	      =	* - text_data
    393  fb0a		       30		      .byte.b	%00110000
    394  fb0b		       40		      .byte.b	%01000000
    395  fb0c		       40		      .byte.b	%01000000
    396  fb0d		       40		      .byte.b	%01000000
    397  fb0e		       30		      .byte.b	%00110000
    398  fb0f
    399  fb0f		       00 0f	   __D	      =	* - text_data
    400  fb0f		       60		      .byte.b	%01100000
    401  fb10		       50		      .byte.b	%01010000
    402  fb11		       50		      .byte.b	%01010000
    403  fb12		       50		      .byte.b	%01010000
    404  fb13		       60		      .byte.b	%01100000
    405  fb14
    406  fb14		       00 14	   __E	      =	* - text_data
    407  fb14		       70		      .byte.b	%01110000
    408  fb15		       40		      .byte.b	%01000000
    409  fb16		       60		      .byte.b	%01100000
    410  fb17		       40		      .byte.b	%01000000
    411  fb18		       70		      .byte.b	%01110000
    412  fb19
    413  fb19		       00 19	   __F	      =	* - text_data
    414  fb19		       70		      .byte.b	%01110000
    415  fb1a		       40		      .byte.b	%01000000
    416  fb1b		       60		      .byte.b	%01100000
    417  fb1c		       40		      .byte.b	%01000000
    418  fb1d		       40		      .byte.b	%01000000
    419  fb1e
    420  fb1e		       00 1e	   __G	      =	* - text_data
    421  fb1e		       30		      .byte.b	%00110000
    422  fb1f		       40		      .byte.b	%01000000
    423  fb20		       50		      .byte.b	%01010000
    424  fb21		       50		      .byte.b	%01010000
    425  fb22		       20		      .byte.b	%00100000
    426  fb23
    427  fb23		       00 23	   __H	      =	* - text_data
    428  fb23		       50		      .byte.b	%01010000
    429  fb24		       50		      .byte.b	%01010000
    430  fb25		       70		      .byte.b	%01110000
    431  fb26		       50		      .byte.b	%01010000
    432  fb27		       50		      .byte.b	%01010000
    433  fb28
    434  fb28		       00 28	   __I	      =	* - text_data
    435  fb28		       70		      .byte.b	%01110000
    436  fb29		       20		      .byte.b	%00100000
    437  fb2a		       20		      .byte.b	%00100000
    438  fb2b		       20		      .byte.b	%00100000
    439  fb2c		       70		      .byte.b	%01110000
    440  fb2d
    441  fb2d		       00 2d	   __J	      =	* - text_data
    442  fb2d		       10		      .byte.b	%00010000
    443  fb2e		       10		      .byte.b	%00010000
    444  fb2f		       10		      .byte.b	%00010000
    445  fb30		       50		      .byte.b	%01010000
    446  fb31		       20		      .byte.b	%00100000
    447  fb32
    448  fb32		       00 32	   __K	      =	* - text_data
    449  fb32		       50		      .byte.b	%01010000
    450  fb33		       50		      .byte.b	%01010000
    451  fb34		       60		      .byte.b	%01100000
    452  fb35		       50		      .byte.b	%01010000
    453  fb36		       50		      .byte.b	%01010000
    454  fb37
    455  fb37		       00 37	   __L	      =	* - text_data
    456  fb37		       40		      .byte.b	%01000000
    457  fb38		       40		      .byte.b	%01000000
    458  fb39		       40		      .byte.b	%01000000
    459  fb3a		       40		      .byte.b	%01000000
    460  fb3b		       70		      .byte.b	%01110000
    461  fb3c
    462  fb3c		       00 3c	   __M	      =	* - text_data
    463  fb3c		       50		      .byte.b	%01010000
    464  fb3d		       70		      .byte.b	%01110000
    465  fb3e		       70		      .byte.b	%01110000
    466  fb3f		       50		      .byte.b	%01010000
    467  fb40		       50		      .byte.b	%01010000
    468  fb41
    469  fb41		       00 41	   __N	      =	* - text_data
    470  fb41		       60		      .byte.b	%01100000
    471  fb42		       50		      .byte.b	%01010000
    472  fb43		       50		      .byte.b	%01010000
    473  fb44		       50		      .byte.b	%01010000
    474  fb45		       50		      .byte.b	%01010000
    475  fb46
    476  fb46		       00 46	   __O	      =	* - text_data
    477  fb46		       20		      .byte.b	%00100000
    478  fb47		       50		      .byte.b	%01010000
    479  fb48		       50		      .byte.b	%01010000
    480  fb49		       50		      .byte.b	%01010000
    481  fb4a		       20		      .byte.b	%00100000
    482  fb4b
    483  fb4b		       00 4b	   __P	      =	* - text_data
    484  fb4b		       60		      .byte.b	%01100000
    485  fb4c		       50		      .byte.b	%01010000
    486  fb4d		       60		      .byte.b	%01100000
    487  fb4e		       40		      .byte.b	%01000000
    488  fb4f		       40		      .byte.b	%01000000
    489  fb50
    490  fb50		       00 50	   __Q	      =	* - text_data
    491  fb50		       20		      .byte.b	%00100000
    492  fb51		       50		      .byte.b	%01010000
    493  fb52		       50		      .byte.b	%01010000
    494  fb53		       50		      .byte.b	%01010000
    495  fb54		       30		      .byte.b	%00110000
    496  fb55
    497  fb55		       00 55	   __R	      =	* - text_data
    498  fb55		       60		      .byte.b	%01100000
    499  fb56		       50		      .byte.b	%01010000
    500  fb57		       60		      .byte.b	%01100000
    501  fb58		       50		      .byte.b	%01010000
    502  fb59		       50		      .byte.b	%01010000
    503  fb5a
    504  fb5a		       00 5a	   __S	      =	* - text_data
    505  fb5a		       30		      .byte.b	%00110000
    506  fb5b		       40		      .byte.b	%01000000
    507  fb5c		       20		      .byte.b	%00100000
    508  fb5d		       10		      .byte.b	%00010000
    509  fb5e		       60		      .byte.b	%01100000
    510  fb5f
    511  fb5f		       00 5f	   __T	      =	* - text_data
    512  fb5f		       70		      .byte.b	%01110000
    513  fb60		       20		      .byte.b	%00100000
    514  fb61		       20		      .byte.b	%00100000
    515  fb62		       20		      .byte.b	%00100000
    516  fb63		       20		      .byte.b	%00100000
    517  fb64
    518  fb64		       00 64	   __U	      =	* - text_data
    519  fb64		       50		      .byte.b	%01010000
    520  fb65		       50		      .byte.b	%01010000
    521  fb66		       50		      .byte.b	%01010000
    522  fb67		       50		      .byte.b	%01010000
    523  fb68		       70		      .byte.b	%01110000
    524  fb69
    525  fb69		       00 69	   __V	      =	* - text_data
    526  fb69		       50		      .byte.b	%01010000
    527  fb6a		       50		      .byte.b	%01010000
    528  fb6b		       50		      .byte.b	%01010000
    529  fb6c		       50		      .byte.b	%01010000
    530  fb6d		       20		      .byte.b	%00100000
    531  fb6e
    532  fb6e		       00 6e	   __W	      =	* - text_data
    533  fb6e		       50		      .byte.b	%01010000
    534  fb6f		       50		      .byte.b	%01010000
    535  fb70		       70		      .byte.b	%01110000
    536  fb71		       70		      .byte.b	%01110000
    537  fb72		       50		      .byte.b	%01010000
    538  fb73
    539  fb73		       00 73	   __X	      =	* - text_data
    540  fb73		       50		      .byte.b	%01010000
    541  fb74		       50		      .byte.b	%01010000
    542  fb75		       20		      .byte.b	%00100000
    543  fb76		       50		      .byte.b	%01010000
    544  fb77		       50		      .byte.b	%01010000
    545  fb78
    546  fb78		       00 78	   __Y	      =	* - text_data
    547  fb78		       50		      .byte.b	%01010000
    548  fb79		       50		      .byte.b	%01010000
    549  fb7a		       20		      .byte.b	%00100000
    550  fb7b		       20		      .byte.b	%00100000
    551  fb7c		       20		      .byte.b	%00100000
    552  fb7d
    553  fb7d		       00 7d	   __Z	      =	* - text_data
    554  fb7d		       70		      .byte.b	%01110000
    555  fb7e		       10		      .byte.b	%00010000
    556  fb7f		       20		      .byte.b	%00100000
    557  fb80		       40		      .byte.b	%01000000
    558  fb81		       70		      .byte.b	%01110000
    559  fb82
    560  fb82		       00 82	   __0	      =	* - text_data
    561  fb82		       70		      .byte.b	%01110000
    562  fb83		       50		      .byte.b	%01010000
    563  fb84		       50		      .byte.b	%01010000
    564  fb85		       50		      .byte.b	%01010000
    565  fb86		       70		      .byte.b	%01110000
    566  fb87
    567  fb87		       00 87	   __1	      =	* - text_data
    568  fb87		       20		      .byte.b	%00100000
    569  fb88		       60		      .byte.b	%01100000
    570  fb89		       20		      .byte.b	%00100000
    571  fb8a		       20		      .byte.b	%00100000
    572  fb8b		       70		      .byte.b	%01110000
    573  fb8c
    574  fb8c		       00 8c	   __2	      =	* - text_data
    575  fb8c		       60		      .byte.b	%01100000
    576  fb8d		       10		      .byte.b	%00010000
    577  fb8e		       20		      .byte.b	%00100000
    578  fb8f		       40		      .byte.b	%01000000
    579  fb90		       70		      .byte.b	%01110000
    580  fb91
    581  fb91		       00 91	   __3	      =	* - text_data
    582  fb91		       60		      .byte.b	%01100000
    583  fb92		       10		      .byte.b	%00010000
    584  fb93		       20		      .byte.b	%00100000
    585  fb94		       10		      .byte.b	%00010000
    586  fb95		       60		      .byte.b	%01100000
    587  fb96
    588  fb96		       00 96	   __4	      =	* - text_data
    589  fb96		       50		      .byte.b	%01010000
    590  fb97		       50		      .byte.b	%01010000
    591  fb98		       70		      .byte.b	%01110000
    592  fb99		       10		      .byte.b	%00010000
    593  fb9a		       10		      .byte.b	%00010000
    594  fb9b
    595  fb9b		       00 9b	   __5	      =	* - text_data
    596  fb9b		       70		      .byte.b	%01110000
    597  fb9c		       40		      .byte.b	%01000000
    598  fb9d		       60		      .byte.b	%01100000
    599  fb9e		       10		      .byte.b	%00010000
    600  fb9f		       60		      .byte.b	%01100000
    601  fba0
    602  fba0		       00 a0	   __6	      =	* - text_data
    603  fba0		       30		      .byte.b	%00110000
    604  fba1		       40		      .byte.b	%01000000
    605  fba2		       60		      .byte.b	%01100000
    606  fba3		       50		      .byte.b	%01010000
    607  fba4		       20		      .byte.b	%00100000
    608  fba5
    609  fba5		       00 a5	   __7	      =	* - text_data
    610  fba5		       70		      .byte.b	%01110000
    611  fba6		       10		      .byte.b	%00010000
    612  fba7		       20		      .byte.b	%00100000
    613  fba8		       40		      .byte.b	%01000000
    614  fba9		       40		      .byte.b	%01000000
    615  fbaa
    616  fbaa		       00 aa	   __8	      =	* - text_data
    617  fbaa		       20		      .byte.b	%00100000
    618  fbab		       50		      .byte.b	%01010000
    619  fbac		       20		      .byte.b	%00100000
    620  fbad		       50		      .byte.b	%01010000
    621  fbae		       20		      .byte.b	%00100000
    622  fbaf
    623  fbaf		       00 af	   __9	      =	* - text_data
    624  fbaf		       20		      .byte.b	%00100000
    625  fbb0		       50		      .byte.b	%01010000
    626  fbb1		       30		      .byte.b	%00110000
    627  fbb2		       10		      .byte.b	%00010000
    628  fbb3		       60		      .byte.b	%01100000
    629  fbb4
    630  fbb4		       00 b4	   _sp	      =	* - text_data
    631  fbb4		       00		      .byte.b	%00000000
    632  fbb5		       00		      .byte.b	%00000000
    633  fbb6		       00		      .byte.b	%00000000
    634  fbb7		       00		      .byte.b	%00000000
    635  fbb8		       00		      .byte.b	%00000000
    636  fbb9
    637  fbb9		       00 b9	   _pd	      =	* - text_data
    638  fbb9		       00		      .byte.b	%00000000
    639  fbba		       00		      .byte.b	%00000000
    640  fbbb		       00		      .byte.b	%00000000
    641  fbbc		       00		      .byte.b	%00000000
    642  fbbd		       20		      .byte.b	%00100000
    643  fbbe
    644  fbbe		       00 be	   _qu	      =	* - text_data
    645  fbbe		       60		      .byte.b	%01100000
    646  fbbf		       10		      .byte.b	%00010000
    647  fbc0		       20		      .byte.b	%00100000
    648  fbc1		       00		      .byte.b	%00000000
    649  fbc2		       20		      .byte.b	%00100000
    650  fbc3
    651  fbc3		       00 c3	   _ex	      =	* - text_data
    652  fbc3		       20		      .byte.b	%00100000
    653  fbc4		       20		      .byte.b	%00100000
    654  fbc5		       20		      .byte.b	%00100000
    655  fbc6		       00		      .byte.b	%00000000
    656  fbc7		       20		      .byte.b	%00100000
    657  fbc8
    658  fbc8		       00 c8	   _cm	      =	* - text_data
    659  fbc8		       00		      .byte.b	%00000000
    660  fbc9		       00		      .byte.b	%00000000
    661  fbca		       00		      .byte.b	%00000000
    662  fbcb		       20		      .byte.b	%00100000
    663  fbcc		       40		      .byte.b	%01000000
    664  fbcd
    665  fbcd		       00 cd	   _hy	      =	* - text_data
    666  fbcd		       00		      .byte.b	%00000000
    667  fbce		       00		      .byte.b	%00000000
    668  fbcf		       70		      .byte.b	%01110000
    669  fbd0		       00		      .byte.b	%00000000
    670  fbd1		       00		      .byte.b	%00000000
    671  fbd2
    672  fbd2		       00 d2	   _pl	      =	* - text_data
    673  fbd2		       20		      .byte.b	%00100000
    674  fbd3		       20		      .byte.b	%00100000
    675  fbd4		       70		      .byte.b	%01110000
    676  fbd5		       20		      .byte.b	%00100000
    677  fbd6		       20		      .byte.b	%00100000
    678  fbd7
    679  fbd7		       00 d7	   _ap	      =	* - text_data
    680  fbd7		       20		      .byte.b	%00100000
    681  fbd8		       40		      .byte.b	%01000000
    682  fbd9		       00		      .byte.b	%00000000
    683  fbda		       00		      .byte.b	%00000000
    684  fbdb		       00		      .byte.b	%00000000
    685  fbdc
    686  fbdc		       00 dc	   _lp	      =	* - text_data
    687  fbdc		       20		      .byte.b	%00100000
    688  fbdd		       40		      .byte.b	%01000000
    689  fbde		       40		      .byte.b	%01000000
    690  fbdf		       40		      .byte.b	%01000000
    691  fbe0		       20		      .byte.b	%00100000
    692  fbe1
    693  fbe1		       00 e1	   _rp	      =	* - text_data
    694  fbe1		       20		      .byte.b	%00100000
    695  fbe2		       10		      .byte.b	%00010000
    696  fbe3		       10		      .byte.b	%00010000
    697  fbe4		       10		      .byte.b	%00010000
    698  fbe5		       20		      .byte.b	%00100000
    699  fbe6
    700  fbe6		       00 e6	   _co	      =	* - text_data
    701  fbe6		       00		      .byte.b	%00000000
    702  fbe7		       40		      .byte.b	%01000000
    703  fbe8		       00		      .byte.b	%00000000
    704  fbe9		       40		      .byte.b	%01000000
    705  fbea		       00		      .byte.b	%00000000
    706  fbeb
    707  fbeb		       00 eb	   _sl	      =	* - text_data
    708  fbeb		       10		      .byte.b	%00010000
    709  fbec		       10		      .byte.b	%00010000
    710  fbed		       20		      .byte.b	%00100000
    711  fbee		       40		      .byte.b	%01000000
    712  fbef		       40		      .byte.b	%01000000
    713  fbf0
    714  fbf0		       00 f0	   _eq	      =	* - text_data
    715  fbf0		       00		      .byte.b	%00000000
    716  fbf1		       70		      .byte.b	%01110000
    717  fbf2		       00		      .byte.b	%00000000
    718  fbf3		       70		      .byte.b	%01110000
    719  fbf4		       00		      .byte.b	%00000000
    720  fbf5
    721  fbf5		       00 f5	   _qt	      =	* - text_data
    722  fbf5		       50		      .byte.b	%01010000
    723  fbf6		       50		      .byte.b	%01010000
    724  fbf7		       00		      .byte.b	%00000000
    725  fbf8		       00		      .byte.b	%00000000
    726  fbf9		       00		      .byte.b	%00000000
    727  fbfa
    728  fbfa		       00 fa	   _po	      =	* - text_data
    729  fbfa				   _ht
    730  fbfa		       50		      .byte.b	%01010000
    731  fbfb		       f0		      .byte.b	%11110000
    732  fbfc		       50		      .byte.b	%01010000
    733  fbfd		       f0		      .byte.b	%11110000
    734  fbfe		       50		      .byte.b	%01010000
    735  fbff
    736  fbff
    737  fbff		       00 ff	   text_data_height =	* - text_data
    738  fbff
    739  fbff					      if	>. != >[.+text_data_height]
    740  fc00		       00		      align	256
    741  fc00					      endif
    742  fc00
    743  fc00				   right_text
    744  fc00
    745  fc00							; A
    746  fc00		       02		      .byte.b	%00000010
    747  fc01		       05		      .byte.b	%00000101
    748  fc02		       07		      .byte.b	%00000111
    749  fc03		       05		      .byte.b	%00000101
    750  fc04		       05		      .byte.b	%00000101
    751  fc05
    752  fc05
    753  fc05							; B
    754  fc05		       06		      .byte.b	%00000110
    755  fc06		       05		      .byte.b	%00000101
    756  fc07		       06		      .byte.b	%00000110
    757  fc08		       05		      .byte.b	%00000101
    758  fc09		       06		      .byte.b	%00000110
    759  fc0a
    760  fc0a							; C
    761  fc0a		       03		      .byte.b	%00000011
    762  fc0b		       04		      .byte.b	%00000100
    763  fc0c		       04		      .byte.b	%00000100
    764  fc0d		       04		      .byte.b	%00000100
    765  fc0e		       03		      .byte.b	%00000011
    766  fc0f
    767  fc0f							; D
    768  fc0f		       06		      .byte.b	%00000110
    769  fc10		       05		      .byte.b	%00000101
    770  fc11		       05		      .byte.b	%00000101
    771  fc12		       05		      .byte.b	%00000101
    772  fc13		       06		      .byte.b	%00000110
    773  fc14
    774  fc14							; E
    775  fc14		       07		      .byte.b	%00000111
    776  fc15		       04		      .byte.b	%00000100
    777  fc16		       06		      .byte.b	%00000110
    778  fc17		       04		      .byte.b	%00000100
    779  fc18		       07		      .byte.b	%00000111
    780  fc19
    781  fc19							; F
    782  fc19		       07		      .byte.b	%00000111
    783  fc1a		       04		      .byte.b	%00000100
    784  fc1b		       06		      .byte.b	%00000110
    785  fc1c		       04		      .byte.b	%00000100
    786  fc1d		       04		      .byte.b	%00000100
    787  fc1e
    788  fc1e							; G
    789  fc1e		       03		      .byte.b	%00000011
    790  fc1f		       04		      .byte.b	%00000100
    791  fc20		       05		      .byte.b	%00000101
    792  fc21		       05		      .byte.b	%00000101
    793  fc22		       02		      .byte.b	%00000010
    794  fc23
    795  fc23							; H
    796  fc23		       05		      .byte.b	%00000101
    797  fc24		       05		      .byte.b	%00000101
    798  fc25		       07		      .byte.b	%00000111
    799  fc26		       05		      .byte.b	%00000101
    800  fc27		       05		      .byte.b	%00000101
    801  fc28
    802  fc28							; I
    803  fc28		       07		      .byte.b	%00000111
    804  fc29		       02		      .byte.b	%00000010
    805  fc2a		       02		      .byte.b	%00000010
    806  fc2b		       02		      .byte.b	%00000010
    807  fc2c		       07		      .byte.b	%00000111
    808  fc2d
    809  fc2d							; J
    810  fc2d		       01		      .byte.b	%00000001
    811  fc2e		       01		      .byte.b	%00000001
    812  fc2f		       01		      .byte.b	%00000001
    813  fc30		       05		      .byte.b	%00000101
    814  fc31		       02		      .byte.b	%00000010
    815  fc32
    816  fc32							; K
    817  fc32		       05		      .byte.b	%00000101
    818  fc33		       05		      .byte.b	%00000101
    819  fc34		       06		      .byte.b	%00000110
    820  fc35		       05		      .byte.b	%00000101
    821  fc36		       05		      .byte.b	%00000101
    822  fc37
    823  fc37							; L
    824  fc37		       04		      .byte.b	%00000100
    825  fc38		       04		      .byte.b	%00000100
    826  fc39		       04		      .byte.b	%00000100
    827  fc3a		       04		      .byte.b	%00000100
    828  fc3b		       07		      .byte.b	%00000111
    829  fc3c
    830  fc3c							; M
    831  fc3c		       05		      .byte.b	%00000101
    832  fc3d		       07		      .byte.b	%00000111
    833  fc3e		       07		      .byte.b	%00000111
    834  fc3f		       05		      .byte.b	%00000101
    835  fc40		       05		      .byte.b	%00000101
    836  fc41
    837  fc41							; N
    838  fc41		       06		      .byte.b	%00000110
    839  fc42		       05		      .byte.b	%00000101
    840  fc43		       05		      .byte.b	%00000101
    841  fc44		       05		      .byte.b	%00000101
    842  fc45		       05		      .byte.b	%00000101
    843  fc46
    844  fc46							; O
    845  fc46		       02		      .byte.b	%00000010
    846  fc47		       05		      .byte.b	%00000101
    847  fc48		       05		      .byte.b	%00000101
    848  fc49		       05		      .byte.b	%00000101
    849  fc4a		       02		      .byte.b	%00000010
    850  fc4b
    851  fc4b							; P
    852  fc4b		       06		      .byte.b	%00000110
    853  fc4c		       05		      .byte.b	%00000101
    854  fc4d		       06		      .byte.b	%00000110
    855  fc4e		       04		      .byte.b	%00000100
    856  fc4f		       04		      .byte.b	%00000100
    857  fc50
    858  fc50							; Q
    859  fc50		       02		      .byte.b	%00000010
    860  fc51		       05		      .byte.b	%00000101
    861  fc52		       05		      .byte.b	%00000101
    862  fc53		       05		      .byte.b	%00000101
    863  fc54		       03		      .byte.b	%00000011
    864  fc55
    865  fc55							; R
    866  fc55		       06		      .byte.b	%00000110
    867  fc56		       05		      .byte.b	%00000101
    868  fc57		       06		      .byte.b	%00000110
    869  fc58		       05		      .byte.b	%00000101
    870  fc59		       05		      .byte.b	%00000101
    871  fc5a
    872  fc5a							; S
    873  fc5a		       03		      .byte.b	%00000011
    874  fc5b		       04		      .byte.b	%00000100
    875  fc5c		       02		      .byte.b	%00000010
    876  fc5d		       01		      .byte.b	%00000001
    877  fc5e		       06		      .byte.b	%00000110
    878  fc5f
    879  fc5f							; T
    880  fc5f		       07		      .byte.b	%00000111
    881  fc60		       02		      .byte.b	%00000010
    882  fc61		       02		      .byte.b	%00000010
    883  fc62		       02		      .byte.b	%00000010
    884  fc63		       02		      .byte.b	%00000010
    885  fc64
    886  fc64							; U
    887  fc64		       05		      .byte.b	%00000101
    888  fc65		       05		      .byte.b	%00000101
    889  fc66		       05		      .byte.b	%00000101
    890  fc67		       05		      .byte.b	%00000101
    891  fc68		       07		      .byte.b	%00000111
    892  fc69
    893  fc69							; V
    894  fc69		       05		      .byte.b	%00000101
    895  fc6a		       05		      .byte.b	%00000101
    896  fc6b		       05		      .byte.b	%00000101
    897  fc6c		       05		      .byte.b	%00000101
    898  fc6d		       02		      .byte.b	%00000010
    899  fc6e
    900  fc6e							; W
    901  fc6e		       05		      .byte.b	%00000101
    902  fc6f		       05		      .byte.b	%00000101
    903  fc70		       07		      .byte.b	%00000111
    904  fc71		       07		      .byte.b	%00000111
    905  fc72		       05		      .byte.b	%00000101
    906  fc73
    907  fc73							; X
    908  fc73		       05		      .byte.b	%00000101
    909  fc74		       05		      .byte.b	%00000101
    910  fc75		       02		      .byte.b	%00000010
    911  fc76		       05		      .byte.b	%00000101
    912  fc77		       05		      .byte.b	%00000101
    913  fc78
    914  fc78							; Y
    915  fc78		       05		      .byte.b	%00000101
    916  fc79		       05		      .byte.b	%00000101
    917  fc7a		       02		      .byte.b	%00000010
    918  fc7b		       02		      .byte.b	%00000010
    919  fc7c		       02		      .byte.b	%00000010
    920  fc7d
    921  fc7d							; Z
    922  fc7d		       07		      .byte.b	%00000111
    923  fc7e		       01		      .byte.b	%00000001
    924  fc7f		       02		      .byte.b	%00000010
    925  fc80		       04		      .byte.b	%00000100
    926  fc81		       07		      .byte.b	%00000111
    927  fc82
    928  fc82							; 0
    929  fc82		       07		      .byte.b	%00000111
    930  fc83		       05		      .byte.b	%00000101
    931  fc84		       05		      .byte.b	%00000101
    932  fc85		       05		      .byte.b	%00000101
    933  fc86		       07		      .byte.b	%00000111
    934  fc87
    935  fc87							; 1
    936  fc87		       02		      .byte.b	%00000010
    937  fc88		       06		      .byte.b	%00000110
    938  fc89		       02		      .byte.b	%00000010
    939  fc8a		       02		      .byte.b	%00000010
    940  fc8b		       07		      .byte.b	%00000111
    941  fc8c
    942  fc8c							; 2
    943  fc8c		       06		      .byte.b	%00000110
    944  fc8d		       01		      .byte.b	%00000001
    945  fc8e		       02		      .byte.b	%00000010
    946  fc8f		       04		      .byte.b	%00000100
    947  fc90		       07		      .byte.b	%00000111
    948  fc91
    949  fc91							; 3
    950  fc91		       06		      .byte.b	%00000110
    951  fc92		       01		      .byte.b	%00000001
    952  fc93		       02		      .byte.b	%00000010
    953  fc94		       01		      .byte.b	%00000001
    954  fc95		       06		      .byte.b	%00000110
    955  fc96
    956  fc96							; 4
    957  fc96		       05		      .byte.b	%00000101
    958  fc97		       05		      .byte.b	%00000101
    959  fc98		       07		      .byte.b	%00000111
    960  fc99		       01		      .byte.b	%00000001
    961  fc9a		       01		      .byte.b	%00000001
    962  fc9b
    963  fc9b							; 5
    964  fc9b		       07		      .byte.b	%00000111
    965  fc9c		       04		      .byte.b	%00000100
    966  fc9d		       06		      .byte.b	%00000110
    967  fc9e		       01		      .byte.b	%00000001
    968  fc9f		       06		      .byte.b	%00000110
    969  fca0
    970  fca0							; 6
    971  fca0		       03		      .byte.b	%00000011
    972  fca1		       04		      .byte.b	%00000100
    973  fca2		       06		      .byte.b	%00000110
    974  fca3		       05		      .byte.b	%00000101
    975  fca4		       02		      .byte.b	%00000010
    976  fca5
    977  fca5							; 7
    978  fca5		       07		      .byte.b	%00000111
    979  fca6		       01		      .byte.b	%00000001
    980  fca7		       02		      .byte.b	%00000010
    981  fca8		       04		      .byte.b	%00000100
    982  fca9		       04		      .byte.b	%00000100
    983  fcaa
    984  fcaa							; 8
    985  fcaa		       02		      .byte.b	%00000010
    986  fcab		       05		      .byte.b	%00000101
    987  fcac		       02		      .byte.b	%00000010
    988  fcad		       05		      .byte.b	%00000101
    989  fcae		       02		      .byte.b	%00000010
    990  fcaf
    991  fcaf							; 9
    992  fcaf		       02		      .byte.b	%00000010
    993  fcb0		       05		      .byte.b	%00000101
    994  fcb1		       03		      .byte.b	%00000011
    995  fcb2		       01		      .byte.b	%00000001
    996  fcb3		       06		      .byte.b	%00000110
    997  fcb4
    998  fcb4							; space
    999  fcb4		       00		      .byte.b	%00000000
   1000  fcb5		       00		      .byte.b	%00000000
   1001  fcb6		       00		      .byte.b	%00000000
   1002  fcb7		       00		      .byte.b	%00000000
   1003  fcb8		       00		      .byte.b	%00000000
   1004  fcb9
   1005  fcb9							; period
   1006  fcb9		       00		      .byte.b	%00000000
   1007  fcba		       00		      .byte.b	%00000000
   1008  fcbb		       00		      .byte.b	%00000000
   1009  fcbc		       00		      .byte.b	%00000000
   1010  fcbd		       02		      .byte.b	%00000010
   1011  fcbe
   1012  fcbe							; question mark
   1013  fcbe		       06		      .byte.b	%00000110
   1014  fcbf		       01		      .byte.b	%00000001
   1015  fcc0		       02		      .byte.b	%00000010
   1016  fcc1		       00		      .byte.b	%00000000
   1017  fcc2		       02		      .byte.b	%00000010
   1018  fcc3
   1019  fcc3							; exclamation point
   1020  fcc3		       02		      .byte.b	%00000010
   1021  fcc4		       02		      .byte.b	%00000010
   1022  fcc5		       02		      .byte.b	%00000010
   1023  fcc6		       00		      .byte.b	%00000000
   1024  fcc7		       02		      .byte.b	%00000010
   1025  fcc8
   1026  fcc8							; comma
   1027  fcc8		       00		      .byte.b	%00000000
   1028  fcc9		       00		      .byte.b	%00000000
   1029  fcca		       00		      .byte.b	%00000000
   1030  fccb		       02		      .byte.b	%00000010
   1031  fccc		       04		      .byte.b	%00000100
   1032  fccd
   1033  fccd							; hyphen
   1034  fccd		       00		      .byte.b	%00000000
   1035  fcce		       00		      .byte.b	%00000000
   1036  fccf		       07		      .byte.b	%00000111
   1037  fcd0		       00		      .byte.b	%00000000
   1038  fcd1		       00		      .byte.b	%00000000
   1039  fcd2
   1040  fcd2							; plus
   1041  fcd2		       02		      .byte.b	%00000010
   1042  fcd3		       02		      .byte.b	%00000010
   1043  fcd4		       07		      .byte.b	%00000111
   1044  fcd5		       02		      .byte.b	%00000010
   1045  fcd6		       02		      .byte.b	%00000010
   1046  fcd7
   1047  fcd7							; apostrophe
   1048  fcd7		       02		      .byte.b	%00000010
   1049  fcd8		       04		      .byte.b	%00000100
   1050  fcd9		       00		      .byte.b	%00000000
   1051  fcda		       00		      .byte.b	%00000000
   1052  fcdb		       00		      .byte.b	%00000000
   1053  fcdc
   1054  fcdc							; left parenthesis
   1055  fcdc		       02		      .byte.b	%00000010
   1056  fcdd		       04		      .byte.b	%00000100
   1057  fcde		       04		      .byte.b	%00000100
   1058  fcdf		       04		      .byte.b	%00000100
   1059  fce0		       02		      .byte.b	%00000010
   1060  fce1
   1061  fce1							; right parenthesis
   1062  fce1		       02		      .byte.b	%00000010
   1063  fce2		       01		      .byte.b	%00000001
   1064  fce3		       01		      .byte.b	%00000001
   1065  fce4		       01		      .byte.b	%00000001
   1066  fce5		       02		      .byte.b	%00000010
   1067  fce6
   1068  fce6							; colon
   1069  fce6		       00		      .byte.b	%00000000
   1070  fce7		       04		      .byte.b	%00000100
   1071  fce8		       00		      .byte.b	%00000000
   1072  fce9		       04		      .byte.b	%00000100
   1073  fcea		       00		      .byte.b	%00000000
   1074  fceb
   1075  fceb							;slash
   1076  fceb		       01		      .byte.b	%00000001
   1077  fcec		       01		      .byte.b	%00000001
   1078  fced		       02		      .byte.b	%00000010
   1079  fcee		       04		      .byte.b	%00000100
   1080  fcef		       04		      .byte.b	%00000100
   1081  fcf0
   1082  fcf0							; equal
   1083  fcf0		       00		      .byte.b	%00000000
   1084  fcf1		       07		      .byte.b	%00000111
   1085  fcf2		       00		      .byte.b	%00000000
   1086  fcf3		       07		      .byte.b	%00000111
   1087  fcf4		       00		      .byte.b	%00000000
   1088  fcf5
   1089  fcf5							; quote
   1090  fcf5		       05		      .byte.b	%00000101
   1091  fcf6		       05		      .byte.b	%00000101
   1092  fcf7		       00		      .byte.b	%00000000
   1093  fcf8		       00		      .byte.b	%00000000
   1094  fcf9		       00		      .byte.b	%00000000
   1095  fcfa
   1096  fcfa							; pound sign
   1097  fcfa		       05		      .byte.b	%00000101
   1098  fcfb		       0f		      .byte.b	%00001111
   1099  fcfc		       05		      .byte.b	%00000101
   1100  fcfd		       0f		      .byte.b	%00001111
   1101  fcfe		       05		      .byte.b	%00000101
------- FILE cannonstxt.bas.asm
   2688  fcff					      if	(<*) > (<(*+10))
   2689  fcff					      repeat	($100-<*)
   2690  fcff		       00		      .byte.b	0
   2691  fd00					      repend
   2692  fd00					      endif
   2693  fd00				   playerL031_0
   2694  fd00		       20		      .byte.b	%00100000
   2695  fd01		       50		      .byte.b	%01010000
   2696  fd02		       88		      .byte.b	%10001000
   2697  fd03		       a8		      .byte.b	%10101000
   2698  fd04		       88		      .byte.b	%10001000
   2699  fd05		       50		      .byte.b	%01010000
   2700  fd06		       7f		      .byte.b	%01111111
   2701  fd07		       7f		      .byte.b	%01111111
   2702  fd08		       ff		      .byte.b	%11111111
   2703  fd09		       7f		      .byte.b	%01111111
   2704  fd0a		       10		      .byte.b	%00010000
   2705  fd0b				  -	      if	(<*) > (<(*+10))
   2706  fd0b				  -	      repeat	($100-<*)
   2707  fd0b				  -	      .byte	0
   2708  fd0b				  -	      repend
   2709  fd0b					      endif
   2710  fd0b				   playerL032_1
   2711  fd0b		       04		      .byte.b	%00000100
   2712  fd0c		       0a		      .byte.b	%00001010
   2713  fd0d		       11		      .byte.b	%00010001
   2714  fd0e		       15		      .byte.b	%00010101
   2715  fd0f		       11		      .byte.b	%00010001
   2716  fd10		       0a		      .byte.b	%00001010
   2717  fd11		       fe		      .byte.b	%11111110
   2718  fd12		       fe		      .byte.b	%11111110
   2719  fd13		       ff		      .byte.b	%11111111
   2720  fd14		       fe		      .byte.b	%11111110
   2721  fd15		       08		      .byte.b	%00001000
   2722  fd16					      if	ECHOFIRST
      646 bytes of ROM space left
   2723  fd16					      echo	"    ",[(scoretable - *)]d , "bytes of ROM space left")
   2724  fd16					      endif
   2725  fd16		       00 01	   ECHOFIRST  =	1
   2726  fd16
   2727  fd16
   2728  fd16
   2729  fd16							; Provided under the CC0 license. See the included LICENSE.txt for details.
   2730  fd16
   2731  fd16							; feel free to modify the score graphics - just keep each digit 8 high
   2732  fd16							; and keep the conditional compilation stuff intact
   2733  fd16				  -	      ifconst	ROM2k
   2734  fd16				  -	      ORG	$F7AC-8
   2735  fd16					      else
   2736  fd16				  -	      ifconst	bankswitch
   2737  fd16				  -	      if	bankswitch == 8
   2738  fd16				  -	      ORG	$2F94-bscode_length
   2739  fd16				  -	      RORG	$FF94-bscode_length
   2740  fd16				  -	      endif
   2741  fd16				  -	      if	bankswitch == 16
   2742  fd16				  -	      ORG	$4F94-bscode_length
   2743  fd16				  -	      RORG	$FF94-bscode_length
   2744  fd16				  -	      endif
   2745  fd16				  -	      if	bankswitch == 32
   2746  fd16				  -	      ORG	$8F94-bscode_length
   2747  fd16				  -	      RORG	$FF94-bscode_length
   2748  fd16				  -	      endif
   2749  fd16				  -	      if	bankswitch == 64
   2750  fd16				  -	      ORG	$10F80-bscode_length
   2751  fd16				  -	      RORG	$1FF80-bscode_length
   2752  fd16				  -	      endif
   2753  fd16					      else
   2754  ff9c					      ORG	$FF9C
   2755  ff9c					      endif
   2756  ff9c					      endif
   2757  ff9c
   2758  ff9c							; font equates
   2759  ff9c		       00 01	   .21stcentury =	1
   2760  ff9c		       00 02	   alarmclock =	2
   2761  ff9c		       00 03	   handwritten =	3
   2762  ff9c		       00 04	   interrupted =	4
   2763  ff9c		       00 05	   retroputer =	5
   2764  ff9c		       00 06	   whimsey    =	6
   2765  ff9c		       00 07	   tiny       =	7
   2766  ff9c		       00 08	   hex	      =	8
   2767  ff9c
   2768  ff9c				  -	      ifconst	font
   2769  ff9c				  -	      if	font == hex
   2770  ff9c				  -	      ORG	. - 48
   2771  ff9c				  -	      endif
   2772  ff9c					      endif
   2773  ff9c
   2774  ff9c				   scoretable
   2775  ff9c
   2776  ff9c				  -	      ifconst	font
   2777  ff9c				  -	      if	font == .21stcentury
   2778  ff9c				  -	      include	"score_graphics.asm.21stcentury"
   2779  ff9c				  -	      endif
   2780  ff9c				  -	      if	font == alarmclock
   2781  ff9c				  -	      include	"score_graphics.asm.alarmclock"
   2782  ff9c				  -	      endif
   2783  ff9c				  -	      if	font == handwritten
   2784  ff9c				  -	      include	"score_graphics.asm.handwritten"
   2785  ff9c				  -	      endif
   2786  ff9c				  -	      if	font == interrupted
   2787  ff9c				  -	      include	"score_graphics.asm.interrupted"
   2788  ff9c				  -	      endif
   2789  ff9c				  -	      if	font == retroputer
   2790  ff9c				  -	      include	"score_graphics.asm.retroputer"
   2791  ff9c				  -	      endif
   2792  ff9c				  -	      if	font == whimsey
   2793  ff9c				  -	      include	"score_graphics.asm.whimsey"
   2794  ff9c				  -	      endif
   2795  ff9c				  -	      if	font == tiny
   2796  ff9c				  -	      include	"score_graphics.asm.tiny"
   2797  ff9c				  -	      endif
   2798  ff9c				  -	      if	font == hex
   2799  ff9c				  -	      include	"score_graphics.asm.hex"
   2800  ff9c				  -	      endif
   2801  ff9c					      else		; default font
   2802  ff9c
   2803  ff9c		       3c		      .byte.b	%00111100
   2804  ff9d		       66		      .byte.b	%01100110
   2805  ff9e		       66		      .byte.b	%01100110
   2806  ff9f		       66		      .byte.b	%01100110
   2807  ffa0		       66		      .byte.b	%01100110
   2808  ffa1		       66		      .byte.b	%01100110
   2809  ffa2		       66		      .byte.b	%01100110
   2810  ffa3		       3c		      .byte.b	%00111100
   2811  ffa4
   2812  ffa4		       7e		      .byte.b	%01111110
   2813  ffa5		       18		      .byte.b	%00011000
   2814  ffa6		       18		      .byte.b	%00011000
   2815  ffa7		       18		      .byte.b	%00011000
   2816  ffa8		       18		      .byte.b	%00011000
   2817  ffa9		       38		      .byte.b	%00111000
   2818  ffaa		       18		      .byte.b	%00011000
   2819  ffab		       08		      .byte.b	%00001000
   2820  ffac
   2821  ffac		       7e		      .byte.b	%01111110
   2822  ffad		       60		      .byte.b	%01100000
   2823  ffae		       60		      .byte.b	%01100000
   2824  ffaf		       3c		      .byte.b	%00111100
   2825  ffb0		       06		      .byte.b	%00000110
   2826  ffb1		       06		      .byte.b	%00000110
   2827  ffb2		       46		      .byte.b	%01000110
   2828  ffb3		       3c		      .byte.b	%00111100
   2829  ffb4
   2830  ffb4		       3c		      .byte.b	%00111100
   2831  ffb5		       46		      .byte.b	%01000110
   2832  ffb6		       06		      .byte.b	%00000110
   2833  ffb7		       06		      .byte.b	%00000110
   2834  ffb8		       1c		      .byte.b	%00011100
   2835  ffb9		       06		      .byte.b	%00000110
   2836  ffba		       46		      .byte.b	%01000110
   2837  ffbb		       3c		      .byte.b	%00111100
   2838  ffbc
   2839  ffbc		       0c		      .byte.b	%00001100
   2840  ffbd		       0c		      .byte.b	%00001100
   2841  ffbe		       7e		      .byte.b	%01111110
   2842  ffbf		       4c		      .byte.b	%01001100
   2843  ffc0		       4c		      .byte.b	%01001100
   2844  ffc1		       2c		      .byte.b	%00101100
   2845  ffc2		       1c		      .byte.b	%00011100
   2846  ffc3		       0c		      .byte.b	%00001100
   2847  ffc4
   2848  ffc4		       3c		      .byte.b	%00111100
   2849  ffc5		       46		      .byte.b	%01000110
   2850  ffc6		       06		      .byte.b	%00000110
   2851  ffc7		       06		      .byte.b	%00000110
   2852  ffc8		       3c		      .byte.b	%00111100
   2853  ffc9		       60		      .byte.b	%01100000
   2854  ffca		       60		      .byte.b	%01100000
   2855  ffcb		       7e		      .byte.b	%01111110
   2856  ffcc
   2857  ffcc		       3c		      .byte.b	%00111100
   2858  ffcd		       66		      .byte.b	%01100110
   2859  ffce		       66		      .byte.b	%01100110
   2860  ffcf		       66		      .byte.b	%01100110
   2861  ffd0		       7c		      .byte.b	%01111100
   2862  ffd1		       60		      .byte.b	%01100000
   2863  ffd2		       62		      .byte.b	%01100010
   2864  ffd3		       3c		      .byte.b	%00111100
   2865  ffd4
   2866  ffd4		       30		      .byte.b	%00110000
   2867  ffd5		       30		      .byte.b	%00110000
   2868  ffd6		       30		      .byte.b	%00110000
   2869  ffd7		       18		      .byte.b	%00011000
   2870  ffd8		       0c		      .byte.b	%00001100
   2871  ffd9		       06		      .byte.b	%00000110
   2872  ffda		       42		      .byte.b	%01000010
   2873  ffdb		       3e		      .byte.b	%00111110
   2874  ffdc
   2875  ffdc		       3c		      .byte.b	%00111100
   2876  ffdd		       66		      .byte.b	%01100110
   2877  ffde		       66		      .byte.b	%01100110
   2878  ffdf		       66		      .byte.b	%01100110
   2879  ffe0		       3c		      .byte.b	%00111100
   2880  ffe1		       66		      .byte.b	%01100110
   2881  ffe2		       66		      .byte.b	%01100110
   2882  ffe3		       3c		      .byte.b	%00111100
   2883  ffe4
   2884  ffe4		       3c		      .byte.b	%00111100
   2885  ffe5		       46		      .byte.b	%01000110
   2886  ffe6		       06		      .byte.b	%00000110
   2887  ffe7		       3e		      .byte.b	%00111110
   2888  ffe8		       66		      .byte.b	%01100110
   2889  ffe9		       66		      .byte.b	%01100110
   2890  ffea		       66		      .byte.b	%01100110
   2891  ffeb		       3c		      .byte.b	%00111100
   2892  ffec
   2893  ffec					      ifnconst	DPC_kernel_options
   2894  ffec
   2895  ffec		       00		      .byte.b	%00000000
   2896  ffed		       00		      .byte.b	%00000000
   2897  ffee		       00		      .byte.b	%00000000
   2898  ffef		       00		      .byte.b	%00000000
   2899  fff0		       00		      .byte.b	%00000000
   2900  fff1		       00		      .byte.b	%00000000
   2901  fff2		       00		      .byte.b	%00000000
   2902  fff3		       00		      .byte.b	%00000000
   2903  fff4
   2904  fff4					      endif
   2905  fff4
   2906  fff4					      endif
   2907  fff4
   2908  fff4				  -	      ifconst	ROM2k
   2909  fff4				  -	      ORG	$F7FC
   2910  fff4					      else
   2911  fff4				  -	      ifconst	bankswitch
   2912  fff4				  -	      if	bankswitch == 8
   2913  fff4				  -	      ORG	$2FF4-bscode_length
   2914  fff4				  -	      RORG	$FFF4-bscode_length
   2915  fff4				  -	      endif
   2916  fff4				  -	      if	bankswitch == 16
   2917  fff4				  -	      ORG	$4FF4-bscode_length
   2918  fff4				  -	      RORG	$FFF4-bscode_length
   2919  fff4				  -	      endif
   2920  fff4				  -	      if	bankswitch == 32
   2921  fff4				  -	      ORG	$8FF4-bscode_length
   2922  fff4				  -	      RORG	$FFF4-bscode_length
   2923  fff4				  -	      endif
   2924  fff4				  -	      if	bankswitch == 64
   2925  fff4				  -	      ORG	$10FE0-bscode_length
   2926  fff4				  -	      RORG	$1FFE0-bscode_length
   2927  fff4				  -	      endif
   2928  fff4					      else
   2929  fffc					      ORG	$FFFC
   2930  fffc					      endif
   2931  fffc					      endif
   2932  fffc							; Provided under the CC0 license. See the included LICENSE.txt for details.
   2933  fffc
   2934  fffc				  -	      ifconst	bankswitch
   2935  fffc				  -	      if	bankswitch == 8
   2936  fffc				  -	      ORG	$2FFC
   2937  fffc				  -	      RORG	$FFFC
   2938  fffc				  -	      endif
   2939  fffc				  -	      if	bankswitch == 16
   2940  fffc				  -	      ORG	$4FFC
   2941  fffc				  -	      RORG	$FFFC
   2942  fffc				  -	      endif
   2943  fffc				  -	      if	bankswitch == 32
   2944  fffc				  -	      ORG	$8FFC
   2945  fffc				  -	      RORG	$FFFC
   2946  fffc				  -	      endif
   2947  fffc				  -	      if	bankswitch == 64
   2948  fffc				  -	      ORG	$10FF0
   2949  fffc				  -	      RORG	$1FFF0
   2950  fffc				  -	      lda	$ffe0	; we use wasted space to assist stella with EF format auto-detection
   2951  fffc				  -	      ORG	$10FF8
   2952  fffc				  -	      RORG	$1FFF8
   2953  fffc				  -	      ifconst	superchip
   2954  fffc				  -	      .byte	"E","F","S","C"
   2955  fffc				  -	      else
   2956  fffc				  -	      .byte	"E","F","E","F"
   2957  fffc				  -	      endif
   2958  fffc				  -	      ORG	$10FFC
   2959  fffc				  -	      RORG	$1FFFC
   2960  fffc				  -	      endif
   2961  fffc					      else
   2962  fffc				  -	      ifconst	ROM2k
   2963  fffc				  -	      ORG	$F7FC
   2964  fffc					      else
   2965  fffc					      ORG	$FFFC
   2966  fffc					      endif
   2967  fffc					      endif
   2968  fffc		       00 f0		      .word.w	(start & $ffff)
   2969  fffe		       00 f0		      .word.w	(start & $ffff)
