------- FILE FNAF_2.0.bas.asm LEVEL 1 PASS 3
      1  10000 ????						; Provided under the CC0 license. See the included LICENSE.txt for details.
      2  10000 ????
      3  10000 ????				       processor	6502
------- FILE vcs.h LEVEL 2 PASS 3
      0  10000 ????				       include	"vcs.h"
      1  10000 ????						; Provided under the CC0 license. See the included LICENSE.txt for details.
      2  10000 ????
      3  10000 ????						; VCS.H
      4  10000 ????						; Version 1.05, 13/November/2003
      5  10000 ????
      6  10000 ????		00 69	    VERSION_VCS =	105
      7  10000 ????
      8  10000 ????						; THIS IS A PRELIMINARY RELEASE OF *THE* "STANDARD" VCS.H
      9  10000 ????						; THIS FILE IS EXPLICITLY SUPPORTED AS A DASM-PREFERRED COMPANION FILE
     10  10000 ????						; PLEASE DO *NOT* REDISTRIBUTE THIS FILE!
     11  10000 ????						;
     12  10000 ????						; This file defines hardware registers and memory mapping for the
     13  10000 ????						; Atari 2600. It is distributed as a companion machine-specific support package
     14  10000 ????						; for the DASM compiler. Updates to this file, DASM, and associated tools are
     15  10000 ????						; available at at http://www.atari2600.org/dasm
     16  10000 ????						;
     17  10000 ????						; Many thanks to the original author(s) of this file, and to everyone who has
     18  10000 ????						; contributed to understanding the Atari 2600.  If you take issue with the
     19  10000 ????						; contents, or naming of registers, please write to me (atari2600@taswegian.com)
     20  10000 ????						; with your views.  Please contribute, if you think you can improve this
     21  10000 ????						; file!
     22  10000 ????						;
     23  10000 ????						; Latest Revisions...
     24  10000 ????						; 1.05  13/NOV/2003	  - Correction to 1.04 - now functions as requested by MR.
     25  10000 ????						;			  - Added VERSION_VCS equate (which will reflect 100x version #)
     26  10000 ????						;			    This will allow conditional code to verify VCS.H being
     27  10000 ????						;			    used for code assembly.
     28  10000 ????						; 1.04  12/NOV/2003	 Added TIA_BASE_WRITE_ADDRESS and TIA_BASE_READ_ADDRESS for
     29  10000 ????						;			 convenient disassembly/reassembly compatibility for hardware
     30  10000 ????						;			 mirrored reading/writing differences.	This is more a 
     31  10000 ????						;			 readability issue, and binary compatibility with disassembled
     32  10000 ????						;			 and reassembled sources.  Per Manuel Rotschkar's suggestion.
     33  10000 ????						; 1.03  12/MAY/2003	 Added SEG segment at end of file to fix old-code compatibility
     34  10000 ????						;			 which was broken by the use of segments in this file, as
     35  10000 ????						;			 reported by Manuel Polik on [stella] 11/MAY/2003
     36  10000 ????						; 1.02  22/MAR/2003	 Added TIMINT($285)
     37  10000 ????						; 1.01				Constant offset added to allow use for 3F-style bankswitching
     38  10000 ????						;						 - define TIA_BASE_ADDRESS as $40 for Tigervision carts, otherwise
     39  10000 ????						;						   it is safe to leave it undefined, and the base address will
     40  10000 ????						;						   be set to 0.  Thanks to Eckhard Stolberg for the suggestion.
     41  10000 ????						;			    Note, may use -DLABEL=EXPRESSION to define TIA_BASE_ADDRESS
     42  10000 ????						;			  - register definitions are now generated through assignment
     43  10000 ????						;			    in uninitialised segments.	This allows a changeable base
     44  10000 ????						;			    address architecture.
     45  10000 ????						; 1.0	22/MAR/2003		Initial release
     46  10000 ????
     47  10000 ????
     48  10000 ????						;-------------------------------------------------------------------------------
     49  10000 ????
     50  10000 ????						; TIA_BASE_ADDRESS
     51  10000 ????						; The TIA_BASE_ADDRESS defines the base address of access to TIA registers.
     52  10000 ????						; Normally 0, the base address should (externally, before including this file)
     53  10000 ????						; be set to $40 when creating 3F-bankswitched (and other?) cartridges.
     54  10000 ????						; The reason is that this bankswitching scheme treats any access to locations
     55  10000 ????						; < $40 as a bankswitch.
     56  10000 ????
     57  10000 ????			   -	       IFNCONST	TIA_BASE_ADDRESS
     58  10000 ????			   -TIA_BASE_ADDRESS =	0
     59  10000 ????				       ENDIF
     60  10000 ????
     61  10000 ????						; Note: The address may be defined on the command-line using the -D switch, eg:
     62  10000 ????						; dasm.exe code.asm -DTIA_BASE_ADDRESS=$40 -f3 -v5 -ocode.bin
     63  10000 ????						; *OR* by declaring the label before including this file, eg:
     64  10000 ????						; TIA_BASE_ADDRESS = $40
     65  10000 ????						;   include "vcs.h"
     66  10000 ????
     67  10000 ????						; Alternate read/write address capability - allows for some disassembly compatibility
     68  10000 ????						; usage ; to allow reassembly to binary perfect copies).  This is essentially catering
     69  10000 ????						; for the mirrored ROM hardware registers.
     70  10000 ????
     71  10000 ????						; Usage: As per above, define the TIA_BASE_READ_ADDRESS and/or TIA_BASE_WRITE_ADDRESS
     72  10000 ????						; using the -D command-line switch, as required.  If the addresses are not defined, 
     73  10000 ????						; they defaut to the TIA_BASE_ADDRESS.
     74  10000 ????
     75  10000 ????			   -	       IFNCONST	TIA_BASE_READ_ADDRESS
     76  10000 ????			   -TIA_BASE_READ_ADDRESS =	TIA_BASE_ADDRESS
     77  10000 ????				       ENDIF
     78  10000 ????
     79  10000 ????			   -	       IFNCONST	TIA_BASE_WRITE_ADDRESS
     80  10000 ????			   -TIA_BASE_WRITE_ADDRESS =	TIA_BASE_ADDRESS
     81  10000 ????				       ENDIF
     82  10000 ????
     83  10000 ????						;-------------------------------------------------------------------------------
     84  10000 ????
     85 U002d ????				      SEG.U	TIA_REGISTERS_WRITE
     86 U0000					      ORG	TIA_BASE_WRITE_ADDRESS
     87 U0000
     88 U0000							; DO NOT CHANGE THE RELATIVE ORDERING OF REGISTERS!
     89 U0000
     90 U0000		       00	   VSYNC      ds	1	; $00	 0000 00x0   Vertical Sync Set-Clear
     91 U0001		       00	   VBLANK     ds	1	; $01	 xx00 00x0   Vertical Blank Set-Clear
     92 U0002		       00	   WSYNC      ds	1	; $02	 ---- ----   Wait for Horizontal Blank
     93 U0003		       00	   RSYNC      ds	1	; $03	 ---- ----   Reset Horizontal Sync Counter
     94 U0004		       00	   NUSIZ0     ds	1	; $04	 00xx 0xxx   Number-Size player/missle 0
     95 U0005		       00	   NUSIZ1     ds	1	; $05	 00xx 0xxx   Number-Size player/missle 1
     96 U0006		       00	   COLUP0     ds	1	; $06	 xxxx xxx0   Color-Luminance Player 0
     97 U0007		       00	   COLUP1     ds	1	; $07	 xxxx xxx0   Color-Luminance Player 1
     98 U0008		       00	   COLUPF     ds	1	; $08	 xxxx xxx0   Color-Luminance Playfield
     99 U0009		       00	   COLUBK     ds	1	; $09	 xxxx xxx0   Color-Luminance Background
    100 U000a		       00	   CTRLPF     ds	1	; $0A	 00xx 0xxx   Control Playfield, Ball, Collisions
    101 U000b		       00	   REFP0      ds	1	; $0B	 0000 x000   Reflection Player 0
    102 U000c		       00	   REFP1      ds	1	; $0C	 0000 x000   Reflection Player 1
    103 U000d		       00	   PF0	      ds	1	; $0D	 xxxx 0000   Playfield Register Byte 0
    104 U000e		       00	   PF1	      ds	1	; $0E	 xxxx xxxx   Playfield Register Byte 1
    105 U000f		       00	   PF2	      ds	1	; $0F	 xxxx xxxx   Playfield Register Byte 2
    106 U0010		       00	   RESP0      ds	1	; $10	 ---- ----   Reset Player 0
    107 U0011		       00	   RESP1      ds	1	; $11	 ---- ----   Reset Player 1
    108 U0012		       00	   RESM0      ds	1	; $12	 ---- ----   Reset Missle 0
    109 U0013		       00	   RESM1      ds	1	; $13	 ---- ----   Reset Missle 1
    110 U0014		       00	   RESBL      ds	1	; $14	 ---- ----   Reset Ball
    111 U0015		       00	   AUDC0      ds	1	; $15	 0000 xxxx   Audio Control 0
    112 U0016		       00	   AUDC1      ds	1	; $16	 0000 xxxx   Audio Control 1
    113 U0017		       00	   AUDF0      ds	1	; $17	 000x xxxx   Audio Frequency 0
    114 U0018		       00	   AUDF1      ds	1	; $18	 000x xxxx   Audio Frequency 1
    115 U0019		       00	   AUDV0      ds	1	; $19	 0000 xxxx   Audio Volume 0
    116 U001a		       00	   AUDV1      ds	1	; $1A	 0000 xxxx   Audio Volume 1
    117 U001b		       00	   GRP0       ds	1	; $1B	 xxxx xxxx   Graphics Register Player 0
    118 U001c		       00	   GRP1       ds	1	; $1C	 xxxx xxxx   Graphics Register Player 1
    119 U001d		       00	   ENAM0      ds	1	; $1D	 0000 00x0   Graphics Enable Missle 0
    120 U001e		       00	   ENAM1      ds	1	; $1E	 0000 00x0   Graphics Enable Missle 1
    121 U001f		       00	   ENABL      ds	1	; $1F	 0000 00x0   Graphics Enable Ball
    122 U0020		       00	   HMP0       ds	1	; $20	 xxxx 0000   Horizontal Motion Player 0
    123 U0021		       00	   HMP1       ds	1	; $21	 xxxx 0000   Horizontal Motion Player 1
    124 U0022		       00	   HMM0       ds	1	; $22	 xxxx 0000   Horizontal Motion Missle 0
    125 U0023		       00	   HMM1       ds	1	; $23	 xxxx 0000   Horizontal Motion Missle 1
    126 U0024		       00	   HMBL       ds	1	; $24	 xxxx 0000   Horizontal Motion Ball
    127 U0025		       00	   VDELP0     ds	1	; $25	 0000 000x   Vertical Delay Player 0
    128 U0026		       00	   VDELP1     ds	1	; $26	 0000 000x   Vertical Delay Player 1
    129 U0027		       00	   VDELBL     ds	1	; $27	 0000 000x   Vertical Delay Ball
    130 U0028		       00	   RESMP0     ds	1	; $28	 0000 00x0   Reset Missle 0 to Player 0
    131 U0029		       00	   RESMP1     ds	1	; $29	 0000 00x0   Reset Missle 1 to Player 1
    132 U002a		       00	   HMOVE      ds	1	; $2A	 ---- ----   Apply Horizontal Motion
    133 U002b		       00	   HMCLR      ds	1	; $2B	 ---- ----   Clear Horizontal Move Registers
    134 U002c		       00	   CXCLR      ds	1	; $2C	 ---- ----   Clear Collision Latches
    135 U002d
    136 U002d							;-------------------------------------------------------------------------------
    137 U002d
    138 U000e ????				      SEG.U	TIA_REGISTERS_READ
    139 U0000					      ORG	TIA_BASE_READ_ADDRESS
    140 U0000
    141 U0000							;											bit 7	 bit 6
    142 U0000		       00	   CXM0P      ds	1	; $00	     xx00 0000	     Read Collision  M0-P1   M0-P0
    143 U0001		       00	   CXM1P      ds	1	; $01	     xx00 0000			     M1-P0   M1-P1
    144 U0002		       00	   CXP0FB     ds	1	; $02	     xx00 0000			     P0-PF   P0-BL
    145 U0003		       00	   CXP1FB     ds	1	; $03	     xx00 0000			     P1-PF   P1-BL
    146 U0004		       00	   CXM0FB     ds	1	; $04	     xx00 0000			     M0-PF   M0-BL
    147 U0005		       00	   CXM1FB     ds	1	; $05	     xx00 0000			     M1-PF   M1-BL
    148 U0006		       00	   CXBLPF     ds	1	; $06	     x000 0000			     BL-PF   -----
    149 U0007		       00	   CXPPMM     ds	1	; $07	     xx00 0000			     P0-P1   M0-M1
    150 U0008		       00	   INPT0      ds	1	; $08	     x000 0000	     Read Pot Port 0
    151 U0009		       00	   INPT1      ds	1	; $09	     x000 0000	     Read Pot Port 1
    152 U000a		       00	   INPT2      ds	1	; $0A	     x000 0000	     Read Pot Port 2
    153 U000b		       00	   INPT3      ds	1	; $0B	     x000 0000	     Read Pot Port 3
    154 U000c		       00	   INPT4      ds	1	; $0C		x000 0000	 Read Input (Trigger) 0
    155 U000d		       00	   INPT5      ds	1	; $0D		x000 0000	 Read Input (Trigger) 1
    156 U000e
    157 U000e							;-------------------------------------------------------------------------------
    158 U000e
    159 U0298 ????				      SEG.U	RIOT
    160 U0280					      ORG	$280
    161 U0280
    162 U0280							; RIOT MEMORY MAP
    163 U0280
    164 U0280		       00	   SWCHA      ds	1	; $280      Port A data register for joysticks:
    165 U0281							;			Bits 4-7 for player 1.  Bits 0-3 for player 2.
    166 U0281
    167 U0281		       00	   SWACNT     ds	1	; $281      Port A data direction register (DDR)
    168 U0282		       00	   SWCHB      ds	1	; $282		Port B data (console switches)
    169 U0283		       00	   SWBCNT     ds	1	; $283      Port B DDR
    170 U0284		       00	   INTIM      ds	1	; $284		Timer output
    171 U0285
    172 U0285		       00	   TIMINT     ds	1	; $285
    173 U0286
    174 U0286							; Unused/undefined registers ($285-$294)
    175 U0286
    176 U0286		       00		      ds	1	; $286
    177 U0287		       00		      ds	1	; $287
    178 U0288		       00		      ds	1	; $288
    179 U0289		       00		      ds	1	; $289
    180 U028a		       00		      ds	1	; $28A
    181 U028b		       00		      ds	1	; $28B
    182 U028c		       00		      ds	1	; $28C
    183 U028d		       00		      ds	1	; $28D
    184 U028e		       00		      ds	1	; $28E
    185 U028f		       00		      ds	1	; $28F
    186 U0290		       00		      ds	1	; $290
    187 U0291		       00		      ds	1	; $291
    188 U0292		       00		      ds	1	; $292
    189 U0293		       00		      ds	1	; $293
    190 U0294
    191 U0294		       00	   TIM1T      ds	1	; $294		set 1 clock interval
    192 U0295		       00	   TIM8T      ds	1	; $295      set 8 clock interval
    193 U0296		       00	   TIM64T     ds	1	; $296      set 64 clock interval
    194 U0297		       00	   T1024T     ds	1	; $297      set 1024 clock interval
    195 U0298
    196 U0298							;-------------------------------------------------------------------------------
    197 U0298							; The following required for back-compatibility with code which does not use
    198 U0298							; segments.
    199 U0298
    200  10000 ????				       SEG
    201  10000 ????
    202  10000 ????						; EOF
------- FILE FNAF_2.0.bas.asm
------- FILE macro.h LEVEL 2 PASS 3
      0  10000 ????				       include	"macro.h"
      1  10000 ????						; Provided under the CC0 license. See the included LICENSE.txt for details.
      2  10000 ????
      3  10000 ????						; MACRO.H
      4  10000 ????						; Version 1.05, 13/NOVEMBER/2003
      5  10000 ????
      6  10000 ????		00 69	    VERSION_MACRO =	105
      7  10000 ????
      8  10000 ????						;
      9  10000 ????						; THIS FILE IS EXPLICITLY SUPPORTED AS A DASM-PREFERRED COMPANION FILE
     10  10000 ????						; PLEASE DO *NOT* REDISTRIBUTE MODIFIED VERSIONS OF THIS FILE!
     11  10000 ????						;
     12  10000 ????						; This file defines DASM macros useful for development for the Atari 2600.
     13  10000 ????						; It is distributed as a companion machine-specific support package
     14  10000 ????						; for the DASM compiler. Updates to this file, DASM, and associated tools are
     15  10000 ????						; available at at http://www.atari2600.org/dasm
     16  10000 ????						;
     17  10000 ????						; Many thanks to the people who have contributed.  If you take issue with the
     18  10000 ????						; contents, or would like to add something, please write to me
     19  10000 ????						; (atari2600@taswegian.com) with your contribution.
     20  10000 ????						;
     21  10000 ????						; Latest Revisions...
     22  10000 ????						;
     23  10000 ????						; 1.05  14/NOV/2003	  - Added VERSION_MACRO equate (which will reflect 100x version #)
     24  10000 ????						;			    This will allow conditional code to verify MACRO.H being
     25  10000 ????						;			    used for code assembly.
     26  10000 ????						; 1.04  13/NOV/2003	 - SET_POINTER macro added (16-bit address load)
     27  10000 ????						;
     28  10000 ????						; 1.03  23/JUN/2003	 - CLEAN_START macro added - clears TIA, RAM, registers
     29  10000 ????						;
     30  10000 ????						; 1.02  14/JUN/2003	 - VERTICAL_SYNC macro added
     31  10000 ????						;			   (standardised macro for vertical synch code)
     32  10000 ????						; 1.01  22/MAR/2003	 - SLEEP macro added. 
     33  10000 ????						;			 - NO_ILLEGAL_OPCODES switch implemented
     34  10000 ????						; 1.0	22/MAR/2003		Initial release
     35  10000 ????
     36  10000 ????						; Note: These macros use illegal opcodes.  To disable illegal opcode usage, 
     37  10000 ????						;   define the symbol NO_ILLEGAL_OPCODES (-DNO_ILLEGAL_OPCODES=1 on command-line).
     38  10000 ????						;   If you do not allow illegal opcode usage, you must include this file 
     39  10000 ????						;   *after* including VCS.H (as the non-illegal opcodes access hardware
     40  10000 ????						;   registers and require them to be defined first).
     41  10000 ????
     42  10000 ????						; Available macros...
     43  10000 ????						;   SLEEP n		 - sleep for n cycles
     44  10000 ????						;   VERTICAL_SYNC	 - correct 3 scanline vertical synch code
     45  10000 ????						;   CLEAN_START	 - set machine to known state on startup
     46  10000 ????						;   SET_POINTER	 - load a 16-bit absolute to a 16-bit variable
     47  10000 ????
     48  10000 ????						;-------------------------------------------------------------------------------
     49  10000 ????						; SLEEP duration
     50  10000 ????						; Original author: Thomas Jentzsch
     51  10000 ????						; Inserts code which takes the specified number of cycles to execute.	This is
     52  10000 ????						; useful for code where precise timing is required.
     53  10000 ????						; ILLEGAL-OPCODE VERSION DOES NOT AFFECT FLAGS OR REGISTERS.
     54  10000 ????						; LEGAL OPCODE VERSION MAY AFFECT FLAGS
     55  10000 ????						; Uses illegal opcode (DASM 2.20.01 onwards).
     56  10000 ????
     57  10000 ????				       MAC	sleep
     58  10000 ????			    .CYCLES    SET	{1}
     59  10000 ????
     60  10000 ????				       IF	.CYCLES < 2
     61  10000 ????				       ECHO	"MACRO ERROR: 'SLEEP': Duration must be > 1"
     62  10000 ????				       ERR
     63  10000 ????				       ENDIF
     64  10000 ????
     65  10000 ????				       IF	.CYCLES & 1
     66  10000 ????				       IFNCONST	NO_ILLEGAL_OPCODES
     67  10000 ????				       nop	0
     68  10000 ????				       ELSE
     69  10000 ????				       bit	VSYNC
     70  10000 ????				       ENDIF
     71  10000 ????			    .CYCLES    SET	.CYCLES - 3
     72  10000 ????				       ENDIF
     73  10000 ????
     74  10000 ????				       REPEAT	.CYCLES / 2
     75  10000 ????				       nop
     76  10000 ????				       REPEND
     77  10000 ????				       ENDM		;usage: SLEEP n (n>1)
     78  10000 ????
     79  10000 ????						;-------------------------------------------------------------------------------
     80  10000 ????						; VERTICAL_SYNC
     81  10000 ????						; Original author: Manuel Polik
     82  10000 ????						; Inserts the code required for a proper 3 scannline 
     83  10000 ????						; vertical sync sequence
     84  10000 ????						;
     85  10000 ????						; Note: Alters the accumulator
     86  10000 ????						;
     87  10000 ????						; IN:
     88  10000 ????						; OUT: A = 1
     89  10000 ????
     90  10000 ????				       MAC	vertical_sync
     91  10000 ????				       LDA	#$02	; A = VSYNC enable
     92  10000 ????				       STA	WSYNC	; Finish current line
     93  10000 ????				       STA	VSYNC	; Start vertical sync
     94  10000 ????				       STA	WSYNC	; 1st line vertical sync
     95  10000 ????				       STA	WSYNC	; 2nd line vertical sync
     96  10000 ????				       LSR		; A = VSYNC disable
     97  10000 ????				       STA	WSYNC	; 3rd line vertical sync
     98  10000 ????				       STA	VSYNC	; Stop vertical sync
     99  10000 ????				       ENDM
    100  10000 ????
    101  10000 ????						;-------------------------------------------------------------------------------
    102  10000 ????						; CLEAN_START
    103  10000 ????						; Original author: Andrew Davie
    104  10000 ????						; Standardised start-up code, clears stack, all TIA registers and RAM to 0
    105  10000 ????						; Sets stack pointer to $FF, and all registers to 0
    106  10000 ????						; Sets decimal mode off, sets interrupt flag (kind of un-necessary)
    107  10000 ????						; Use as very first section of code on boot (ie: at reset)
    108  10000 ????						; Code written to minimise total ROM usage - uses weird 6502 knowledge :)
    109  10000 ????
    110  10000 ????				       MAC	clean_start
    111  10000 ????				       sei
    112  10000 ????				       cld
    113  10000 ????
    114  10000 ????				       ldx	#0
    115  10000 ????				       txa
    116  10000 ????				       tay
    117  10000 ????			    .CLEAR_STACK dex
    118  10000 ????				       txs
    119  10000 ????				       pha
    120  10000 ????				       bne	.CLEAR_STACK	; SP=$FF, X = A = Y = 0
    121  10000 ????
    122  10000 ????				       ENDM
    123  10000 ????
    124  10000 ????						;-------------------------------------------------------
    125  10000 ????						; SET_POINTER
    126  10000 ????						; Original author: Manuel Rotschkar
    127  10000 ????						;
    128  10000 ????						; Sets a 2 byte RAM pointer to an absolute address.
    129  10000 ????						;
    130  10000 ????						; Usage: SET_POINTER pointer, address
    131  10000 ????						; Example: SET_POINTER SpritePTR, SpriteData
    132  10000 ????						;
    133  10000 ????						; Note: Alters the accumulator, NZ flags
    134  10000 ????						; IN 1: 2 byte RAM location reserved for pointer
    135  10000 ????						; IN 2: absolute address
    136  10000 ????
    137  10000 ????				       MAC	set_pointer
    138  10000 ????			    .POINTER   SET	{1}
    139  10000 ????			    .ADDRESS   SET	{2}
    140  10000 ????
    141  10000 ????				       LDA	#<.ADDRESS	; Get Lowbyte of Address
    142  10000 ????				       STA	.POINTER	; Store in pointer
    143  10000 ????				       LDA	#>.ADDRESS	; Get Hibyte of Address
    144  10000 ????				       STA	.POINTER+1	; Store in pointer+1
    145  10000 ????
    146  10000 ????				       ENDM
    147  10000 ????
    148  10000 ????						; EOF
------- FILE FNAF_2.0.bas.asm
------- FILE 2600basic.h LEVEL 2 PASS 3
      0  10000 ????				       include	"2600basic.h"
      1  10000 ????						; Provided under the CC0 license. See the included LICENSE.txt for details.
      2  10000 ????
      3  10000 ????				       processor	6502
------- FILE vcs.h LEVEL 3 PASS 3
      0  10000 ????				       include	"vcs.h"
      1  10000 ????						; Provided under the CC0 license. See the included LICENSE.txt for details.
      2  10000 ????
      3  10000 ????						; VCS.H
      4  10000 ????						; Version 1.05, 13/November/2003
      5  10000 ????
      6  10000 ????		00 69	    VERSION_VCS =	105
      7  10000 ????
      8  10000 ????						; THIS IS A PRELIMINARY RELEASE OF *THE* "STANDARD" VCS.H
      9  10000 ????						; THIS FILE IS EXPLICITLY SUPPORTED AS A DASM-PREFERRED COMPANION FILE
     10  10000 ????						; PLEASE DO *NOT* REDISTRIBUTE THIS FILE!
     11  10000 ????						;
     12  10000 ????						; This file defines hardware registers and memory mapping for the
     13  10000 ????						; Atari 2600. It is distributed as a companion machine-specific support package
     14  10000 ????						; for the DASM compiler. Updates to this file, DASM, and associated tools are
     15  10000 ????						; available at at http://www.atari2600.org/dasm
     16  10000 ????						;
     17  10000 ????						; Many thanks to the original author(s) of this file, and to everyone who has
     18  10000 ????						; contributed to understanding the Atari 2600.  If you take issue with the
     19  10000 ????						; contents, or naming of registers, please write to me (atari2600@taswegian.com)
     20  10000 ????						; with your views.  Please contribute, if you think you can improve this
     21  10000 ????						; file!
     22  10000 ????						;
     23  10000 ????						; Latest Revisions...
     24  10000 ????						; 1.05  13/NOV/2003	  - Correction to 1.04 - now functions as requested by MR.
     25  10000 ????						;			  - Added VERSION_VCS equate (which will reflect 100x version #)
     26  10000 ????						;			    This will allow conditional code to verify VCS.H being
     27  10000 ????						;			    used for code assembly.
     28  10000 ????						; 1.04  12/NOV/2003	 Added TIA_BASE_WRITE_ADDRESS and TIA_BASE_READ_ADDRESS for
     29  10000 ????						;			 convenient disassembly/reassembly compatibility for hardware
     30  10000 ????						;			 mirrored reading/writing differences.	This is more a 
     31  10000 ????						;			 readability issue, and binary compatibility with disassembled
     32  10000 ????						;			 and reassembled sources.  Per Manuel Rotschkar's suggestion.
     33  10000 ????						; 1.03  12/MAY/2003	 Added SEG segment at end of file to fix old-code compatibility
     34  10000 ????						;			 which was broken by the use of segments in this file, as
     35  10000 ????						;			 reported by Manuel Polik on [stella] 11/MAY/2003
     36  10000 ????						; 1.02  22/MAR/2003	 Added TIMINT($285)
     37  10000 ????						; 1.01				Constant offset added to allow use for 3F-style bankswitching
     38  10000 ????						;						 - define TIA_BASE_ADDRESS as $40 for Tigervision carts, otherwise
     39  10000 ????						;						   it is safe to leave it undefined, and the base address will
     40  10000 ????						;						   be set to 0.  Thanks to Eckhard Stolberg for the suggestion.
     41  10000 ????						;			    Note, may use -DLABEL=EXPRESSION to define TIA_BASE_ADDRESS
     42  10000 ????						;			  - register definitions are now generated through assignment
     43  10000 ????						;			    in uninitialised segments.	This allows a changeable base
     44  10000 ????						;			    address architecture.
     45  10000 ????						; 1.0	22/MAR/2003		Initial release
     46  10000 ????
     47  10000 ????
     48  10000 ????						;-------------------------------------------------------------------------------
     49  10000 ????
     50  10000 ????						; TIA_BASE_ADDRESS
     51  10000 ????						; The TIA_BASE_ADDRESS defines the base address of access to TIA registers.
     52  10000 ????						; Normally 0, the base address should (externally, before including this file)
     53  10000 ????						; be set to $40 when creating 3F-bankswitched (and other?) cartridges.
     54  10000 ????						; The reason is that this bankswitching scheme treats any access to locations
     55  10000 ????						; < $40 as a bankswitch.
     56  10000 ????
     57  10000 ????			   -	       IFNCONST	TIA_BASE_ADDRESS
     58  10000 ????			   -TIA_BASE_ADDRESS =	0
     59  10000 ????				       ENDIF
     60  10000 ????
     61  10000 ????						; Note: The address may be defined on the command-line using the -D switch, eg:
     62  10000 ????						; dasm.exe code.asm -DTIA_BASE_ADDRESS=$40 -f3 -v5 -ocode.bin
     63  10000 ????						; *OR* by declaring the label before including this file, eg:
     64  10000 ????						; TIA_BASE_ADDRESS = $40
     65  10000 ????						;   include "vcs.h"
     66  10000 ????
     67  10000 ????						; Alternate read/write address capability - allows for some disassembly compatibility
     68  10000 ????						; usage ; to allow reassembly to binary perfect copies).  This is essentially catering
     69  10000 ????						; for the mirrored ROM hardware registers.
     70  10000 ????
     71  10000 ????						; Usage: As per above, define the TIA_BASE_READ_ADDRESS and/or TIA_BASE_WRITE_ADDRESS
     72  10000 ????						; using the -D command-line switch, as required.  If the addresses are not defined, 
     73  10000 ????						; they defaut to the TIA_BASE_ADDRESS.
     74  10000 ????
     75  10000 ????			   -	       IFNCONST	TIA_BASE_READ_ADDRESS
     76  10000 ????			   -TIA_BASE_READ_ADDRESS =	TIA_BASE_ADDRESS
     77  10000 ????				       ENDIF
     78  10000 ????
     79  10000 ????			   -	       IFNCONST	TIA_BASE_WRITE_ADDRESS
     80  10000 ????			   -TIA_BASE_WRITE_ADDRESS =	TIA_BASE_ADDRESS
     81  10000 ????				       ENDIF
     82  10000 ????
     83  10000 ????						;-------------------------------------------------------------------------------
     84  10000 ????
     85 U002d					      SEG.U	TIA_REGISTERS_WRITE
     86 U0000					      ORG	TIA_BASE_WRITE_ADDRESS
     87 U0000
     88 U0000							; DO NOT CHANGE THE RELATIVE ORDERING OF REGISTERS!
     89 U0000
     90 U0000		       00	   VSYNC      ds	1	; $00	 0000 00x0   Vertical Sync Set-Clear
     91 U0001		       00	   VBLANK     ds	1	; $01	 xx00 00x0   Vertical Blank Set-Clear
     92 U0002		       00	   WSYNC      ds	1	; $02	 ---- ----   Wait for Horizontal Blank
     93 U0003		       00	   RSYNC      ds	1	; $03	 ---- ----   Reset Horizontal Sync Counter
     94 U0004		       00	   NUSIZ0     ds	1	; $04	 00xx 0xxx   Number-Size player/missle 0
     95 U0005		       00	   NUSIZ1     ds	1	; $05	 00xx 0xxx   Number-Size player/missle 1
     96 U0006		       00	   COLUP0     ds	1	; $06	 xxxx xxx0   Color-Luminance Player 0
     97 U0007		       00	   COLUP1     ds	1	; $07	 xxxx xxx0   Color-Luminance Player 1
     98 U0008		       00	   COLUPF     ds	1	; $08	 xxxx xxx0   Color-Luminance Playfield
     99 U0009		       00	   COLUBK     ds	1	; $09	 xxxx xxx0   Color-Luminance Background
    100 U000a		       00	   CTRLPF     ds	1	; $0A	 00xx 0xxx   Control Playfield, Ball, Collisions
    101 U000b		       00	   REFP0      ds	1	; $0B	 0000 x000   Reflection Player 0
    102 U000c		       00	   REFP1      ds	1	; $0C	 0000 x000   Reflection Player 1
    103 U000d		       00	   PF0	      ds	1	; $0D	 xxxx 0000   Playfield Register Byte 0
    104 U000e		       00	   PF1	      ds	1	; $0E	 xxxx xxxx   Playfield Register Byte 1
    105 U000f		       00	   PF2	      ds	1	; $0F	 xxxx xxxx   Playfield Register Byte 2
    106 U0010		       00	   RESP0      ds	1	; $10	 ---- ----   Reset Player 0
    107 U0011		       00	   RESP1      ds	1	; $11	 ---- ----   Reset Player 1
    108 U0012		       00	   RESM0      ds	1	; $12	 ---- ----   Reset Missle 0
    109 U0013		       00	   RESM1      ds	1	; $13	 ---- ----   Reset Missle 1
    110 U0014		       00	   RESBL      ds	1	; $14	 ---- ----   Reset Ball
    111 U0015		       00	   AUDC0      ds	1	; $15	 0000 xxxx   Audio Control 0
    112 U0016		       00	   AUDC1      ds	1	; $16	 0000 xxxx   Audio Control 1
    113 U0017		       00	   AUDF0      ds	1	; $17	 000x xxxx   Audio Frequency 0
    114 U0018		       00	   AUDF1      ds	1	; $18	 000x xxxx   Audio Frequency 1
    115 U0019		       00	   AUDV0      ds	1	; $19	 0000 xxxx   Audio Volume 0
    116 U001a		       00	   AUDV1      ds	1	; $1A	 0000 xxxx   Audio Volume 1
    117 U001b		       00	   GRP0       ds	1	; $1B	 xxxx xxxx   Graphics Register Player 0
    118 U001c		       00	   GRP1       ds	1	; $1C	 xxxx xxxx   Graphics Register Player 1
    119 U001d		       00	   ENAM0      ds	1	; $1D	 0000 00x0   Graphics Enable Missle 0
    120 U001e		       00	   ENAM1      ds	1	; $1E	 0000 00x0   Graphics Enable Missle 1
    121 U001f		       00	   ENABL      ds	1	; $1F	 0000 00x0   Graphics Enable Ball
    122 U0020		       00	   HMP0       ds	1	; $20	 xxxx 0000   Horizontal Motion Player 0
    123 U0021		       00	   HMP1       ds	1	; $21	 xxxx 0000   Horizontal Motion Player 1
    124 U0022		       00	   HMM0       ds	1	; $22	 xxxx 0000   Horizontal Motion Missle 0
    125 U0023		       00	   HMM1       ds	1	; $23	 xxxx 0000   Horizontal Motion Missle 1
    126 U0024		       00	   HMBL       ds	1	; $24	 xxxx 0000   Horizontal Motion Ball
    127 U0025		       00	   VDELP0     ds	1	; $25	 0000 000x   Vertical Delay Player 0
    128 U0026		       00	   VDELP1     ds	1	; $26	 0000 000x   Vertical Delay Player 1
    129 U0027		       00	   VDELBL     ds	1	; $27	 0000 000x   Vertical Delay Ball
    130 U0028		       00	   RESMP0     ds	1	; $28	 0000 00x0   Reset Missle 0 to Player 0
    131 U0029		       00	   RESMP1     ds	1	; $29	 0000 00x0   Reset Missle 1 to Player 1
    132 U002a		       00	   HMOVE      ds	1	; $2A	 ---- ----   Apply Horizontal Motion
    133 U002b		       00	   HMCLR      ds	1	; $2B	 ---- ----   Clear Horizontal Move Registers
    134 U002c		       00	   CXCLR      ds	1	; $2C	 ---- ----   Clear Collision Latches
    135 U002d
    136 U002d							;-------------------------------------------------------------------------------
    137 U002d
    138 U000e					      SEG.U	TIA_REGISTERS_READ
    139 U0000					      ORG	TIA_BASE_READ_ADDRESS
    140 U0000
    141 U0000							;											bit 7	 bit 6
    142 U0000		       00	   CXM0P      ds	1	; $00	     xx00 0000	     Read Collision  M0-P1   M0-P0
    143 U0001		       00	   CXM1P      ds	1	; $01	     xx00 0000			     M1-P0   M1-P1
    144 U0002		       00	   CXP0FB     ds	1	; $02	     xx00 0000			     P0-PF   P0-BL
    145 U0003		       00	   CXP1FB     ds	1	; $03	     xx00 0000			     P1-PF   P1-BL
    146 U0004		       00	   CXM0FB     ds	1	; $04	     xx00 0000			     M0-PF   M0-BL
    147 U0005		       00	   CXM1FB     ds	1	; $05	     xx00 0000			     M1-PF   M1-BL
    148 U0006		       00	   CXBLPF     ds	1	; $06	     x000 0000			     BL-PF   -----
    149 U0007		       00	   CXPPMM     ds	1	; $07	     xx00 0000			     P0-P1   M0-M1
    150 U0008		       00	   INPT0      ds	1	; $08	     x000 0000	     Read Pot Port 0
    151 U0009		       00	   INPT1      ds	1	; $09	     x000 0000	     Read Pot Port 1
    152 U000a		       00	   INPT2      ds	1	; $0A	     x000 0000	     Read Pot Port 2
    153 U000b		       00	   INPT3      ds	1	; $0B	     x000 0000	     Read Pot Port 3
    154 U000c		       00	   INPT4      ds	1	; $0C		x000 0000	 Read Input (Trigger) 0
    155 U000d		       00	   INPT5      ds	1	; $0D		x000 0000	 Read Input (Trigger) 1
    156 U000e
    157 U000e							;-------------------------------------------------------------------------------
    158 U000e
    159 U0298					      SEG.U	RIOT
    160 U0280					      ORG	$280
    161 U0280
    162 U0280							; RIOT MEMORY MAP
    163 U0280
    164 U0280		       00	   SWCHA      ds	1	; $280      Port A data register for joysticks:
    165 U0281							;			Bits 4-7 for player 1.  Bits 0-3 for player 2.
    166 U0281
    167 U0281		       00	   SWACNT     ds	1	; $281      Port A data direction register (DDR)
    168 U0282		       00	   SWCHB      ds	1	; $282		Port B data (console switches)
    169 U0283		       00	   SWBCNT     ds	1	; $283      Port B DDR
    170 U0284		       00	   INTIM      ds	1	; $284		Timer output
    171 U0285
    172 U0285		       00	   TIMINT     ds	1	; $285
    173 U0286
    174 U0286							; Unused/undefined registers ($285-$294)
    175 U0286
    176 U0286		       00		      ds	1	; $286
    177 U0287		       00		      ds	1	; $287
    178 U0288		       00		      ds	1	; $288
    179 U0289		       00		      ds	1	; $289
    180 U028a		       00		      ds	1	; $28A
    181 U028b		       00		      ds	1	; $28B
    182 U028c		       00		      ds	1	; $28C
    183 U028d		       00		      ds	1	; $28D
    184 U028e		       00		      ds	1	; $28E
    185 U028f		       00		      ds	1	; $28F
    186 U0290		       00		      ds	1	; $290
    187 U0291		       00		      ds	1	; $291
    188 U0292		       00		      ds	1	; $292
    189 U0293		       00		      ds	1	; $293
    190 U0294
    191 U0294		       00	   TIM1T      ds	1	; $294		set 1 clock interval
    192 U0295		       00	   TIM8T      ds	1	; $295      set 8 clock interval
    193 U0296		       00	   TIM64T     ds	1	; $296      set 64 clock interval
    194 U0297		       00	   T1024T     ds	1	; $297      set 1024 clock interval
    195 U0298
    196 U0298							;-------------------------------------------------------------------------------
    197 U0298							; The following required for back-compatibility with code which does not use
    198 U0298							; segments.
    199 U0298
    200  10000 ????				       SEG
    201  10000 ????
    202  10000 ????						; EOF
------- FILE 2600basic.h
------- FILE macro.h LEVEL 3 PASS 3
      0  10000 ????				       include	"macro.h"
      1  10000 ????						; Provided under the CC0 license. See the included LICENSE.txt for details.
      2  10000 ????
      3  10000 ????						; MACRO.H
      4  10000 ????						; Version 1.05, 13/NOVEMBER/2003
      5  10000 ????
      6  10000 ????		00 69	    VERSION_MACRO =	105
      7  10000 ????
      8  10000 ????						;
      9  10000 ????						; THIS FILE IS EXPLICITLY SUPPORTED AS A DASM-PREFERRED COMPANION FILE
     10  10000 ????						; PLEASE DO *NOT* REDISTRIBUTE MODIFIED VERSIONS OF THIS FILE!
     11  10000 ????						;
     12  10000 ????						; This file defines DASM macros useful for development for the Atari 2600.
     13  10000 ????						; It is distributed as a companion machine-specific support package
     14  10000 ????						; for the DASM compiler. Updates to this file, DASM, and associated tools are
     15  10000 ????						; available at at http://www.atari2600.org/dasm
     16  10000 ????						;
     17  10000 ????						; Many thanks to the people who have contributed.  If you take issue with the
     18  10000 ????						; contents, or would like to add something, please write to me
     19  10000 ????						; (atari2600@taswegian.com) with your contribution.
     20  10000 ????						;
     21  10000 ????						; Latest Revisions...
     22  10000 ????						;
     23  10000 ????						; 1.05  14/NOV/2003	  - Added VERSION_MACRO equate (which will reflect 100x version #)
     24  10000 ????						;			    This will allow conditional code to verify MACRO.H being
     25  10000 ????						;			    used for code assembly.
     26  10000 ????						; 1.04  13/NOV/2003	 - SET_POINTER macro added (16-bit address load)
     27  10000 ????						;
     28  10000 ????						; 1.03  23/JUN/2003	 - CLEAN_START macro added - clears TIA, RAM, registers
     29  10000 ????						;
     30  10000 ????						; 1.02  14/JUN/2003	 - VERTICAL_SYNC macro added
     31  10000 ????						;			   (standardised macro for vertical synch code)
     32  10000 ????						; 1.01  22/MAR/2003	 - SLEEP macro added. 
     33  10000 ????						;			 - NO_ILLEGAL_OPCODES switch implemented
     34  10000 ????						; 1.0	22/MAR/2003		Initial release
     35  10000 ????
     36  10000 ????						; Note: These macros use illegal opcodes.  To disable illegal opcode usage, 
     37  10000 ????						;   define the symbol NO_ILLEGAL_OPCODES (-DNO_ILLEGAL_OPCODES=1 on command-line).
     38  10000 ????						;   If you do not allow illegal opcode usage, you must include this file 
     39  10000 ????						;   *after* including VCS.H (as the non-illegal opcodes access hardware
     40  10000 ????						;   registers and require them to be defined first).
     41  10000 ????
     42  10000 ????						; Available macros...
     43  10000 ????						;   SLEEP n		 - sleep for n cycles
     44  10000 ????						;   VERTICAL_SYNC	 - correct 3 scanline vertical synch code
     45  10000 ????						;   CLEAN_START	 - set machine to known state on startup
     46  10000 ????						;   SET_POINTER	 - load a 16-bit absolute to a 16-bit variable
     47  10000 ????
     48  10000 ????						;-------------------------------------------------------------------------------
     49  10000 ????						; SLEEP duration
     50  10000 ????						; Original author: Thomas Jentzsch
     51  10000 ????						; Inserts code which takes the specified number of cycles to execute.	This is
     52  10000 ????						; useful for code where precise timing is required.
     53  10000 ????						; ILLEGAL-OPCODE VERSION DOES NOT AFFECT FLAGS OR REGISTERS.
     54  10000 ????						; LEGAL OPCODE VERSION MAY AFFECT FLAGS
     55  10000 ????						; Uses illegal opcode (DASM 2.20.01 onwards).
     56  10000 ????
     57  10000 ????				       MAC	sleep
     58  10000 ????			    .CYCLES    SET	{1}
     59  10000 ????
     60  10000 ????				       IF	.CYCLES < 2
     61  10000 ????				       ECHO	"MACRO ERROR: 'SLEEP': Duration must be > 1"
     62  10000 ????				       ERR
     63  10000 ????				       ENDIF
     64  10000 ????
     65  10000 ????				       IF	.CYCLES & 1
     66  10000 ????				       IFNCONST	NO_ILLEGAL_OPCODES
     67  10000 ????				       nop	0
     68  10000 ????				       ELSE
     69  10000 ????				       bit	VSYNC
     70  10000 ????				       ENDIF
     71  10000 ????			    .CYCLES    SET	.CYCLES - 3
     72  10000 ????				       ENDIF
     73  10000 ????
     74  10000 ????				       REPEAT	.CYCLES / 2
     75  10000 ????				       nop
     76  10000 ????				       REPEND
     77  10000 ????				       ENDM		;usage: SLEEP n (n>1)
     78  10000 ????
     79  10000 ????						;-------------------------------------------------------------------------------
     80  10000 ????						; VERTICAL_SYNC
     81  10000 ????						; Original author: Manuel Polik
     82  10000 ????						; Inserts the code required for a proper 3 scannline 
     83  10000 ????						; vertical sync sequence
     84  10000 ????						;
     85  10000 ????						; Note: Alters the accumulator
     86  10000 ????						;
     87  10000 ????						; IN:
     88  10000 ????						; OUT: A = 1
     89  10000 ????
     90  10000 ????				       MAC	vertical_sync
     91  10000 ????				       LDA	#$02	; A = VSYNC enable
     92  10000 ????				       STA	WSYNC	; Finish current line
     93  10000 ????				       STA	VSYNC	; Start vertical sync
     94  10000 ????				       STA	WSYNC	; 1st line vertical sync
     95  10000 ????				       STA	WSYNC	; 2nd line vertical sync
     96  10000 ????				       LSR		; A = VSYNC disable
     97  10000 ????				       STA	WSYNC	; 3rd line vertical sync
     98  10000 ????				       STA	VSYNC	; Stop vertical sync
     99  10000 ????				       ENDM
    100  10000 ????
    101  10000 ????						;-------------------------------------------------------------------------------
    102  10000 ????						; CLEAN_START
    103  10000 ????						; Original author: Andrew Davie
    104  10000 ????						; Standardised start-up code, clears stack, all TIA registers and RAM to 0
    105  10000 ????						; Sets stack pointer to $FF, and all registers to 0
    106  10000 ????						; Sets decimal mode off, sets interrupt flag (kind of un-necessary)
    107  10000 ????						; Use as very first section of code on boot (ie: at reset)
    108  10000 ????						; Code written to minimise total ROM usage - uses weird 6502 knowledge :)
    109  10000 ????
    110  10000 ????				       MAC	clean_start
    111  10000 ????				       sei
    112  10000 ????				       cld
    113  10000 ????
    114  10000 ????				       ldx	#0
    115  10000 ????				       txa
    116  10000 ????				       tay
    117  10000 ????			    .CLEAR_STACK dex
    118  10000 ????				       txs
    119  10000 ????				       pha
    120  10000 ????				       bne	.CLEAR_STACK	; SP=$FF, X = A = Y = 0
    121  10000 ????
    122  10000 ????				       ENDM
    123  10000 ????
    124  10000 ????						;-------------------------------------------------------
    125  10000 ????						; SET_POINTER
    126  10000 ????						; Original author: Manuel Rotschkar
    127  10000 ????						;
    128  10000 ????						; Sets a 2 byte RAM pointer to an absolute address.
    129  10000 ????						;
    130  10000 ????						; Usage: SET_POINTER pointer, address
    131  10000 ????						; Example: SET_POINTER SpritePTR, SpriteData
    132  10000 ????						;
    133  10000 ????						; Note: Alters the accumulator, NZ flags
    134  10000 ????						; IN 1: 2 byte RAM location reserved for pointer
    135  10000 ????						; IN 2: absolute address
    136  10000 ????
    137  10000 ????				       MAC	set_pointer
    138  10000 ????			    .POINTER   SET	{1}
    139  10000 ????			    .ADDRESS   SET	{2}
    140  10000 ????
    141  10000 ????				       LDA	#<.ADDRESS	; Get Lowbyte of Address
    142  10000 ????				       STA	.POINTER	; Store in pointer
    143  10000 ????				       LDA	#>.ADDRESS	; Get Hibyte of Address
    144  10000 ????				       STA	.POINTER+1	; Store in pointer+1
    145  10000 ????
    146  10000 ????				       ENDM
    147  10000 ????
    148  10000 ????						; EOF
------- FILE 2600basic.h
------- FILE 2600basic_variable_redefs.h LEVEL 3 PASS 3
      0  10000 ????				       include	"2600basic_variable_redefs.h"
      1  10000 ????						; This file contains variable mapping and other information for the current project.
      2  10000 ????
      3  10000 ????		00 e4	    blackout_seconds =	q
      4  10000 ????
      5  10000 ????		00 e3	    blackout_tick =	p
      6  10000 ????
      7  10000 ????		00 e2	    input_latch =	o
      8  10000 ????
      9  10000 ????		00 e1	    ai_second  =	n
     10  10000 ????
     11  10000 ????		00 e0	    power_tick =	m
     12  10000 ????
     13  10000 ????		00 df	    Fox_Tick   =	l
     14  10000 ????
     15  10000 ????		00 de	    Chic_Tick  =	k
     16  10000 ????
     17  10000 ????		00 dd	    Bon_Tick   =	j
     18  10000 ????
     19  10000 ????		00 dc	    move_rate  =	i
     20  10000 ????
     21  10000 ????		00 db	    rand16     =	h
     22  10000 ????
     23  10000 ????		00 da	    powerloss  =	g
     24  10000 ????
     25  10000 ????		00 d9	    powertotal =	f
     26  10000 ????
     27  10000 ????		00 d8	    night      =	e
     28  10000 ????
     29  10000 ????		00 d7	    time       =	d
     30  10000 ????
     31  10000 ????		00 d6	    seconds    =	c
     32  10000 ????
     33  10000 ????		00 d5	    tick       =	b
     34  10000 ????
     35  10000 ????		00 d4	    doorctl    =	a
     36  10000 ????
     37  10000 ????		00 01	    pfscore    =	1
     38  10000 ????
     39  10000 ????		00 2b	    vblank_time =	43
     40  10000 ????		00 25	    overscan_time =	37
------- FILE 2600basic.h
      7  10000 ????
      8  10000 ????		00 80	    player0x   =	$80
      9  10000 ????		00 81	    player1x   =	$81
     10  10000 ????		00 82	    missile0x  =	$82
     11  10000 ????		00 83	    missile1x  =	$83
     12  10000 ????		00 84	    ballx      =	$84
     13  10000 ????
     14  10000 ????		00 85	    objecty    =	$85
     15  10000 ????		00 85	    player0y   =	$85
     16  10000 ????		00 86	    player1y   =	$86
     17  10000 ????		00 87	    missile1height =	$87
     18  10000 ????		00 88	    missile1y  =	$88
     19  10000 ????		00 89	    bally      =	$89
     20  10000 ????
     21  10000 ????		00 87	    player1color =	$87	; replaces missile 1
     22  10000 ????
     23  10000 ????		00 8a	    player0pointer =	$8A	;uses $8A-$8B
     24  10000 ????		00 8a	    player0pointerlo =	$8A
     25  10000 ????		00 8b	    player0pointerhi =	$8B
     26  10000 ????		00 8c	    player1pointer =	$8C	; $8C-$8D
     27  10000 ????		00 8c	    player1pointerlo =	$8C
     28  10000 ????		00 8d	    player1pointerhi =	$8D
     29  10000 ????
     30  10000 ????		00 8e	    player0height =	$8E
     31  10000 ????		00 8f	    player1height =	$8F
     32  10000 ????		00 90	    missile0height =	$90
     33  10000 ????		00 91	    missile0y  =	$91
     34  10000 ????		00 92	    ballheight =	$92
     35  10000 ????
     36  10000 ????		00 90	    currentpaddle =	$90	; replaces missile 0 (and can't be used with playercolor)
     37  10000 ????		00 91	    paddle     =	$91	; replaces missile 0
     38  10000 ????		00 82	    player0colorstore =	$82	; replaces missile 0
     39  10000 ????		00 90	    player0color =	$90	; replaces missile 0
     40  10000 ????
     41  10000 ????		00 93	    score      =	$93	; $93-$95
     42  10000 ????		00 96	    scorepointers =	$96	; $96-$9B = 6 bytes
     43  10000 ????		00 9c	    temp1      =	$9C	;used by kernel.  can be used in program too, but
     44  10000 ????		00 9d	    temp2      =	$9D	;are obliterated when drawscreen is called.
     45  10000 ????		00 9e	    temp3      =	$9E
     46  10000 ????		00 9f	    temp4      =	$9F
     47  10000 ????		00 a0	    temp5      =	$A0
     48  10000 ????		00 a1	    temp6      =	$A1
     49  10000 ????
     50  10000 ????		00 a2	    rand       =	$A2
     51  10000 ????		00 a3	    scorecolor =	$A3
     52  10000 ????
     53  10000 ????		00 a4	    var0       =	$A4
     54  10000 ????		00 a5	    var1       =	$A5
     55  10000 ????		00 a6	    var2       =	$A6
     56  10000 ????		00 a7	    var3       =	$A7
     57  10000 ????		00 a8	    var4       =	$A8
     58  10000 ????		00 a9	    var5       =	$A9
     59  10000 ????		00 aa	    var6       =	$AA
     60  10000 ????		00 ab	    var7       =	$AB
     61  10000 ????		00 ac	    var8       =	$AC
     62  10000 ????		00 ad	    var9       =	$AD
     63  10000 ????		00 ae	    var10      =	$AE
     64  10000 ????		00 af	    var11      =	$AF
     65  10000 ????		00 b0	    var12      =	$B0
     66  10000 ????		00 b1	    var13      =	$B1
     67  10000 ????		00 b2	    var14      =	$B2
     68  10000 ????		00 b3	    var15      =	$B3
     69  10000 ????		00 b4	    var16      =	$B4
     70  10000 ????		00 b5	    var17      =	$B5
     71  10000 ????		00 b6	    var18      =	$B6
     72  10000 ????		00 b7	    var19      =	$B7
     73  10000 ????		00 b8	    var20      =	$B8
     74  10000 ????		00 b9	    var21      =	$B9
     75  10000 ????		00 ba	    var22      =	$BA
     76  10000 ????		00 bb	    var23      =	$BB
     77  10000 ????		00 bc	    var24      =	$BC
     78  10000 ????		00 bd	    var25      =	$BD
     79  10000 ????		00 be	    var26      =	$BE
     80  10000 ????		00 bf	    var27      =	$BF
     81  10000 ????		00 c0	    var28      =	$C0
     82  10000 ????		00 c1	    var29      =	$C1
     83  10000 ????		00 c2	    var30      =	$C2
     84  10000 ????		00 c3	    var31      =	$C3
     85  10000 ????		00 c4	    var32      =	$C4
     86  10000 ????		00 c5	    var33      =	$C5
     87  10000 ????		00 c6	    var34      =	$C6
     88  10000 ????		00 c7	    var35      =	$C7
     89  10000 ????		00 c8	    var36      =	$C8
     90  10000 ????		00 c9	    var37      =	$C9
     91  10000 ????		00 ca	    var38      =	$CA
     92  10000 ????		00 cb	    var39      =	$CB
     93  10000 ????		00 cc	    var40      =	$CC
     94  10000 ????		00 cd	    var41      =	$CD
     95  10000 ????		00 ce	    var42      =	$CE
     96  10000 ????		00 cf	    var43      =	$CF
     97  10000 ????		00 d0	    var44      =	$D0
     98  10000 ????		00 d1	    var45      =	$D1
     99  10000 ????		00 d2	    var46      =	$D2
    100  10000 ????		00 d3	    var47      =	$D3
    101  10000 ????
    102  10000 ????		00 d4	    A	       =	$d4
    103  10000 ????		00 d4	    a	       =	$d4
    104  10000 ????		00 d5	    B	       =	$d5
    105  10000 ????		00 d5	    b	       =	$d5
    106  10000 ????		00 d6	    C	       =	$d6
    107  10000 ????		00 d6	    c	       =	$d6
    108  10000 ????		00 d7	    D	       =	$d7
    109  10000 ????		00 d7	    d	       =	$d7
    110  10000 ????		00 d8	    E	       =	$d8
    111  10000 ????		00 d8	    e	       =	$d8
    112  10000 ????		00 d9	    F	       =	$d9
    113  10000 ????		00 d9	    f	       =	$d9
    114  10000 ????		00 da	    G	       =	$da
    115  10000 ????		00 da	    g	       =	$da
    116  10000 ????		00 db	    H	       =	$db
    117  10000 ????		00 db	    h	       =	$db
    118  10000 ????		00 dc	    I	       =	$dc
    119  10000 ????		00 dc	    i	       =	$dc
    120  10000 ????		00 dd	    J	       =	$dd
    121  10000 ????		00 dd	    j	       =	$dd
    122  10000 ????		00 de	    K	       =	$de
    123  10000 ????		00 de	    k	       =	$de
    124  10000 ????		00 df	    L	       =	$df
    125  10000 ????		00 df	    l	       =	$df
    126  10000 ????		00 e0	    M	       =	$e0
    127  10000 ????		00 e0	    m	       =	$e0
    128  10000 ????		00 e1	    N	       =	$e1
    129  10000 ????		00 e1	    n	       =	$e1
    130  10000 ????		00 e2	    O	       =	$e2
    131  10000 ????		00 e2	    o	       =	$e2
    132  10000 ????		00 e3	    P	       =	$e3
    133  10000 ????		00 e3	    p	       =	$e3
    134  10000 ????		00 e4	    Q	       =	$e4
    135  10000 ????		00 e4	    q	       =	$e4
    136  10000 ????		00 e5	    R	       =	$e5
    137  10000 ????		00 e5	    r	       =	$e5
    138  10000 ????		00 e6	    S	       =	$e6
    139  10000 ????		00 e6	    s	       =	$e6
    140  10000 ????		00 e7	    T	       =	$e7
    141  10000 ????		00 e7	    t	       =	$e7
    142  10000 ????		00 e8	    U	       =	$e8
    143  10000 ????		00 e8	    u	       =	$e8
    144  10000 ????		00 e9	    V	       =	$e9
    145  10000 ????		00 e9	    v	       =	$e9
    146  10000 ????		00 ea	    W	       =	$ea
    147  10000 ????		00 ea	    w	       =	$ea
    148  10000 ????		00 eb	    X	       =	$eb
    149  10000 ????		00 eb	    x	       =	$eb
    150  10000 ????		00 ec	    Y	       =	$ec
    151  10000 ????		00 ec	    y	       =	$ec
    152  10000 ????		00 ed	    Z	       =	$ed
    153  10000 ????		00 ed	    z	       =	$ed
    154  10000 ????
    155  10000 ????		00 ee	    temp7      =	$ee	; This is used to aid in bankswitching
    156  10000 ????		00 ef	    playfieldpos =	$ef
    157  10000 ????
    158  10000 ????						; available for other uses, or if unused, provide more stack space
    159  10000 ????
    160  10000 ????		00 f0	    aux1       =	$f0
    161  10000 ????		00 f1	    aux2       =	$f1
    162  10000 ????		00 f2	    aux3       =	$f2
    163  10000 ????		00 f3	    aux4       =	$f3
    164  10000 ????		00 f4	    aux5       =	$f4
    165  10000 ????		00 f5	    aux6       =	$f5
    166  10000 ????
    167  10000 ????						; playfield color/height pointers
    168  10000 ????		00 f0	    pfcolortable =	$f0	; and $d5
    169  10000 ????		00 f0	    pfheighttable =	$f0	; and $d5
    170  10000 ????						; the above pointers are the same because if color and height are both used together,
    171  10000 ????						; they must used absolute indexed and cannot use pointers
    172  10000 ????
    173  10000 ????		00 f2	    lifepointer =	$f2	; pointer to "lives" shape
    174  10000 ????						; upper 3 bits of $f2 contain the number of lives
    175  10000 ????		00 f4	    lifecolor  =	$f4
    176  10000 ????		00 f3	    lives      =	$f3	; # lives >> 5
    177  10000 ????		00 f5	    statusbarlength =	$f5	; only uses upper 5 bits; other bits free
    178  10000 ????
    179  10000 ????		00 f2	    pfscore1   =	$f2	; optional playfield bytes in score
    180  10000 ????		00 f3	    pfscore2   =	$f3
    181  10000 ????		00 f4	    pfscorecolor =	$f4
    182  10000 ????
    183  10000 ????		00 f6	    stack1     =	$f6
    184  10000 ????		00 f7	    stack2     =	$f7
    185  10000 ????		00 f8	    stack3     =	$f8
    186  10000 ????		00 f9	    stack4     =	$f9
    187  10000 ????						; the stack bytes above may be used in the kernel
    188  10000 ????						; stack = F6-F7, F8-F9, FA-FB, FC-FD, FE-FF
    189  10000 ????
    190  10000 ????				       MAC	return
    191  10000 ????				       ifnconst	bankswitch
    192  10000 ????				       rts
    193  10000 ????				       else
    194  10000 ????				       jmp	BS_return
    195  10000 ????				       endif
    196  10000 ????				       ENDM		; auto-return from either a regular or bankswitched module
    197  10000 ????
    198  10000 ????			   -	       ifconst	superchip
    199  10000 ????			   -playfieldbase =	$10D0
    200  10000 ????			   -	       include	superchip.h
    201  10000 ????				       else
    202  10000 ????		00 a4	    playfieldbase =	$A4
    203  10000 ????				       endif
    204  10000 ????
    205  10000 ????				       ifnconst	pfhalfwidth
    206  10000 ????		00 04	    pfwidth    =	4
    207  10000 ????		00 0e	    PF1L       =	PF1
    208  10000 ????		00 0f	    PF2L       =	PF2
    209  10000 ????		00 0e	    PF1R       =	PF1
    210  10000 ????		00 0f	    PF2R       =	PF2
    211  10000 ????		00 00	    pfadjust   =	0
    212  10000 ????			   -	       else
    213  10000 ????			   -pfwidth    =	2
    214  10000 ????			   -	       ifconst	pfcenter
    215  10000 ????			   -PF1L       =	$3F	; no effect
    216  10000 ????			   -PF2L       =	PF2
    217  10000 ????			   -PF1R       =	$3F
    218  10000 ????			   -PF2R       =	PF2	; no effect
    219  10000 ????			   -pfadjust   =	1
    220  10000 ????			   -	       else
    221  10000 ????			   -PF1L       =	PF1
    222  10000 ????			   -PF2L       =	PF2
    223  10000 ????			   -PF1R       =	$3F	; no effect
    224  10000 ????			   -PF2R       =	$3F	; no effect
    225  10000 ????			   -pfadjust   =	0
    226  10000 ????			   -	       endif
    227  10000 ????				       endif
    228  10000 ????
    229  10000 ????						; define playfield start based on height
    230  10000 ????				       ifnconst	pfres
    231  10000 ????		00 a4	    playfield  =	playfieldbase
    232  10000 ????			   -	       else
    233  10000 ????			   -playfield  =	playfieldbase-(pfres-12*(4/pfwidth))*pfwidth
    234  10000 ????				       endif
------- FILE FNAF_2.0.bas.asm
------- FILE 2600basic_variable_redefs.h LEVEL 2 PASS 3
      0  10000 ????				       include	"2600basic_variable_redefs.h"
      1  10000 ????						; This file contains variable mapping and other information for the current project.
      2  10000 ????
      3  10000 ????		00 e4	    blackout_seconds =	q
      4  10000 ????
      5  10000 ????		00 e3	    blackout_tick =	p
      6  10000 ????
      7  10000 ????		00 e2	    input_latch =	o
      8  10000 ????
      9  10000 ????		00 e1	    ai_second  =	n
     10  10000 ????
     11  10000 ????		00 e0	    power_tick =	m
     12  10000 ????
     13  10000 ????		00 df	    Fox_Tick   =	l
     14  10000 ????
     15  10000 ????		00 de	    Chic_Tick  =	k
     16  10000 ????
     17  10000 ????		00 dd	    Bon_Tick   =	j
     18  10000 ????
     19  10000 ????		00 dc	    move_rate  =	i
     20  10000 ????
     21  10000 ????		00 db	    rand16     =	h
     22  10000 ????
     23  10000 ????		00 da	    powerloss  =	g
     24  10000 ????
     25  10000 ????		00 d9	    powertotal =	f
     26  10000 ????
     27  10000 ????		00 d8	    night      =	e
     28  10000 ????
     29  10000 ????		00 d7	    time       =	d
     30  10000 ????
     31  10000 ????		00 d6	    seconds    =	c
     32  10000 ????
     33  10000 ????		00 d5	    tick       =	b
     34  10000 ????
     35  10000 ????		00 d4	    doorctl    =	a
     36  10000 ????
     37  10000 ????		00 01	    pfscore    =	1
     38  10000 ????
     39  10000 ????		00 2b	    vblank_time =	43
     40  10000 ????		00 25	    overscan_time =	37
------- FILE FNAF_2.0.bas.asm
      8  10000 ????			   -	       ifconst	bankswitch
      9  10000 ????			   -	       if	bankswitch == 8
     10  10000 ????			   -	       ORG	$1000
     11  10000 ????			   -	       RORG	$D000
     12  10000 ????			   -	       endif
     13  10000 ????			   -	       if	bankswitch == 16
     14  10000 ????			   -	       ORG	$1000
     15  10000 ????			   -	       RORG	$9000
     16  10000 ????			   -	       endif
     17  10000 ????			   -	       if	bankswitch == 32
     18  10000 ????			   -	       ORG	$1000
     19  10000 ????			   -	       RORG	$1000
     20  10000 ????			   -	       endif
     21  10000 ????			   -	       if	bankswitch == 64
     22  10000 ????			   -	       ORG	$1000
     23  10000 ????			   -	       RORG	$1000
     24  10000 ????			   -	       endif
     25  10000 ????				       else
     26  f000					      ORG	$F000
     27  f000					      endif
     28  f000
     29  f000				  -	      ifconst	bankswitch_hotspot
     30  f000				  -	      if	bankswitch_hotspot = $083F	; 0840 bankswitching hotspot
     31  f000				  -	      .byte	0	; stop unexpected bankswitches
     32  f000				  -	      endif
     33  f000					      endif
     34  f000							; Provided under the CC0 license. See the included LICENSE.txt for details.
     35  f000
     36  f000				   start
     37  f000		       78		      sei
     38  f001		       d8		      cld
     39  f002		       a0 00		      ldy	#0
     40  f004		       a5 d0		      lda	$D0
     41  f006		       c9 2c		      cmp	#$2C	;check RAM location #1
     42  f008		       d0 07		      bne	MachineIs2600
     43  f00a		       a5 d1		      lda	$D1
     44  f00c		       c9 a9		      cmp	#$A9	;check RAM location #2
     45  f00e		       d0 01		      bne	MachineIs2600
     46  f010		       88		      dey
     47  f011				   MachineIs2600
     48  f011		       a2 00		      ldx	#0
     49  f013		       8a		      txa
     50  f014				   clearmem
     51  f014		       e8		      inx
     52  f015		       9a		      txs
     53  f016		       48		      pha
     54  f017		       d0 fb		      bne	clearmem
     55  f019		       84 9c		      sty	temp1
     56  f01b					      ifnconst	multisprite
     57  f01b				  -	      ifconst	pfrowheight
     58  f01b				  -	      lda	#pfrowheight
     59  f01b					      else
     60  f01b				  -	      ifconst	pfres
     61  f01b				  -	      lda	#(96/pfres)
     62  f01b					      else
     63  f01b		       a9 08		      lda	#8
     64  f01d					      endif
     65  f01d					      endif
     66  f01d		       85 ef		      sta	playfieldpos
     67  f01f					      endif
     68  f01f		       a2 05		      ldx	#5
     69  f021				   initscore
     70  f021		       a9 9c		      lda	#<scoretable
     71  f023		       95 96		      sta	scorepointers,x
     72  f025		       ca		      dex
     73  f026		       10 f9		      bpl	initscore
     74  f028		       a9 01		      lda	#1
     75  f02a		       85 0a		      sta	CTRLPF
     76  f02c		       0d 84 02 	      ora	INTIM
     77  f02f		       85 a2		      sta	rand
     78  f031
     79  f031				  -	      ifconst	multisprite
     80  f031				  -	      jsr	multisprite_setup
     81  f031					      endif
     82  f031
     83  f031					      ifnconst	bankswitch
     84  f031		       4c 95 f4 	      jmp	game
     85  f034				  -	      else
     86  f034				  -	      lda	#>(game-1)
     87  f034				  -	      pha
     88  f034				  -	      lda	#<(game-1)
     89  f034				  -	      pha
     90  f034				  -	      pha
     91  f034				  -	      pha
     92  f034				  -	      ldx	#1
     93  f034				  -	      jmp	BS_jsr
     94  f034					      endif
     95  f034							; Provided under the CC0 license. See the included LICENSE.txt for details.
     96  f034
     97  f034							; This is a 2-line kernel!
     98  f034					      ifnconst	vertical_reflect
     99  f034				   kernel
    100  f034					      endif
    101  f034		       85 02		      sta	WSYNC
    102  f036		       a9 ff		      lda	#255
    103  f038		       8d 96 02 	      sta	TIM64T
    104  f03b
    105  f03b		       a9 01		      lda	#1
    106  f03d		       85 27		      sta	VDELBL
    107  f03f		       85 25		      sta	VDELP0
    108  f041		       a6 92		      ldx	ballheight
    109  f043		       e8		      inx
    110  f044		       e8		      inx
    111  f045		       86 9f		      stx	temp4
    112  f047		       a5 86		      lda	player1y
    113  f049		       85 9e		      sta	temp3
    114  f04b
    115  f04b				  -	      ifconst	shakescreen
    116  f04b				  -	      jsr	doshakescreen
    117  f04b					      else
    118  f04b		       a6 90		      ldx	missile0height
    119  f04d		       e8		      inx
    120  f04e					      endif
    121  f04e
    122  f04e		       e8		      inx
    123  f04f		       86 f6		      stx	stack1
    124  f051
    125  f051		       a5 89		      lda	bally
    126  f053		       85 f7		      sta	stack2
    127  f055
    128  f055		       a5 85		      lda	player0y
    129  f057		       a2 00		      ldx	#0
    130  f059		       85 02		      sta	WSYNC
    131  f05b		       86 1b		      stx	GRP0
    132  f05d		       86 1c		      stx	GRP1
    133  f05f		       86 0e		      stx	PF1L
    134  f061		       86 0f		      stx	PF2
    135  f063		       86 2c		      stx	CXCLR
    136  f065				  -	      ifconst	readpaddle
    137  f065				  -	      stx	paddle
    138  f065					      else
      0  f065					      sleep	3
      1  f065				   .CYCLES    SET	3
      2  f065
      3  f065				  -	      IF	.CYCLES < 2
      4  f065				  -	      ECHO	"MACRO ERROR: 'SLEEP': Duration must be > 1"
      5  f065				  -	      ERR
      6  f065					      ENDIF
      7  f065
      8  f065					      IF	.CYCLES & 1
      9  f065					      IFNCONST	NO_ILLEGAL_OPCODES
     10  f065		       04 00		      nop	0
     11  f067				  -	      ELSE
     12  f067				  -	      bit	VSYNC
     13  f067					      ENDIF
     14  f067				   .CYCLES    SET	.CYCLES - 3
     15  f067					      ENDIF
     16  f067
     17  f067				  -	      REPEAT	.CYCLES / 2
     18  f067				  -	      nop
     19  f067					      REPEND
    140  f067					      endif
    141  f067
    142  f067		       95 9d		      sta	temp2,x
    143  f069
    144  f069							;store these so they can be retrieved later
    145  f069					      ifnconst	pfres
    146  f069		       a2 54		      ldx	#128-44+(4-pfwidth)*12
    147  f06b				  -	      else
    148  f06b				  -	      ldx	#132-pfres*pfwidth
    149  f06b					      endif
    150  f06b
    151  f06b		       c6 85		      dec	player0y
    152  f06d
    153  f06d		       a5 91		      lda	missile0y
    154  f06f		       85 a0		      sta	temp5
    155  f071		       a5 88		      lda	missile1y
    156  f073		       85 a1		      sta	temp6
    157  f075
    158  f075		       a5 ef		      lda	playfieldpos
    159  f077		       85 9c		      sta	temp1
    160  f079
    161  f079				  -	      ifconst	pfrowheight
    162  f079				  -	      lda	#pfrowheight+2
    163  f079					      else
    164  f079					      ifnconst	pfres
    165  f079		       a9 0a		      lda	#10
    166  f07b				  -	      else
    167  f07b				  -	      lda	#(96/pfres)+2	; try to come close to the real size
    168  f07b					      endif
    169  f07b					      endif
    170  f07b		       18		      clc
    171  f07c		       e5 ef		      sbc	playfieldpos
    172  f07e		       85 ef		      sta	playfieldpos
    173  f080		       4c a8 f0 	      jmp	.startkernel
    174  f083
    175  f083				   .skipDrawP0
    176  f083		       a9 00		      lda	#0
    177  f085		       a8		      tay
    178  f086		       4c d6 f0 	      jmp	.continueP0
    179  f089
    180  f089				   .skipDrawP1
    181  f089		       a9 00		      lda	#0
    182  f08b		       a8		      tay
    183  f08c		       4c b2 f0 	      jmp	.continueP1
    184  f08f
    185  f08f				   .kerloop		; enter at cycle 59??
    186  f08f
    187  f08f				   continuekernel
      0  f08f					      sleep	2
      1  f08f				   .CYCLES    SET	2
      2  f08f
      3  f08f				  -	      IF	.CYCLES < 2
      4  f08f				  -	      ECHO	"MACRO ERROR: 'SLEEP': Duration must be > 1"
      5  f08f				  -	      ERR
      6  f08f					      ENDIF
      7  f08f
      8  f08f				  -	      IF	.CYCLES & 1
      9  f08f				  -	      IFNCONST	NO_ILLEGAL_OPCODES
     10  f08f				  -	      nop	0
     11  f08f				  -	      ELSE
     12  f08f				  -	      bit	VSYNC
     13  f08f				  -	      ENDIF
     14  f08f				  -.CYCLES    SET	.CYCLES - 3
     15  f08f					      ENDIF
     16  f08f
     17  f08f					      REPEAT	.CYCLES / 2
     18  f08f		       ea		      nop
     19  f090					      REPEND
    189  f090				   continuekernel2
    190  f090		       a5 92		      lda	ballheight
    191  f092
    192  f092				  -	      ifconst	pfres
    193  f092				  -	      ldy	playfield+pfres*pfwidth-132,x
    194  f092				  -	      sty	PF1L	;3
    195  f092				  -	      ldy	playfield+pfres*pfwidth-131-pfadjust,x
    196  f092				  -	      sty	PF2L	;3
    197  f092				  -	      ldy	playfield+pfres*pfwidth-129,x
    198  f092				  -	      sty	PF1R	; 3 too early?
    199  f092				  -	      ldy	playfield+pfres*pfwidth-130-pfadjust,x
    200  f092				  -	      sty	PF2R	;3
    201  f092					      else
    202  f092		       b4 50		      ldy	playfield-48+pfwidth*12+44-128,x
    203  f094		       84 0e		      sty	PF1L	;3
    204  f096		       b4 51		      ldy	playfield-48+pfwidth*12+45-128-pfadjust,x	;4
    205  f098		       84 0f		      sty	PF2L	;3
    206  f09a		       b4 53		      ldy	playfield-48+pfwidth*12+47-128,x	;4
    207  f09c		       84 0e		      sty	PF1R	; 3 too early?
    208  f09e		       b4 52		      ldy	playfield-48+pfwidth*12+46-128-pfadjust,x	;4
    209  f0a0		       84 0f		      sty	PF2R	;3
    210  f0a2					      endif
    211  f0a2
    212  f0a2							; should be playfield+$38 for width=2
    213  f0a2
    214  f0a2		       c7 89		      dcp	bally
    215  f0a4		       2a		      rol
    216  f0a5		       2a		      rol
    217  f0a6							; rol
    218  f0a6							; rol
    219  f0a6				   goback
    220  f0a6		       85 1f		      sta	ENABL
    221  f0a8				   .startkernel
    222  f0a8		       a5 8f		      lda	player1height	;3
    223  f0aa		       c7 86		      dcp	player1y	;5
    224  f0ac		       90 db		      bcc	.skipDrawP1	;2
    225  f0ae		       a4 86		      ldy	player1y	;3
    226  f0b0		       b1 8c		      lda	(player1pointer),y	;5; player0pointer must be selected carefully by the compiler
    227  f0b2							; so it doesn't cross a page boundary!
    228  f0b2
    229  f0b2				   .continueP1
    230  f0b2		       85 1c		      sta	GRP1	;3
    231  f0b4
    232  f0b4					      ifnconst	player1colors
    233  f0b4		       a5 87		      lda	missile1height	;3
    234  f0b6		       c7 88		      dcp	missile1y	;5
    235  f0b8		       2a		      rol		;2
    236  f0b9		       2a		      rol		;2
    237  f0ba		       85 1e		      sta	ENAM1	;3
    238  f0bc				  -	      else
    239  f0bc				  -	      lda	(player1color),y
    240  f0bc				  -	      sta	COLUP1
    241  f0bc				  -	      ifnconst	playercolors
    242  f0bc				  -	      sleep	7
    243  f0bc				  -	      else
    244  f0bc				  -	      lda.w	player0colorstore
    245  f0bc				  -	      sta	COLUP0
    246  f0bc				  -	      endif
    247  f0bc					      endif
    248  f0bc
    249  f0bc				  -	      ifconst	pfres
    250  f0bc				  -	      lda	playfield+pfres*pfwidth-132,x
    251  f0bc				  -	      sta	PF1L	;3
    252  f0bc				  -	      lda	playfield+pfres*pfwidth-131-pfadjust,x
    253  f0bc				  -	      sta	PF2L	;3
    254  f0bc				  -	      lda	playfield+pfres*pfwidth-129,x
    255  f0bc				  -	      sta	PF1R	; 3 too early?
    256  f0bc				  -	      lda	playfield+pfres*pfwidth-130-pfadjust,x
    257  f0bc				  -	      sta	PF2R	;3
    258  f0bc					      else
    259  f0bc		       b5 50		      lda	playfield-48+pfwidth*12+44-128,x	;4
    260  f0be		       85 0e		      sta	PF1L	;3
    261  f0c0		       b5 51		      lda	playfield-48+pfwidth*12+45-128-pfadjust,x	;4
    262  f0c2		       85 0f		      sta	PF2L	;3
    263  f0c4		       b5 53		      lda	playfield-48+pfwidth*12+47-128,x	;4
    264  f0c6		       85 0e		      sta	PF1R	; 3 too early?
    265  f0c8		       b5 52		      lda	playfield-48+pfwidth*12+46-128-pfadjust,x	;4
    266  f0ca		       85 0f		      sta	PF2R	;3
    267  f0cc					      endif
    268  f0cc							; sleep 3
    269  f0cc
    270  f0cc		       a5 8e		      lda	player0height
    271  f0ce		       c7 85		      dcp	player0y
    272  f0d0		       90 b1		      bcc	.skipDrawP0
    273  f0d2		       a4 85		      ldy	player0y
    274  f0d4		       b1 8a		      lda	(player0pointer),y
    275  f0d6				   .continueP0
    276  f0d6		       85 1b		      sta	GRP0
    277  f0d8
    278  f0d8					      ifnconst	no_blank_lines
    279  f0d8					      ifnconst	playercolors
    280  f0d8		       a5 90		      lda	missile0height	;3
    281  f0da		       c7 91		      dcp	missile0y	;5
    282  f0dc		       e5 f6		      sbc	stack1
    283  f0de		       85 1d		      sta	ENAM0	;3
    284  f0e0				  -	      else
    285  f0e0				  -	      lda	(player0color),y
    286  f0e0				  -	      sta	player0colorstore
    287  f0e0				  -	      sleep	6
    288  f0e0					      endif
    289  f0e0		       c6 9c		      dec	temp1
    290  f0e2		       d0 ab		      bne	continuekernel
    291  f0e4				  -	      else
    292  f0e4				  -	      dec	temp1
    293  f0e4				  -	      beq	altkernel2
    294  f0e4				  -	      ifconst	readpaddle
    295  f0e4				  -	      ldy	currentpaddle
    296  f0e4				  -	      lda	INPT0,y
    297  f0e4				  -	      bpl	noreadpaddle
    298  f0e4				  -	      inc	paddle
    299  f0e4				  -	      jmp	continuekernel2
    300  f0e4				  -noreadpaddle
    301  f0e4				  -	      sleep	2
    302  f0e4				  -	      jmp	continuekernel
    303  f0e4				  -	      else
    304  f0e4				  -	      ifnconst	playercolors
    305  f0e4				  -	      ifconst	PFcolors
    306  f0e4				  -	      txa
    307  f0e4				  -	      tay
    308  f0e4				  -	      lda	(pfcolortable),y
    309  f0e4				  -	      ifnconst	backgroundchange
    310  f0e4				  -	      sta	COLUPF
    311  f0e4				  -	      else
    312  f0e4				  -	      sta	COLUBK
    313  f0e4				  -	      endif
    314  f0e4				  -	      jmp	continuekernel
    315  f0e4				  -	      else
    316  f0e4				  -	      ifconst	kernelmacrodef
    317  f0e4				  -	      kernelmacro
    318  f0e4				  -	      else
    319  f0e4				  -	      sleep	12
    320  f0e4				  -	      endif
    321  f0e4				  -	      endif
    322  f0e4				  -	      else
    323  f0e4				  -	      lda	(player0color),y
    324  f0e4				  -	      sta	player0colorstore
    325  f0e4				  -	      sleep	4
    326  f0e4				  -	      endif
    327  f0e4				  -	      jmp	continuekernel
    328  f0e4				  -	      endif
    329  f0e4				  -altkernel2
    330  f0e4				  -	      txa
    331  f0e4				  -	      ifnconst	vertical_reflect
    332  f0e4				  -	      sbx	#256-pfwidth
    333  f0e4				  -	      else
    334  f0e4				  -	      sbx	#256-pfwidth/2
    335  f0e4				  -	      endif
    336  f0e4				  -	      bmi	lastkernelline
    337  f0e4				  -	      ifconst	pfrowheight
    338  f0e4				  -	      lda	#pfrowheight
    339  f0e4				  -	      else
    340  f0e4				  -	      ifnconst	pfres
    341  f0e4				  -	      lda	#8
    342  f0e4				  -	      else
    343  f0e4				  -	      lda	#(96/pfres)	; try to come close to the real size
    344  f0e4				  -	      endif
    345  f0e4				  -	      endif
    346  f0e4				  -	      sta	temp1
    347  f0e4				  -	      jmp	continuekernel
    348  f0e4					      endif
    349  f0e4
    350  f0e4				   altkernel
    351  f0e4
    352  f0e4				  -	      ifconst	PFmaskvalue
    353  f0e4				  -	      lda	#PFmaskvalue
    354  f0e4					      else
    355  f0e4		       a9 00		      lda	#0
    356  f0e6					      endif
    357  f0e6		       85 0e		      sta	PF1L
    358  f0e8		       85 0f		      sta	PF2
    359  f0ea
    360  f0ea
    361  f0ea							;sleep 3
    362  f0ea
    363  f0ea							;28 cycles to fix things
    364  f0ea							;minus 11=17
    365  f0ea
    366  f0ea							; lax temp4
    367  f0ea							; clc
    368  f0ea		       8a		      txa
    369  f0eb					      ifnconst	vertical_reflect
    370  f0eb		       cb fc		      sbx	#256-pfwidth
    371  f0ed				  -	      else
    372  f0ed				  -	      sbx	#256-pfwidth/2
    373  f0ed					      endif
    374  f0ed
    375  f0ed		       30 12		      bmi	lastkernelline
    376  f0ef
    377  f0ef				  -	      ifconst	PFcolorandheight
    378  f0ef				  -	      ifconst	pfres
    379  f0ef				  -	      ldy	playfieldcolorandheight-131+pfres*pfwidth,x
    380  f0ef				  -	      else
    381  f0ef				  -	      ldy	playfieldcolorandheight-87,x
    382  f0ef				  -	      endif
    383  f0ef				  -	      ifnconst	backgroundchange
    384  f0ef				  -	      sty	COLUPF
    385  f0ef				  -	      else
    386  f0ef				  -	      sty	COLUBK
    387  f0ef				  -	      endif
    388  f0ef				  -	      ifconst	pfres
    389  f0ef				  -	      lda	playfieldcolorandheight-132+pfres*pfwidth,x
    390  f0ef				  -	      else
    391  f0ef				  -	      lda	playfieldcolorandheight-88,x
    392  f0ef				  -	      endif
    393  f0ef				  -	      sta.w	temp1
    394  f0ef					      endif
    395  f0ef				  -	      ifconst	PFheights
    396  f0ef				  -	      lsr
    397  f0ef				  -	      lsr
    398  f0ef				  -	      tay
    399  f0ef				  -	      lda	(pfheighttable),y
    400  f0ef				  -	      sta.w	temp1
    401  f0ef					      endif
    402  f0ef				  -	      ifconst	PFcolors
    403  f0ef				  -	      tay
    404  f0ef				  -	      lda	(pfcolortable),y
    405  f0ef				  -	      ifnconst	backgroundchange
    406  f0ef				  -	      sta	COLUPF
    407  f0ef				  -	      else
    408  f0ef				  -	      sta	COLUBK
    409  f0ef				  -	      endif
    410  f0ef				  -	      ifconst	pfrowheight
    411  f0ef				  -	      lda	#pfrowheight
    412  f0ef				  -	      else
    413  f0ef				  -	      ifnconst	pfres
    414  f0ef				  -	      lda	#8
    415  f0ef				  -	      else
    416  f0ef				  -	      lda	#(96/pfres)	; try to come close to the real size
    417  f0ef				  -	      endif
    418  f0ef				  -	      endif
    419  f0ef				  -	      sta	temp1
    420  f0ef					      endif
    421  f0ef					      ifnconst	PFcolorandheight
    422  f0ef					      ifnconst	PFcolors
    423  f0ef					      ifnconst	PFheights
    424  f0ef					      ifnconst	no_blank_lines
    425  f0ef							; read paddle 0
    426  f0ef							; lo-res paddle read
    427  f0ef							; bit INPT0
    428  f0ef							; bmi paddleskipread
    429  f0ef							; inc paddle0
    430  f0ef							;donepaddleskip
      0  f0ef					      sleep	10
      1  f0ef				   .CYCLES    SET	10
      2  f0ef
      3  f0ef				  -	      IF	.CYCLES < 2
      4  f0ef				  -	      ECHO	"MACRO ERROR: 'SLEEP': Duration must be > 1"
      5  f0ef				  -	      ERR
      6  f0ef					      ENDIF
      7  f0ef
      8  f0ef				  -	      IF	.CYCLES & 1
      9  f0ef				  -	      IFNCONST	NO_ILLEGAL_OPCODES
     10  f0ef				  -	      nop	0
     11  f0ef				  -	      ELSE
     12  f0ef				  -	      bit	VSYNC
     13  f0ef				  -	      ENDIF
     14  f0ef				  -.CYCLES    SET	.CYCLES - 3
     15  f0ef					      ENDIF
     16  f0ef
     17  f0ef					      REPEAT	.CYCLES / 2
     18  f0ef		       ea		      nop
     17  f0ef					      REPEND
     18  f0f0		       ea		      nop
     17  f0f0					      REPEND
     18  f0f1		       ea		      nop
     17  f0f1					      REPEND
     18  f0f2		       ea		      nop
     17  f0f2					      REPEND
     18  f0f3		       ea		      nop
     19  f0f4					      REPEND
    432  f0f4				  -	      ifconst	pfrowheight
    433  f0f4				  -	      lda	#pfrowheight
    434  f0f4					      else
    435  f0f4					      ifnconst	pfres
    436  f0f4		       a9 08		      lda	#8
    437  f0f6				  -	      else
    438  f0f6				  -	      lda	#(96/pfres)	; try to come close to the real size
    439  f0f6					      endif
    440  f0f6					      endif
    441  f0f6		       85 9c		      sta	temp1
    442  f0f8					      endif
    443  f0f8					      endif
    444  f0f8					      endif
    445  f0f8					      endif
    446  f0f8
    447  f0f8
    448  f0f8		       a5 92		      lda	ballheight
    449  f0fa		       c7 89		      dcp	bally
    450  f0fc		       e5 9f		      sbc	temp4
    451  f0fe
    452  f0fe
    453  f0fe		       4c a6 f0 	      jmp	goback
    454  f101
    455  f101
    456  f101					      ifnconst	no_blank_lines
    457  f101				   lastkernelline
    458  f101					      ifnconst	PFcolors
      0  f101					      sleep	10
      1  f101				   .CYCLES    SET	10
      2  f101
      3  f101				  -	      IF	.CYCLES < 2
      4  f101				  -	      ECHO	"MACRO ERROR: 'SLEEP': Duration must be > 1"
      5  f101				  -	      ERR
      6  f101					      ENDIF
      7  f101
      8  f101				  -	      IF	.CYCLES & 1
      9  f101				  -	      IFNCONST	NO_ILLEGAL_OPCODES
     10  f101				  -	      nop	0
     11  f101				  -	      ELSE
     12  f101				  -	      bit	VSYNC
     13  f101				  -	      ENDIF
     14  f101				  -.CYCLES    SET	.CYCLES - 3
     15  f101					      ENDIF
     16  f101
     17  f101					      REPEAT	.CYCLES / 2
     18  f101		       ea		      nop
     17  f101					      REPEND
     18  f102		       ea		      nop
     17  f102					      REPEND
     18  f103		       ea		      nop
     17  f103					      REPEND
     18  f104		       ea		      nop
     17  f104					      REPEND
     18  f105		       ea		      nop
     19  f106					      REPEND
    460  f106				  -	      else
    461  f106				  -	      ldy	#124
    462  f106				  -	      lda	(pfcolortable),y
    463  f106				  -	      sta	COLUPF
    464  f106					      endif
    465  f106
    466  f106				  -	      ifconst	PFheights
    467  f106				  -	      ldx	#1
    468  f106				  -			;sleep 4
    469  f106				  -	      sleep	3	; this was over 1 cycle
    470  f106					      else
    471  f106		       a6 ef		      ldx	playfieldpos
    472  f108							;sleep 3
      0  f108					      sleep	2	; this was over 1 cycle
      1  f108				   .CYCLES    SET	2
      2  f108
      3  f108				  -	      IF	.CYCLES < 2
      4  f108				  -	      ECHO	"MACRO ERROR: 'SLEEP': Duration must be > 1"
      5  f108				  -	      ERR
      6  f108					      ENDIF
      7  f108
      8  f108				  -	      IF	.CYCLES & 1
      9  f108				  -	      IFNCONST	NO_ILLEGAL_OPCODES
     10  f108				  -	      nop	0
     11  f108				  -	      ELSE
     12  f108				  -	      bit	VSYNC
     13  f108				  -	      ENDIF
     14  f108				  -.CYCLES    SET	.CYCLES - 3
     15  f108					      ENDIF
     16  f108
     17  f108					      REPEAT	.CYCLES / 2
     18  f108		       ea		      nop
     19  f109					      REPEND
    474  f109					      endif
    475  f109
    476  f109		       4c 27 f1 	      jmp	enterlastkernel
    477  f10c
    478  f10c				  -	      else
    479  f10c				  -lastkernelline
    480  f10c				  -
    481  f10c				  -	      ifconst	PFheights
    482  f10c				  -	      ldx	#1
    483  f10c				  -			;sleep 5
    484  f10c				  -	      sleep	4	; this was over 1 cycle
    485  f10c				  -	      else
    486  f10c				  -	      ldx	playfieldpos
    487  f10c				  -			;sleep 4
    488  f10c				  -	      sleep	3	; this was over 1 cycle
    489  f10c				  -	      endif
    490  f10c				  -
    491  f10c				  -	      cpx	#0
    492  f10c				  -	      bne	.enterfromNBL
    493  f10c				  -	      jmp	no_blank_lines_bailout
    494  f10c					      endif
    495  f10c
    496  f10c				  -	      if	((<*)>$d5)
    497  f10c				  -	      align	256
    498  f10c					      endif
    499  f10c							; this is a kludge to prevent page wrapping - fix!!!
    500  f10c
    501  f10c				   .skipDrawlastP1
    502  f10c		       a9 00		      lda	#0
    503  f10e		       a8		      tay		; added so we don't cross a page
    504  f10f		       4c 39 f1 	      jmp	.continuelastP1
    505  f112
    506  f112				   .endkerloop		; enter at cycle 59??
    507  f112
    508  f112		       ea		      nop
    509  f113
    510  f113				   .enterfromNBL
    511  f113				  -	      ifconst	pfres
    512  f113				  -	      ldy.w	playfield+pfres*pfwidth-4
    513  f113				  -	      sty	PF1L	;3
    514  f113				  -	      ldy.w	playfield+pfres*pfwidth-3-pfadjust
    515  f113				  -	      sty	PF2L	;3
    516  f113				  -	      ldy.w	playfield+pfres*pfwidth-1
    517  f113				  -	      sty	PF1R	; possibly too early?
    518  f113				  -	      ldy.w	playfield+pfres*pfwidth-2-pfadjust
    519  f113				  -	      sty	PF2R	;3
    520  f113					      else
    521  f113		       ac d0 00 	      ldy.w	playfield-48+pfwidth*12+44
    522  f116		       84 0e		      sty	PF1L	;3
    523  f118		       ac d1 00 	      ldy.w	playfield-48+pfwidth*12+45-pfadjust
    524  f11b		       84 0f		      sty	PF2L	;3
    525  f11d		       ac d3 00 	      ldy.w	playfield-48+pfwidth*12+47
    526  f120		       84 0e		      sty	PF1R	; possibly too early?
    527  f122		       ac d2 00 	      ldy.w	playfield-48+pfwidth*12+46-pfadjust
    528  f125		       84 0f		      sty	PF2R	;3
    529  f127					      endif
    530  f127
    531  f127				   enterlastkernel
    532  f127		       a5 92		      lda	ballheight
    533  f129
    534  f129							; tya
    535  f129		       c7 89		      dcp	bally
    536  f12b							; sleep 4
    537  f12b
    538  f12b							; sbc stack3
    539  f12b		       2a		      rol
    540  f12c		       2a		      rol
    541  f12d		       85 1f		      sta	ENABL
    542  f12f
    543  f12f		       a5 8f		      lda	player1height	;3
    544  f131		       c7 86		      dcp	player1y	;5
    545  f133		       90 d7		      bcc	.skipDrawlastP1
    546  f135		       a4 86		      ldy	player1y	;3
    547  f137		       b1 8c		      lda	(player1pointer),y	;5; player0pointer must be selected carefully by the compiler
    548  f139							; so it doesn't cross a page boundary!
    549  f139
    550  f139				   .continuelastP1
    551  f139		       85 1c		      sta	GRP1	;3
    552  f13b
    553  f13b					      ifnconst	player1colors
    554  f13b		       a5 87		      lda	missile1height	;3
    555  f13d		       c7 88		      dcp	missile1y	;5
    556  f13f				  -	      else
    557  f13f				  -	      lda	(player1color),y
    558  f13f				  -	      sta	COLUP1
    559  f13f					      endif
    560  f13f
    561  f13f		       ca		      dex
    562  f140							;dec temp4 ; might try putting this above PF writes
    563  f140		       f0 36		      beq	endkernel
    564  f142
    565  f142
    566  f142				  -	      ifconst	pfres
    567  f142				  -	      ldy.w	playfield+pfres*pfwidth-4
    568  f142				  -	      sty	PF1L	;3
    569  f142				  -	      ldy.w	playfield+pfres*pfwidth-3-pfadjust
    570  f142				  -	      sty	PF2L	;3
    571  f142				  -	      ldy.w	playfield+pfres*pfwidth-1
    572  f142				  -	      sty	PF1R	; possibly too early?
    573  f142				  -	      ldy.w	playfield+pfres*pfwidth-2-pfadjust
    574  f142				  -	      sty	PF2R	;3
    575  f142					      else
    576  f142		       ac d0 00 	      ldy.w	playfield-48+pfwidth*12+44
    577  f145		       84 0e		      sty	PF1L	;3
    578  f147		       ac d1 00 	      ldy.w	playfield-48+pfwidth*12+45-pfadjust
    579  f14a		       84 0f		      sty	PF2L	;3
    580  f14c		       ac d3 00 	      ldy.w	playfield-48+pfwidth*12+47
    581  f14f		       84 0e		      sty	PF1R	; possibly too early?
    582  f151		       ac d2 00 	      ldy.w	playfield-48+pfwidth*12+46-pfadjust
    583  f154		       84 0f		      sty	PF2R	;3
    584  f156					      endif
    585  f156
    586  f156					      ifnconst	player1colors
    587  f156		       2a		      rol		;2
    588  f157		       2a		      rol		;2
    589  f158		       85 1e		      sta	ENAM1	;3
    590  f15a				  -	      else
    591  f15a				  -	      ifnconst	playercolors
    592  f15a				  -	      sleep	7
    593  f15a				  -	      else
    594  f15a				  -	      lda.w	player0colorstore
    595  f15a				  -	      sta	COLUP0
    596  f15a				  -	      endif
    597  f15a					      endif
    598  f15a
    599  f15a		       ad 8e 00 	      lda.w	player0height
    600  f15d		       c7 85		      dcp	player0y
    601  f15f		       90 11		      bcc	.skipDrawlastP0
    602  f161		       a4 85		      ldy	player0y
    603  f163		       b1 8a		      lda	(player0pointer),y
    604  f165				   .continuelastP0
    605  f165		       85 1b		      sta	GRP0
    606  f167
    607  f167
    608  f167
    609  f167					      ifnconst	no_blank_lines
    610  f167		       a5 90		      lda	missile0height	;3
    611  f169		       c7 91		      dcp	missile0y	;5
    612  f16b		       e5 f6		      sbc	stack1
    613  f16d		       85 1d		      sta	ENAM0	;3
    614  f16f		       4c 12 f1 	      jmp	.endkerloop
    615  f172				  -	      else
    616  f172				  -	      ifconst	readpaddle
    617  f172				  -	      ldy	currentpaddle
    618  f172				  -	      lda	INPT0,y
    619  f172				  -	      bpl	noreadpaddle2
    620  f172				  -	      inc	paddle
    621  f172				  -	      jmp	.endkerloop
    622  f172				  -noreadpaddle2
    623  f172				  -	      sleep	4
    624  f172				  -	      jmp	.endkerloop
    625  f172				  -	      else		; no_blank_lines and no paddle reading
    626  f172				  -	      pla
    627  f172				  -	      pha		; 14 cycles in 4 bytes
    628  f172				  -	      pla
    629  f172				  -	      pha
    630  f172				  -			; sleep 14
    631  f172				  -	      jmp	.endkerloop
    632  f172				  -	      endif
    633  f172					      endif
    634  f172
    635  f172
    636  f172							; ifconst donepaddleskip
    637  f172							;paddleskipread
    638  f172							; this is kind of lame, since it requires 4 cycles from a page boundary crossing
    639  f172							; plus we get a lo-res paddle read
    640  f172							; bmi donepaddleskip
    641  f172							; endif
    642  f172
    643  f172				   .skipDrawlastP0
    644  f172		       a9 00		      lda	#0
    645  f174		       a8		      tay
    646  f175		       4c 65 f1 	      jmp	.continuelastP0
    647  f178
    648  f178				  -	      ifconst	no_blank_lines
    649  f178				  -no_blank_lines_bailout
    650  f178				  -	      ldx	#0
    651  f178					      endif
    652  f178
    653  f178				   endkernel
    654  f178							; 6 digit score routine
    655  f178		       86 0e		      stx	PF1
    656  f17a		       86 0f		      stx	PF2
    657  f17c		       86 0d		      stx	PF0
    658  f17e		       18		      clc
    659  f17f
    660  f17f				  -	      ifconst	pfrowheight
    661  f17f				  -	      lda	#pfrowheight+2
    662  f17f					      else
    663  f17f					      ifnconst	pfres
    664  f17f		       a9 0a		      lda	#10
    665  f181				  -	      else
    666  f181				  -	      lda	#(96/pfres)+2	; try to come close to the real size
    667  f181					      endif
    668  f181					      endif
    669  f181
    670  f181		       e5 ef		      sbc	playfieldpos
    671  f183		       85 ef		      sta	playfieldpos
    672  f185		       8a		      txa
    673  f186
    674  f186				  -	      ifconst	shakescreen
    675  f186				  -	      bit	shakescreen
    676  f186				  -	      bmi	noshakescreen2
    677  f186				  -	      ldx	#$3D
    678  f186				  -noshakescreen2
    679  f186					      endif
    680  f186
    681  f186		       95 02		      sta	WSYNC,x
    682  f188
    683  f188							; STA WSYNC ;first one, need one more
    684  f188		       85 0b		      sta	REFP0
    685  f18a		       85 0c		      sta	REFP1
    686  f18c		       85 1b		      STA	GRP0
    687  f18e		       85 1c		      STA	GRP1
    688  f190							; STA PF1
    689  f190							; STA PF2
    690  f190		       85 2b		      sta	HMCLR
    691  f192		       85 1d		      sta	ENAM0
    692  f194		       85 1e		      sta	ENAM1
    693  f196		       85 1f		      sta	ENABL
    694  f198
    695  f198		       a5 9d		      lda	temp2	;restore variables that were obliterated by kernel
    696  f19a		       85 85		      sta	player0y
    697  f19c		       a5 9e		      lda	temp3
    698  f19e		       85 86		      sta	player1y
    699  f1a0					      ifnconst	player1colors
    700  f1a0		       a5 a1		      lda	temp6
    701  f1a2		       85 88		      sta	missile1y
    702  f1a4					      endif
    703  f1a4					      ifnconst	playercolors
    704  f1a4					      ifnconst	readpaddle
    705  f1a4		       a5 a0		      lda	temp5
    706  f1a6		       85 91		      sta	missile0y
    707  f1a8					      endif
    708  f1a8					      endif
    709  f1a8		       a5 f7		      lda	stack2
    710  f1aa		       85 89		      sta	bally
    711  f1ac
    712  f1ac							; strangely, this isn't required any more. might have
    713  f1ac							; resulted from the no_blank_lines score bounce fix
    714  f1ac							;ifconst no_blank_lines
    715  f1ac							;sta WSYNC
    716  f1ac							;endif
    717  f1ac
    718  f1ac		       ad 84 02 	      lda	INTIM
    719  f1af		       18		      clc
    720  f1b0				  -	      ifnconst	vblank_time
    721  f1b0				  -	      adc	#43+12+87
    722  f1b0					      else
    723  f1b0		       69 8e		      adc	#vblank_time+12+87
    724  f1b2
    725  f1b2					      endif
    726  f1b2							; sta WSYNC
    727  f1b2		       8d 96 02 	      sta	TIM64T
    728  f1b5
    729  f1b5				  -	      ifconst	minikernel
    730  f1b5				  -	      jsr	minikernel
    731  f1b5					      endif
    732  f1b5
    733  f1b5							; now reassign temp vars for score pointers
    734  f1b5
    735  f1b5							; score pointers contain:
    736  f1b5							; score1-5: lo1,lo2,lo3,lo4,lo5,lo6
    737  f1b5							; swap lo2->temp1
    738  f1b5							; swap lo4->temp3
    739  f1b5							; swap lo6->temp5
    740  f1b5					      ifnconst	noscore
    741  f1b5		       a5 97		      lda	scorepointers+1
    742  f1b7							; ldy temp1
    743  f1b7		       85 9c		      sta	temp1
    744  f1b9							; sty scorepointers+1
    745  f1b9
    746  f1b9		       a5 99		      lda	scorepointers+3
    747  f1bb							; ldy temp3
    748  f1bb		       85 9e		      sta	temp3
    749  f1bd							; sty scorepointers+3
    750  f1bd
    751  f1bd
    752  f1bd		       85 2b		      sta	HMCLR
    753  f1bf		       ba		      tsx
    754  f1c0		       86 f6		      stx	stack1
    755  f1c2		       a2 e0		      ldx	#$E0
    756  f1c4		       86 20		      stx	HMP0
    757  f1c6
    758  f1c6		       a5 a3		      LDA	scorecolor
    759  f1c8		       85 06		      STA	COLUP0
    760  f1ca		       85 07		      STA	COLUP1
    761  f1cc				  -	      ifconst	scorefade
    762  f1cc				  -	      STA	stack2
    763  f1cc					      endif
    764  f1cc					      ifconst	pfscore
    765  f1cc		       a5 f4		      lda	pfscorecolor
    766  f1ce		       85 08		      sta	COLUPF
    767  f1d0					      endif
    768  f1d0		       85 02		      sta	WSYNC
    769  f1d2		       a2 00		      ldx	#0
    770  f1d4		       86 1b		      STx	GRP0
    771  f1d6		       86 1c		      STx	GRP1	; seems to be needed because of vdel
    772  f1d8
    773  f1d8		       a5 9b		      lda	scorepointers+5
    774  f1da							; ldy temp5
    775  f1da		       95 a0		      sta	temp5,x
    776  f1dc							; sty scorepointers+5
    777  f1dc		       a9 ff		      lda	#>scoretable
    778  f1de		       85 97		      sta	scorepointers+1
    779  f1e0		       85 99		      sta	scorepointers+3
    780  f1e2		       85 9b		      sta	scorepointers+5
    781  f1e4		       85 9d		      sta	temp2
    782  f1e6		       85 9f		      sta	temp4
    783  f1e8		       85 a1		      sta	temp6
    784  f1ea		       a0 07		      LDY	#7
    785  f1ec		       84 25		      STY	VDELP0
    786  f1ee		       85 10		      STA	RESP0
    787  f1f0		       85 11		      STA	RESP1
    788  f1f2
    789  f1f2
    790  f1f2		       a9 03		      LDA	#$03
    791  f1f4		       85 04		      STA	NUSIZ0
    792  f1f6		       85 05		      STA	NUSIZ1
    793  f1f8		       85 26		      STA	VDELP1
    794  f1fa		       a9 f0		      LDA	#$F0
    795  f1fc		       85 21		      STA	HMP1
    796  f1fe		       b1 96		      lda	(scorepointers),y
    797  f200		       85 1b		      sta	GRP0
    798  f202		       85 2a		      STA	HMOVE	; cycle 73 ?
    799  f204		       4c 10 f2 	      jmp	beginscore
    800  f207
    801  f207
    802  f207				  -	      if	((<*)>$d4)
    803  f207				  -	      align	256	; kludge that potentially wastes space! should be fixed!
    804  f207					      endif
    805  f207
    806  f207				   loop2
    807  f207		       b1 96		      lda	(scorepointers),y	;+5 68 204
    808  f209		       85 1b		      sta	GRP0	;+3 71 213 D1 -- -- --
    809  f20b					      ifconst	pfscore
    810  f20b		       ad f2 00 	      lda.w	pfscore1
    811  f20e		       85 0e		      sta	PF1
    812  f210				  -	      else
    813  f210				  -	      ifconst	scorefade
    814  f210				  -	      sleep	2
    815  f210				  -	      dec	stack2	; decrement the temporary scorecolor
    816  f210				  -	      else
    817  f210				  -	      sleep	7
    818  f210				  -	      endif
    819  f210					      endif
    820  f210							; cycle 0
    821  f210				   beginscore
    822  f210		       b1 9e		      lda	(scorepointers+$8),y	;+5 5 15
    823  f212		       85 1c		      sta	GRP1	;+3 8 24 D1 D1 D2 --
    824  f214		       b1 9c		      lda	(scorepointers+$6),y	;+5 13 39
    825  f216		       85 1b		      sta	GRP0	;+3 16 48 D3 D1 D2 D2
    826  f218		       b3 98		      lax	(scorepointers+$2),y	;+5 29 87
    827  f21a		       9a		      txs
    828  f21b		       b3 9a		      lax	(scorepointers+$4),y	;+5 36 108
    829  f21d				  -	      ifconst	scorefade
    830  f21d				  -	      lda	stack2
    831  f21d					      else
      0  f21d					      sleep	3
      1  f21d				   .CYCLES    SET	3
      2  f21d
      3  f21d				  -	      IF	.CYCLES < 2
      4  f21d				  -	      ECHO	"MACRO ERROR: 'SLEEP': Duration must be > 1"
      5  f21d				  -	      ERR
      6  f21d					      ENDIF
      7  f21d
      8  f21d					      IF	.CYCLES & 1
      9  f21d					      IFNCONST	NO_ILLEGAL_OPCODES
     10  f21d		       04 00		      nop	0
     11  f21f				  -	      ELSE
     12  f21f				  -	      bit	VSYNC
     13  f21f					      ENDIF
     14  f21f				   .CYCLES    SET	.CYCLES - 3
     15  f21f					      ENDIF
     16  f21f
     17  f21f				  -	      REPEAT	.CYCLES / 2
     18  f21f				  -	      nop
     19  f21f					      REPEND
    833  f21f					      endif
    834  f21f
    835  f21f					      ifconst	pfscore
    836  f21f		       a5 f3		      lda	pfscore2
    837  f221		       85 0e		      sta	PF1
    838  f223				  -	      else
    839  f223				  -	      ifconst	scorefade
    840  f223				  -	      sta	COLUP0
    841  f223				  -	      sta	COLUP1
    842  f223				  -	      else
    843  f223				  -	      sleep	6
    844  f223				  -	      endif
    845  f223					      endif
    846  f223
    847  f223		       b1 a0		      lda	(scorepointers+$A),y	;+5 21 63
    848  f225		       86 1c		      stx	GRP1	;+3 44 132 D3 D3 D4 D2!
    849  f227		       ba		      tsx
    850  f228		       86 1b		      stx	GRP0	;+3 47 141 D5 D3! D4 D4
    851  f22a		       85 1c		      sta	GRP1	;+3 50 150 D5 D5 D6 D4!
    852  f22c		       84 1b		      sty	GRP0	;+3 53 159 D4* D5! D6 D6
    853  f22e		       88		      dey
    854  f22f		       10 d6		      bpl	loop2	;+2 60 180
    855  f231
    856  f231		       a6 f6		      ldx	stack1
    857  f233		       9a		      txs
    858  f234							; lda scorepointers+1
    859  f234		       a4 9c		      ldy	temp1
    860  f236							; sta temp1
    861  f236		       84 97		      sty	scorepointers+1
    862  f238
    863  f238		       a9 00		      LDA	#0
    864  f23a		       85 0e		      sta	PF1
    865  f23c		       85 1b		      STA	GRP0
    866  f23e		       85 1c		      STA	GRP1
    867  f240		       85 25		      STA	VDELP0
    868  f242		       85 26		      STA	VDELP1	;do we need these
    869  f244		       85 04		      STA	NUSIZ0
    870  f246		       85 05		      STA	NUSIZ1
    871  f248
    872  f248							; lda scorepointers+3
    873  f248		       a4 9e		      ldy	temp3
    874  f24a							; sta temp3
    875  f24a		       84 99		      sty	scorepointers+3
    876  f24c
    877  f24c							; lda scorepointers+5
    878  f24c		       a4 a0		      ldy	temp5
    879  f24e							; sta temp5
    880  f24e		       84 9b		      sty	scorepointers+5
    881  f250					      endif		;noscore
    882  f250				  -	      ifconst	readpaddle
    883  f250				  -	      lda	#%11000010
    884  f250					      else
    885  f250				  -	      ifconst	qtcontroller
    886  f250				  -	      lda	qtcontroller
    887  f250				  -	      lsr		; bit 0 in carry
    888  f250				  -	      lda	#4
    889  f250				  -	      ror		; carry into top of A
    890  f250					      else
    891  f250		       a9 02		      lda	#2
    892  f252					      endif		; qtcontroller
    893  f252					      endif		; readpaddle
    894  f252		       85 02		      sta	WSYNC
    895  f254		       85 01		      sta	VBLANK
      0  f256					      RETURN
      1  f256					      ifnconst	bankswitch
      2  f256		       60		      rts
      3  f257				  -	      else
      4  f257				  -	      jmp	BS_return
      5  f257					      endif
    897  f257				  -	      ifconst	shakescreen
    898  f257				  -doshakescreen
    899  f257				  -	      bit	shakescreen
    900  f257				  -	      bmi	noshakescreen
    901  f257				  -	      sta	WSYNC
    902  f257				  -noshakescreen
    903  f257				  -	      ldx	missile0height
    904  f257				  -	      inx
    905  f257				  -	      rts
    906  f257					      endif
    907  f257
    908  f257							; Provided under the CC0 license. See the included LICENSE.txt for details.
    909  f257
    910  f257							; playfield drawing routines
    911  f257							; you get a 32x12 bitmapped display in a single color :)
    912  f257							; 0-31 and 0-11
    913  f257
    914  f257				   pfclear		; clears playfield - or fill with pattern
    915  f257				  -	      ifconst	pfres
    916  f257				  -	      ldx	#pfres*pfwidth-1
    917  f257					      else
    918  f257		       a2 2f		      ldx	#47-(4-pfwidth)*12	; will this work?
    919  f259					      endif
    920  f259				   pfclear_loop
    921  f259					      ifnconst	superchip
    922  f259		       95 a4		      sta	playfield,x
    923  f25b				  -	      else
    924  f25b				  -	      sta	playfield-128,x
    925  f25b					      endif
    926  f25b		       ca		      dex
    927  f25c		       10 fb		      bpl	pfclear_loop
      0  f25e					      RETURN
      1  f25e					      ifnconst	bankswitch
      2  f25e		       60		      rts
      3  f25f				  -	      else
      4  f25f				  -	      jmp	BS_return
      5  f25f					      endif
    929  f25f
    930  f25f				   setuppointers
    931  f25f		       86 9d		      stx	temp2	; store on.off.flip value
    932  f261		       aa		      tax		; put x-value in x 
    933  f262		       4a		      lsr
    934  f263		       4a		      lsr
    935  f264		       4a		      lsr		; divide x pos by 8 
    936  f265		       85 9c		      sta	temp1
    937  f267		       98		      tya
    938  f268		       0a		      asl
    939  f269					      if	pfwidth=4
    940  f269		       0a		      asl		; multiply y pos by 4
    941  f26a					      endif		; else multiply by 2
    942  f26a		       18		      clc
    943  f26b		       65 9c		      adc	temp1	; add them together to get actual memory location offset
    944  f26d		       a8		      tay		; put the value in y
    945  f26e		       a5 9d		      lda	temp2	; restore on.off.flip value
    946  f270		       60		      rts
    947  f271
    948  f271				   pfread
    949  f271							;x=xvalue, y=yvalue
    950  f271		       20 5f f2 	      jsr	setuppointers
    951  f274		       bd d9 f2 	      lda	setbyte,x
    952  f277		       39 a4 00 	      and	playfield,y
    953  f27a		       5d d9 f2 	      eor	setbyte,x
    954  f27d							; beq readzero
    955  f27d							; lda #1
    956  f27d							; readzero
      0  f27d					      RETURN
      1  f27d					      ifnconst	bankswitch
      2  f27d		       60		      rts
      3  f27e				  -	      else
      4  f27e				  -	      jmp	BS_return
      5  f27e					      endif
    958  f27e
    959  f27e				   pfpixel
    960  f27e							;x=xvalue, y=yvalue, a=0,1,2
    961  f27e		       20 5f f2 	      jsr	setuppointers
    962  f281
    963  f281				  -	      ifconst	bankswitch
    964  f281				  -	      lda	temp2	; load on.off.flip value (0,1, or 2)
    965  f281				  -	      beq	pixelon_r	; if "on" go to on
    966  f281				  -	      lsr
    967  f281				  -	      bcs	pixeloff_r	; value is 1 if true
    968  f281				  -	      lda	playfield,y	; if here, it's "flip"
    969  f281				  -	      eor	setbyte,x
    970  f281				  -	      ifconst	superchip
    971  f281				  -	      sta	playfield-128,y
    972  f281				  -	      else
    973  f281				  -	      sta	playfield,y
    974  f281				  -	      endif
    975  f281				  -	      RETURN
    976  f281				  -pixelon_r
    977  f281				  -	      lda	playfield,y
    978  f281				  -	      ora	setbyte,x
    979  f281				  -	      ifconst	superchip
    980  f281				  -	      sta	playfield-128,y
    981  f281				  -	      else
    982  f281				  -	      sta	playfield,y
    983  f281				  -	      endif
    984  f281				  -	      RETURN
    985  f281				  -pixeloff_r
    986  f281				  -	      lda	setbyte,x
    987  f281				  -	      eor	#$ff
    988  f281				  -	      and	playfield,y
    989  f281				  -	      ifconst	superchip
    990  f281				  -	      sta	playfield-128,y
    991  f281				  -	      else
    992  f281				  -	      sta	playfield,y
    993  f281				  -	      endif
    994  f281				  -	      RETURN
    995  f281				  -
    996  f281					      else
    997  f281		       4c b2 f2 	      jmp	plotpoint
    998  f284					      endif
    999  f284
   1000  f284				   pfhline
   1001  f284							;x=xvalue, y=yvalue, a=0,1,2, temp3=endx
   1002  f284		       20 5f f2 	      jsr	setuppointers
   1003  f287		       4c 91 f2 	      jmp	noinc
   1004  f28a				   keepgoing
   1005  f28a		       e8		      inx
   1006  f28b		       8a		      txa
   1007  f28c		       29 07		      and	#7
   1008  f28e		       d0 01		      bne	noinc
   1009  f290		       c8		      iny
   1010  f291				   noinc
   1011  f291		       20 b2 f2 	      jsr	plotpoint
   1012  f294		       e4 9e		      cpx	temp3
   1013  f296		       30 f2		      bmi	keepgoing
      0  f298					      RETURN
      1  f298					      ifnconst	bankswitch
      2  f298		       60		      rts
      3  f299				  -	      else
      4  f299				  -	      jmp	BS_return
      5  f299					      endif
   1015  f299
   1016  f299				   pfvline
   1017  f299							;x=xvalue, y=yvalue, a=0,1,2, temp3=endx
   1018  f299		       20 5f f2 	      jsr	setuppointers
   1019  f29c		       84 9c		      sty	temp1	; store memory location offset
   1020  f29e		       e6 9e		      inc	temp3	; increase final x by 1 
   1021  f2a0		       a5 9e		      lda	temp3
   1022  f2a2		       0a		      asl
   1023  f2a3					      if	pfwidth=4
   1024  f2a3		       0a		      asl		; multiply by 4
   1025  f2a4					      endif		; else multiply by 2
   1026  f2a4		       85 9e		      sta	temp3	; store it
   1027  f2a6							; Thanks to Michael Rideout for fixing a bug in this code
   1028  f2a6							; right now, temp1=y=starting memory location, temp3=final
   1029  f2a6							; x should equal original x value
   1030  f2a6				   keepgoingy
   1031  f2a6		       20 b2 f2 	      jsr	plotpoint
   1032  f2a9		       c8		      iny
   1033  f2aa		       c8		      iny
   1034  f2ab					      if	pfwidth=4
   1035  f2ab		       c8		      iny
   1036  f2ac		       c8		      iny
   1037  f2ad					      endif
   1038  f2ad		       c4 9e		      cpy	temp3
   1039  f2af		       30 f5		      bmi	keepgoingy
      0  f2b1					      RETURN
      1  f2b1					      ifnconst	bankswitch
      2  f2b1		       60		      rts
      3  f2b2				  -	      else
      4  f2b2				  -	      jmp	BS_return
      5  f2b2					      endif
   1041  f2b2
   1042  f2b2				   plotpoint
   1043  f2b2		       a5 9d		      lda	temp2	; load on.off.flip value (0,1, or 2)
   1044  f2b4		       f0 0d		      beq	pixelon	; if "on" go to on
   1045  f2b6		       4a		      lsr
   1046  f2b7		       b0 14		      bcs	pixeloff	; value is 1 if true
   1047  f2b9		       b9 a4 00 	      lda	playfield,y	; if here, it's "flip"
   1048  f2bc		       5d d9 f2 	      eor	setbyte,x
   1049  f2bf				  -	      ifconst	superchip
   1050  f2bf				  -	      sta	playfield-128,y
   1051  f2bf					      else
   1052  f2bf		       99 a4 00 	      sta	playfield,y
   1053  f2c2					      endif
   1054  f2c2		       60		      rts
   1055  f2c3				   pixelon
   1056  f2c3		       b9 a4 00 	      lda	playfield,y
   1057  f2c6		       1d d9 f2 	      ora	setbyte,x
   1058  f2c9				  -	      ifconst	superchip
   1059  f2c9				  -	      sta	playfield-128,y
   1060  f2c9					      else
   1061  f2c9		       99 a4 00 	      sta	playfield,y
   1062  f2cc					      endif
   1063  f2cc		       60		      rts
   1064  f2cd				   pixeloff
   1065  f2cd		       bd d9 f2 	      lda	setbyte,x
   1066  f2d0		       49 ff		      eor	#$ff
   1067  f2d2		       39 a4 00 	      and	playfield,y
   1068  f2d5				  -	      ifconst	superchip
   1069  f2d5				  -	      sta	playfield-128,y
   1070  f2d5					      else
   1071  f2d5		       99 a4 00 	      sta	playfield,y
   1072  f2d8					      endif
   1073  f2d8		       60		      rts
   1074  f2d9
   1075  f2d9				   setbyte
   1076  f2d9					      ifnconst	pfcenter
   1077  f2d9		       80		      .byte.b	$80
   1078  f2da		       40		      .byte.b	$40
   1079  f2db		       20		      .byte.b	$20
   1080  f2dc		       10		      .byte.b	$10
   1081  f2dd		       08		      .byte.b	$08
   1082  f2de		       04		      .byte.b	$04
   1083  f2df		       02		      .byte.b	$02
   1084  f2e0		       01		      .byte.b	$01
   1085  f2e1					      endif
   1086  f2e1		       01		      .byte.b	$01
   1087  f2e2		       02		      .byte.b	$02
   1088  f2e3		       04		      .byte.b	$04
   1089  f2e4		       08		      .byte.b	$08
   1090  f2e5		       10		      .byte.b	$10
   1091  f2e6		       20		      .byte.b	$20
   1092  f2e7		       40		      .byte.b	$40
   1093  f2e8		       80		      .byte.b	$80
   1094  f2e9		       80		      .byte.b	$80
   1095  f2ea		       40		      .byte.b	$40
   1096  f2eb		       20		      .byte.b	$20
   1097  f2ec		       10		      .byte.b	$10
   1098  f2ed		       08		      .byte.b	$08
   1099  f2ee		       04		      .byte.b	$04
   1100  f2ef		       02		      .byte.b	$02
   1101  f2f0		       01		      .byte.b	$01
   1102  f2f1		       01		      .byte.b	$01
   1103  f2f2		       02		      .byte.b	$02
   1104  f2f3		       04		      .byte.b	$04
   1105  f2f4		       08		      .byte.b	$08
   1106  f2f5		       10		      .byte.b	$10
   1107  f2f6		       20		      .byte.b	$20
   1108  f2f7		       40		      .byte.b	$40
   1109  f2f8		       80		      .byte.b	$80
   1110  f2f9							; Provided under the CC0 license. See the included LICENSE.txt for details.
   1111  f2f9
   1112  f2f9				   pfscroll		;(a=0 left, 1 right, 2 up, 4 down, 6=upup, 12=downdown)
   1113  f2f9		       d0 13		      bne	notleft
   1114  f2fb							;left
   1115  f2fb				  -	      ifconst	pfres
   1116  f2fb				  -	      ldx	#pfres*4
   1117  f2fb					      else
   1118  f2fb		       a2 30		      ldx	#48
   1119  f2fd					      endif
   1120  f2fd				   leftloop
   1121  f2fd		       b5 a3		      lda	playfield-1,x
   1122  f2ff		       4a		      lsr
   1123  f300
   1124  f300				  -	      ifconst	superchip
   1125  f300				  -	      lda	playfield-2,x
   1126  f300				  -	      rol
   1127  f300				  -	      sta	playfield-130,x
   1128  f300				  -	      lda	playfield-3,x
   1129  f300				  -	      ror
   1130  f300				  -	      sta	playfield-131,x
   1131  f300				  -	      lda	playfield-4,x
   1132  f300				  -	      rol
   1133  f300				  -	      sta	playfield-132,x
   1134  f300				  -	      lda	playfield-1,x
   1135  f300				  -	      ror
   1136  f300				  -	      sta	playfield-129,x
   1137  f300					      else
   1138  f300		       36 a2		      rol	playfield-2,x
   1139  f302		       76 a1		      ror	playfield-3,x
   1140  f304		       36 a0		      rol	playfield-4,x
   1141  f306		       76 a3		      ror	playfield-1,x
   1142  f308					      endif
   1143  f308
   1144  f308		       8a		      txa
   1145  f309		       cb 04		      sbx	#4
   1146  f30b		       d0 f0		      bne	leftloop
      0  f30d					      RETURN
      1  f30d					      ifnconst	bankswitch
      2  f30d		       60		      rts
      3  f30e				  -	      else
      4  f30e				  -	      jmp	BS_return
      5  f30e					      endif
   1148  f30e
   1149  f30e				   notleft
   1150  f30e		       4a		      lsr
   1151  f30f		       90 13		      bcc	notright
   1152  f311							;right
   1153  f311
   1154  f311				  -	      ifconst	pfres
   1155  f311				  -	      ldx	#pfres*4
   1156  f311					      else
   1157  f311		       a2 30		      ldx	#48
   1158  f313					      endif
   1159  f313				   rightloop
   1160  f313		       b5 a0		      lda	playfield-4,x
   1161  f315		       4a		      lsr
   1162  f316				  -	      ifconst	superchip
   1163  f316				  -	      lda	playfield-3,x
   1164  f316				  -	      rol
   1165  f316				  -	      sta	playfield-131,x
   1166  f316				  -	      lda	playfield-2,x
   1167  f316				  -	      ror
   1168  f316				  -	      sta	playfield-130,x
   1169  f316				  -	      lda	playfield-1,x
   1170  f316				  -	      rol
   1171  f316				  -	      sta	playfield-129,x
   1172  f316				  -	      lda	playfield-4,x
   1173  f316				  -	      ror
   1174  f316				  -	      sta	playfield-132,x
   1175  f316					      else
   1176  f316		       36 a1		      rol	playfield-3,x
   1177  f318		       76 a2		      ror	playfield-2,x
   1178  f31a		       36 a3		      rol	playfield-1,x
   1179  f31c		       76 a0		      ror	playfield-4,x
   1180  f31e					      endif
   1181  f31e		       8a		      txa
   1182  f31f		       cb 04		      sbx	#4
   1183  f321		       d0 f0		      bne	rightloop
      0  f323					      RETURN
      1  f323					      ifnconst	bankswitch
      2  f323		       60		      rts
      3  f324				  -	      else
      4  f324				  -	      jmp	BS_return
      5  f324					      endif
   1185  f324
   1186  f324				   notright
   1187  f324		       4a		      lsr
   1188  f325		       90 49		      bcc	notup
   1189  f327							;up
   1190  f327		       4a		      lsr
   1191  f328		       90 02		      bcc	onedecup
   1192  f32a		       c6 ef		      dec	playfieldpos
   1193  f32c				   onedecup
   1194  f32c		       c6 ef		      dec	playfieldpos
   1195  f32e		       f0 02		      beq	shiftdown
   1196  f330		       10 3d		      bpl	noshiftdown2
   1197  f332				   shiftdown
   1198  f332				  -	      ifconst	pfrowheight
   1199  f332				  -	      lda	#pfrowheight
   1200  f332					      else
   1201  f332					      ifnconst	pfres
   1202  f332		       a9 08		      lda	#8
   1203  f334				  -	      else
   1204  f334				  -	      lda	#(96/pfres)	; try to come close to the real size
   1205  f334					      endif
   1206  f334					      endif
   1207  f334
   1208  f334		       85 ef		      sta	playfieldpos
   1209  f336		       a5 a7		      lda	playfield+3
   1210  f338		       85 9f		      sta	temp4
   1211  f33a		       a5 a6		      lda	playfield+2
   1212  f33c		       85 9e		      sta	temp3
   1213  f33e		       a5 a5		      lda	playfield+1
   1214  f340		       85 9d		      sta	temp2
   1215  f342		       a5 a4		      lda	playfield
   1216  f344		       85 9c		      sta	temp1
   1217  f346		       a2 00		      ldx	#0
   1218  f348				   up2
   1219  f348		       b5 a8		      lda	playfield+4,x
   1220  f34a				  -	      ifconst	superchip
   1221  f34a				  -	      sta	playfield-128,x
   1222  f34a				  -	      lda	playfield+5,x
   1223  f34a				  -	      sta	playfield-127,x
   1224  f34a				  -	      lda	playfield+6,x
   1225  f34a				  -	      sta	playfield-126,x
   1226  f34a				  -	      lda	playfield+7,x
   1227  f34a				  -	      sta	playfield-125,x
   1228  f34a					      else
   1229  f34a		       95 a4		      sta	playfield,x
   1230  f34c		       b5 a9		      lda	playfield+5,x
   1231  f34e		       95 a5		      sta	playfield+1,x
   1232  f350		       b5 aa		      lda	playfield+6,x
   1233  f352		       95 a6		      sta	playfield+2,x
   1234  f354		       b5 ab		      lda	playfield+7,x
   1235  f356		       95 a7		      sta	playfield+3,x
   1236  f358					      endif
   1237  f358		       8a		      txa
   1238  f359		       cb fc		      sbx	#252
   1239  f35b				  -	      ifconst	pfres
   1240  f35b				  -	      cpx	#(pfres-1)*4
   1241  f35b					      else
   1242  f35b		       e0 2c		      cpx	#44
   1243  f35d					      endif
   1244  f35d		       d0 e9		      bne	up2
   1245  f35f
   1246  f35f		       a5 9f		      lda	temp4
   1247  f361
   1248  f361				  -	      ifconst	superchip
   1249  f361				  -	      ifconst	pfres
   1250  f361				  -	      sta	playfield+pfres*4-129
   1251  f361				  -	      lda	temp3
   1252  f361				  -	      sta	playfield+pfres*4-130
   1253  f361				  -	      lda	temp2
   1254  f361				  -	      sta	playfield+pfres*4-131
   1255  f361				  -	      lda	temp1
   1256  f361				  -	      sta	playfield+pfres*4-132
   1257  f361				  -	      else
   1258  f361				  -	      sta	playfield+47-128
   1259  f361				  -	      lda	temp3
   1260  f361				  -	      sta	playfield+46-128
   1261  f361				  -	      lda	temp2
   1262  f361				  -	      sta	playfield+45-128
   1263  f361				  -	      lda	temp1
   1264  f361				  -	      sta	playfield+44-128
   1265  f361				  -	      endif
   1266  f361					      else
   1267  f361				  -	      ifconst	pfres
   1268  f361				  -	      sta	playfield+pfres*4-1
   1269  f361				  -	      lda	temp3
   1270  f361				  -	      sta	playfield+pfres*4-2
   1271  f361				  -	      lda	temp2
   1272  f361				  -	      sta	playfield+pfres*4-3
   1273  f361				  -	      lda	temp1
   1274  f361				  -	      sta	playfield+pfres*4-4
   1275  f361					      else
   1276  f361		       85 d3		      sta	playfield+47
   1277  f363		       a5 9e		      lda	temp3
   1278  f365		       85 d2		      sta	playfield+46
   1279  f367		       a5 9d		      lda	temp2
   1280  f369		       85 d1		      sta	playfield+45
   1281  f36b		       a5 9c		      lda	temp1
   1282  f36d		       85 d0		      sta	playfield+44
   1283  f36f					      endif
   1284  f36f					      endif
   1285  f36f				   noshiftdown2
      0  f36f					      RETURN
      1  f36f					      ifnconst	bankswitch
      2  f36f		       60		      rts
      3  f370				  -	      else
      4  f370				  -	      jmp	BS_return
      5  f370					      endif
   1287  f370
   1288  f370
   1289  f370				   notup
   1290  f370							;down
   1291  f370		       4a		      lsr
   1292  f371		       b0 02		      bcs	oneincup
   1293  f373		       e6 ef		      inc	playfieldpos
   1294  f375				   oneincup
   1295  f375		       e6 ef		      inc	playfieldpos
   1296  f377		       a5 ef		      lda	playfieldpos
   1297  f379
   1298  f379				  -	      ifconst	pfrowheight
   1299  f379				  -	      cmp	#pfrowheight+1
   1300  f379					      else
   1301  f379					      ifnconst	pfres
   1302  f379		       c9 09		      cmp	#9
   1303  f37b				  -	      else
   1304  f37b				  -	      cmp	#(96/pfres)+1	; try to come close to the real size
   1305  f37b					      endif
   1306  f37b					      endif
   1307  f37b
   1308  f37b		       90 3b		      bcc	noshiftdown
   1309  f37d		       a9 01		      lda	#1
   1310  f37f		       85 ef		      sta	playfieldpos
   1311  f381
   1312  f381				  -	      ifconst	pfres
   1313  f381				  -	      lda	playfield+pfres*4-1
   1314  f381				  -	      sta	temp4
   1315  f381				  -	      lda	playfield+pfres*4-2
   1316  f381				  -	      sta	temp3
   1317  f381				  -	      lda	playfield+pfres*4-3
   1318  f381				  -	      sta	temp2
   1319  f381				  -	      lda	playfield+pfres*4-4
   1320  f381					      else
   1321  f381		       a5 d3		      lda	playfield+47
   1322  f383		       85 9f		      sta	temp4
   1323  f385		       a5 d2		      lda	playfield+46
   1324  f387		       85 9e		      sta	temp3
   1325  f389		       a5 d1		      lda	playfield+45
   1326  f38b		       85 9d		      sta	temp2
   1327  f38d		       a5 d0		      lda	playfield+44
   1328  f38f					      endif
   1329  f38f
   1330  f38f		       85 9c		      sta	temp1
   1331  f391
   1332  f391				  -	      ifconst	pfres
   1333  f391				  -	      ldx	#(pfres-1)*4
   1334  f391					      else
   1335  f391		       a2 2c		      ldx	#44
   1336  f393					      endif
   1337  f393				   down2
   1338  f393		       b5 a3		      lda	playfield-1,x
   1339  f395				  -	      ifconst	superchip
   1340  f395				  -	      sta	playfield-125,x
   1341  f395				  -	      lda	playfield-2,x
   1342  f395				  -	      sta	playfield-126,x
   1343  f395				  -	      lda	playfield-3,x
   1344  f395				  -	      sta	playfield-127,x
   1345  f395				  -	      lda	playfield-4,x
   1346  f395				  -	      sta	playfield-128,x
   1347  f395					      else
   1348  f395		       95 a7		      sta	playfield+3,x
   1349  f397		       b5 a2		      lda	playfield-2,x
   1350  f399		       95 a6		      sta	playfield+2,x
   1351  f39b		       b5 a1		      lda	playfield-3,x
   1352  f39d		       95 a5		      sta	playfield+1,x
   1353  f39f		       b5 a0		      lda	playfield-4,x
   1354  f3a1		       95 a4		      sta	playfield,x
   1355  f3a3					      endif
   1356  f3a3		       8a		      txa
   1357  f3a4		       cb 04		      sbx	#4
   1358  f3a6		       d0 eb		      bne	down2
   1359  f3a8
   1360  f3a8		       a5 9f		      lda	temp4
   1361  f3aa				  -	      ifconst	superchip
   1362  f3aa				  -	      sta	playfield-125
   1363  f3aa				  -	      lda	temp3
   1364  f3aa				  -	      sta	playfield-126
   1365  f3aa				  -	      lda	temp2
   1366  f3aa				  -	      sta	playfield-127
   1367  f3aa				  -	      lda	temp1
   1368  f3aa				  -	      sta	playfield-128
   1369  f3aa					      else
   1370  f3aa		       85 a7		      sta	playfield+3
   1371  f3ac		       a5 9e		      lda	temp3
   1372  f3ae		       85 a6		      sta	playfield+2
   1373  f3b0		       a5 9d		      lda	temp2
   1374  f3b2		       85 a5		      sta	playfield+1
   1375  f3b4		       a5 9c		      lda	temp1
   1376  f3b6		       85 a4		      sta	playfield
   1377  f3b8					      endif
   1378  f3b8				   noshiftdown
      0  f3b8					      RETURN
      1  f3b8					      ifnconst	bankswitch
      2  f3b8		       60		      rts
      3  f3b9				  -	      else
      4  f3b9				  -	      jmp	BS_return
      5  f3b9					      endif
   1380  f3b9							; Provided under the CC0 license. See the included LICENSE.txt for details.
   1381  f3b9
   1382  f3b9							;standard routines needed for pretty much all games
   1383  f3b9							; just the random number generator is left - maybe we should remove this asm file altogether?
   1384  f3b9							; repositioning code and score pointer setup moved to overscan
   1385  f3b9							; read switches, joysticks now compiler generated (more efficient)
   1386  f3b9
   1387  f3b9				   randomize
   1388  f3b9		       a5 a2		      lda	rand
   1389  f3bb		       4a		      lsr
   1390  f3bc					      ifconst	rand16
   1391  f3bc		       26 db		      rol	rand16
   1392  f3be					      endif
   1393  f3be		       90 02		      bcc	noeor
   1394  f3c0		       49 b4		      eor	#$B4
   1395  f3c2				   noeor
   1396  f3c2		       85 a2		      sta	rand
   1397  f3c4					      ifconst	rand16
   1398  f3c4		       45 db		      eor	rand16
   1399  f3c6					      endif
      0  f3c6					      RETURN
      1  f3c6					      ifnconst	bankswitch
      2  f3c6		       60		      rts
      3  f3c7				  -	      else
      4  f3c7				  -	      jmp	BS_return
      5  f3c7					      endif
   1401  f3c7							; Provided under the CC0 license. See the included LICENSE.txt for details.
   1402  f3c7
   1403  f3c7				   drawscreen
   1404  f3c7				  -	      ifconst	debugscore
   1405  f3c7				  -	      ldx	#14
   1406  f3c7				  -	      lda	INTIM	; display # cycles left in the score
   1407  f3c7				  -
   1408  f3c7				  -	      ifconst	mincycles
   1409  f3c7				  -	      lda	mincycles
   1410  f3c7				  -	      cmp	INTIM
   1411  f3c7				  -	      lda	mincycles
   1412  f3c7				  -	      bcc	nochange
   1413  f3c7				  -	      lda	INTIM
   1414  f3c7				  -	      sta	mincycles
   1415  f3c7				  -nochange
   1416  f3c7				  -	      endif
   1417  f3c7				  -
   1418  f3c7				  -			; cmp #$2B
   1419  f3c7				  -			; bcs no_cycles_left
   1420  f3c7				  -	      bmi	cycles_left
   1421  f3c7				  -	      ldx	#64
   1422  f3c7				  -	      eor	#$ff	;make negative
   1423  f3c7				  -cycles_left
   1424  f3c7				  -	      stx	scorecolor
   1425  f3c7				  -	      and	#$7f	; clear sign bit
   1426  f3c7				  -	      tax
   1427  f3c7				  -	      lda	scorebcd,x
   1428  f3c7				  -	      sta	score+2
   1429  f3c7				  -	      lda	scorebcd1,x
   1430  f3c7				  -	      sta	score+1
   1431  f3c7				  -	      jmp	done_debugscore
   1432  f3c7				  -scorebcd
   1433  f3c7				  -	      .byte	$00, $64, $28, $92, $56, $20, $84, $48, $12, $76, $40
   1434  f3c7				  -	      .byte	$04, $68, $32, $96, $60, $24, $88, $52, $16, $80, $44
   1435  f3c7				  -	      .byte	$08, $72, $36, $00, $64, $28, $92, $56, $20, $84, $48
   1436  f3c7				  -	      .byte	$12, $76, $40, $04, $68, $32, $96, $60, $24, $88
   1437  f3c7				  -scorebcd1
   1438  f3c7				  -	      .byte	0, 0, 1, 1, 2, 3, 3, 4, 5, 5, 6
   1439  f3c7				  -	      .byte	7, 7, 8, 8, 9, $10, $10, $11, $12, $12, $13
   1440  f3c7				  -	      .byte	$14, $14, $15, $16, $16, $17, $17, $18, $19, $19, $20
   1441  f3c7				  -	      .byte	$21, $21, $22, $23, $23, $24, $24, $25, $26, $26
   1442  f3c7				  -done_debugscore
   1443  f3c7					      endif
   1444  f3c7
   1445  f3c7				  -	      ifconst	debugcycles
   1446  f3c7				  -	      lda	INTIM	; if we go over, it mucks up the background color
   1447  f3c7				  -			; cmp #$2B
   1448  f3c7				  -			; BCC overscan
   1449  f3c7				  -	      bmi	overscan
   1450  f3c7				  -	      sta	COLUBK
   1451  f3c7				  -	      bcs	doneoverscan
   1452  f3c7					      endif
   1453  f3c7
   1454  f3c7				   overscan
   1455  f3c7				  -	      ifconst	interlaced
   1456  f3c7				  -	      PHP
   1457  f3c7				  -	      PLA
   1458  f3c7				  -	      EOR	#4	; flip interrupt bit
   1459  f3c7				  -	      PHA
   1460  f3c7				  -	      PLP
   1461  f3c7				  -	      AND	#4	; isolate the interrupt bit
   1462  f3c7				  -	      TAX		; save it for later
   1463  f3c7					      endif
   1464  f3c7
   1465  f3c7				   overscanloop
   1466  f3c7		       ad 84 02 	      lda	INTIM	;wait for sync
   1467  f3ca		       30 fb		      bmi	overscanloop
   1468  f3cc				   doneoverscan
   1469  f3cc
   1470  f3cc							;do VSYNC
   1471  f3cc
   1472  f3cc				  -	      ifconst	interlaced
   1473  f3cc				  -	      CPX	#4
   1474  f3cc				  -	      BNE	oddframevsync
   1475  f3cc					      endif
   1476  f3cc
   1477  f3cc		       a9 02		      lda	#2
   1478  f3ce		       85 02		      sta	WSYNC
   1479  f3d0		       85 00		      sta	VSYNC
   1480  f3d2		       85 02		      STA	WSYNC
   1481  f3d4		       85 02		      STA	WSYNC
   1482  f3d6		       4a		      lsr
   1483  f3d7		       85 02		      STA	WSYNC
   1484  f3d9		       85 00		      STA	VSYNC
   1485  f3db		       85 01		      sta	VBLANK
   1486  f3dd				  -	      ifnconst	overscan_time
   1487  f3dd				  -	      lda	#37+128
   1488  f3dd					      else
   1489  f3dd		       a9 a5		      lda	#overscan_time+128
   1490  f3df					      endif
   1491  f3df		       8d 96 02 	      sta	TIM64T
   1492  f3e2
   1493  f3e2				  -	      ifconst	interlaced
   1494  f3e2				  -	      jmp	postsync
   1495  f3e2				  -
   1496  f3e2				  -oddframevsync
   1497  f3e2				  -	      sta	WSYNC
   1498  f3e2				  -
   1499  f3e2				  -	      LDA	($80,X)	; 11 waste
   1500  f3e2				  -	      LDA	($80,X)	; 11 waste
   1501  f3e2				  -	      LDA	($80,X)	; 11 waste
   1502  f3e2				  -
   1503  f3e2				  -	      lda	#2
   1504  f3e2				  -	      sta	VSYNC
   1505  f3e2				  -	      sta	WSYNC
   1506  f3e2				  -	      sta	WSYNC
   1507  f3e2				  -	      sta	WSYNC
   1508  f3e2				  -
   1509  f3e2				  -	      LDA	($80,X)	; 11 waste
   1510  f3e2				  -	      LDA	($80,X)	; 11 waste
   1511  f3e2				  -	      LDA	($80,X)	; 11 waste
   1512  f3e2				  -
   1513  f3e2				  -	      lda	#0
   1514  f3e2				  -	      sta	VSYNC
   1515  f3e2				  -	      sta	VBLANK
   1516  f3e2				  -	      ifnconst	overscan_time
   1517  f3e2				  -	      lda	#37+128
   1518  f3e2				  -	      else
   1519  f3e2				  -	      lda	#overscan_time+128
   1520  f3e2				  -	      endif
   1521  f3e2				  -	      sta	TIM64T
   1522  f3e2				  -
   1523  f3e2				  -postsync
   1524  f3e2					      endif
   1525  f3e2
   1526  f3e2				  -	      ifconst	legacy
   1527  f3e2				  -	      if	legacy < 100
   1528  f3e2				  -	      ldx	#4
   1529  f3e2				  -adjustloop
   1530  f3e2				  -	      lda	player0x,x
   1531  f3e2				  -	      sec
   1532  f3e2				  -	      sbc	#14	;?
   1533  f3e2				  -	      sta	player0x,x
   1534  f3e2				  -	      dex
   1535  f3e2				  -	      bpl	adjustloop
   1536  f3e2				  -	      endif
   1537  f3e2					      endif
   1538  f3e2				  -	      if	((<*)>$e9)&&((<*)<$fa)
   1539  f3e2				  -	      repeat	($fa-(<*))
   1540  f3e2				  -	      nop
   1541  f3e2				  -	      repend
   1542  f3e2					      endif
   1543  f3e2		       85 02		      sta	WSYNC
   1544  f3e4		       a2 04		      ldx	#4
      0  f3e6					      SLEEP	3
      1  f3e6				   .CYCLES    SET	3
      2  f3e6
      3  f3e6				  -	      IF	.CYCLES < 2
      4  f3e6				  -	      ECHO	"MACRO ERROR: 'SLEEP': Duration must be > 1"
      5  f3e6				  -	      ERR
      6  f3e6					      ENDIF
      7  f3e6
      8  f3e6					      IF	.CYCLES & 1
      9  f3e6					      IFNCONST	NO_ILLEGAL_OPCODES
     10  f3e6		       04 00		      nop	0
     11  f3e8				  -	      ELSE
     12  f3e8				  -	      bit	VSYNC
     13  f3e8					      ENDIF
     14  f3e8				   .CYCLES    SET	.CYCLES - 3
     15  f3e8					      ENDIF
     16  f3e8
     17  f3e8				  -	      REPEAT	.CYCLES / 2
     18  f3e8				  -	      nop
     19  f3e8					      REPEND
   1546  f3e8				   HorPosLoop		; 5
   1547  f3e8		       b5 80		      lda	player0x,X	;+4 9
   1548  f3ea		       38		      sec		;+2 11
   1549  f3eb				   DivideLoop
   1550  f3eb		       e9 0f		      sbc	#15
   1551  f3ed		       b0 fc		      bcs	DivideLoop	;+4 15
   1552  f3ef		       95 9c		      sta	temp1,X	;+4 19
   1553  f3f1		       95 10		      sta	RESP0,X	;+4 23
   1554  f3f3		       85 02		      sta	WSYNC
   1555  f3f5		       ca		      dex
   1556  f3f6		       10 f0		      bpl	HorPosLoop	;+5 5
   1557  f3f8							; 4
   1558  f3f8
   1559  f3f8		       a2 04		      ldx	#4
   1560  f3fa		       b4 9c		      ldy	temp1,X
   1561  f3fc		       b9 58 f3 	      lda	repostable-256,Y
   1562  f3ff		       95 20		      sta	HMP0,X	;+14 18
   1563  f401
   1564  f401		       ca		      dex
   1565  f402		       b4 9c		      ldy	temp1,X
   1566  f404		       b9 58 f3 	      lda	repostable-256,Y
   1567  f407		       95 20		      sta	HMP0,X	;+14 32
   1568  f409
   1569  f409		       ca		      dex
   1570  f40a		       b4 9c		      ldy	temp1,X
   1571  f40c		       b9 58 f3 	      lda	repostable-256,Y
   1572  f40f		       95 20		      sta	HMP0,X	;+14 46
   1573  f411
   1574  f411		       ca		      dex
   1575  f412		       b4 9c		      ldy	temp1,X
   1576  f414		       b9 58 f3 	      lda	repostable-256,Y
   1577  f417		       95 20		      sta	HMP0,X	;+14 60
   1578  f419
   1579  f419		       ca		      dex
   1580  f41a		       b4 9c		      ldy	temp1,X
   1581  f41c		       b9 58 f3 	      lda	repostable-256,Y
   1582  f41f		       95 20		      sta	HMP0,X	;+14 74
   1583  f421
   1584  f421		       85 02		      sta	WSYNC
   1585  f423
   1586  f423		       85 2a		      sta	HMOVE	;+3 3
   1587  f425
   1588  f425
   1589  f425				  -	      ifconst	legacy
   1590  f425				  -	      if	legacy < 100
   1591  f425				  -	      ldx	#4
   1592  f425				  -adjustloop2
   1593  f425				  -	      lda	player0x,x
   1594  f425				  -	      clc
   1595  f425				  -	      adc	#14	;?
   1596  f425				  -	      sta	player0x,x
   1597  f425				  -	      dex
   1598  f425				  -	      bpl	adjustloop2
   1599  f425				  -	      endif
   1600  f425					      endif
   1601  f425
   1602  f425
   1603  f425
   1604  f425
   1605  f425							;set score pointers
   1606  f425		       a7 95		      lax	score+2
   1607  f427		       20 58 f4 	      jsr	scorepointerset
   1608  f42a		       84 9b		      sty	scorepointers+5
   1609  f42c		       86 98		      stx	scorepointers+2
   1610  f42e		       a7 94		      lax	score+1
   1611  f430		       20 58 f4 	      jsr	scorepointerset
   1612  f433		       84 9a		      sty	scorepointers+4
   1613  f435		       86 97		      stx	scorepointers+1
   1614  f437		       a7 93		      lax	score
   1615  f439		       20 58 f4 	      jsr	scorepointerset
   1616  f43c		       84 99		      sty	scorepointers+3
   1617  f43e		       86 96		      stx	scorepointers
   1618  f440
   1619  f440				   vblk
   1620  f440							; run possible vblank bB code
   1621  f440				  -	      ifconst	vblank_bB_code
   1622  f440				  -	      jsr	vblank_bB_code
   1623  f440					      endif
   1624  f440				   vblk2
   1625  f440		       ad 84 02 	      LDA	INTIM
   1626  f443		       30 fb		      bmi	vblk2
   1627  f445		       4c 34 f0 	      jmp	kernel
   1628  f448
   1629  f448
   1630  f448		       80 70 60 50*	      .byte.b	$80,$70,$60,$50,$40,$30,$20,$10,$00
   1631  f451		       f0 e0 d0 c0*	      .byte.b	$F0,$E0,$D0,$C0,$B0,$A0,$90
   1632  f458				   repostable
   1633  f458
   1634  f458				   scorepointerset
   1635  f458		       29 0f		      and	#$0F
   1636  f45a		       0a		      asl
   1637  f45b		       0a		      asl
   1638  f45c		       0a		      asl
   1639  f45d		       69 9c		      adc	#<scoretable
   1640  f45f		       a8		      tay
   1641  f460		       8a		      txa
   1642  f461							; and #$F0
   1643  f461							; lsr
   1644  f461		       4b f0		      asr	#$F0
   1645  f463		       69 9c		      adc	#<scoretable
   1646  f465		       aa		      tax
   1647  f466		       60		      rts
   1648  f467							; Provided under the CC0 license. See the included LICENSE.txt for details.
   1649  f467
   1650  f467							; Compute mul1*mul2+acc -> acc:mul1 [mul2 is unchanged]
   1651  f467							; Routine courtesy of John Payson (AtariAge member supercat)
   1652  f467
   1653  f467							; x and a contain multiplicands, result in a, temp1 contains any overflow
   1654  f467
   1655  f467				   mul16
   1656  f467		       84 9c		      sty	temp1
   1657  f469		       85 9d		      sta	temp2
   1658  f46b		       a2 08		      ldx	#8
   1659  f46d		       c6 9d		      dec	temp2
   1660  f46f				   loopmul
   1661  f46f		       4a		      lsr
   1662  f470		       66 9c		      ror	temp1
   1663  f472		       90 02		      bcc	noaddmul
   1664  f474		       65 9d		      adc	temp2
   1665  f476				   noaddmul
   1666  f476		       ca		      dex
   1667  f477		       d0 f6		      bne	loopmul
      0  f479					      RETURN
      1  f479					      ifnconst	bankswitch
      2  f479		       60		      rts
      3  f47a				  -	      else
      4  f47a				  -	      jmp	BS_return
      5  f47a					      endif
   1669  f47a
   1670  f47a							; div int/int
   1671  f47a							; numerator in A, denom in temp1
   1672  f47a							; returns with quotient in A, remainder in temp1
   1673  f47a
   1674  f47a				   div16
   1675  f47a		       85 9d		      sta	temp2
   1676  f47c		       84 9c		      sty	temp1
   1677  f47e		       a9 00		      lda	#0
   1678  f480		       a2 08		      ldx	#8
   1679  f482		       06 9d		      asl	temp2
   1680  f484				   div16_1
   1681  f484		       2a		      rol
   1682  f485		       c5 9c		      cmp	temp1
   1683  f487		       90 02		      bcc	div16_2
   1684  f489		       e5 9c		      sbc	temp1
   1685  f48b				   div16_2
   1686  f48b		       26 9d		      rol	temp2
   1687  f48d		       ca		      dex
   1688  f48e		       d0 f4		      bne	div16_1
   1689  f490		       85 9c		      sta	temp1
   1690  f492		       a5 9d		      lda	temp2
      0  f494					      RETURN
      1  f494					      ifnconst	bankswitch
      2  f494		       60		      rts
      3  f495				  -	      else
      4  f495				  -	      jmp	BS_return
      5  f495					      endif
   1692  f495
   1693  f495				   game
   1694  f495				   .L00 		;  set tv ntsc
   1695  f495
   1696  f495				   .L01 		;  include div_mul16.asm
   1697  f495
   1698  f495				   .L02 		;  const pfscore  =  1
   1699  f495
   1700  f495				   .L03 		;  pfscorecolor  =  $B8
   1701  f495
   1702  f495		       a9 b8		      LDA	#$B8
   1703  f497		       85 f4		      STA	pfscorecolor
   1704  f499				   .L04 		;  pfscore1  =  %10101010
   1705  f499
   1706  f499		       a9 aa		      LDA	#%10101010
   1707  f49b		       85 f2		      STA	pfscore1
   1708  f49d				   .L05 		;  dim doorctl  =  a
   1709  f49d
   1710  f49d				   .L06 		;  dim tick  =  b
   1711  f49d
   1712  f49d				   .L07 		;  dim seconds  =  c
   1713  f49d
   1714  f49d				   .L08 		;  dim time  =  d
   1715  f49d
   1716  f49d				   .L09 		;  dim night  =  e
   1717  f49d
   1718  f49d				   .L010		;  dim powertotal  =  f
   1719  f49d
   1720  f49d				   .L011		;  dim powerloss  =  g
   1721  f49d
   1722  f49d				   .L012		;  dim rand16	=  h
   1723  f49d
   1724  f49d				   .L013		;  dim move_rate  =  i
   1725  f49d
   1726  f49d				   .L014		;  dim Bon_Tick  =  j
   1727  f49d
   1728  f49d				   .L015		;  dim Chic_Tick  =  k
   1729  f49d
   1730  f49d				   .L016		;  dim Fox_Tick  =  l
   1731  f49d
   1732  f49d				   .L017		;  dim power_tick  =  m
   1733  f49d
   1734  f49d				   .L018		;  dim ai_second  =  n
   1735  f49d
   1736  f49d				   .L019		;  dim input_latch  =	o
   1737  f49d
   1738  f49d				   .L020		;  dim blackout_tick  =  p
   1739  f49d
   1740  f49d				   .L021		;  dim blackout_seconds  =  q
   1741  f49d
   1742  f49d				   .L022		;  doorctl  =	%00000000
   1743  f49d
   1744  f49d		       a9 00		      LDA	#%00000000
   1745  f49f		       85 d4		      STA	doorctl
   1746  f4a1				   .L023		;  powertotal = 255
   1747  f4a1
   1748  f4a1		       a9 ff		      LDA	#255
   1749  f4a3		       85 d9		      STA	powertotal
   1750  f4a5				   .L024		;  powerloss =  1
   1751  f4a5
   1752  f4a5		       a9 01		      LDA	#1
   1753  f4a7		       85 da		      STA	powerloss
   1754  f4a9				   .L025		;  COLUPF = $0E
   1755  f4a9
   1756  f4a9		       a9 0e		      LDA	#$0E
   1757  f4ab		       85 08		      STA	COLUPF
   1758  f4ad				   .L026		;  scorecolor	=  $0E
   1759  f4ad
   1760  f4ad		       a9 0e		      LDA	#$0E
   1761  f4af		       85 a3		      STA	scorecolor
   1762  f4b1				   .
   1763  f4b1							;
   1764  f4b1
   1765  f4b1				   .L027		;  player0:
   1766  f4b1
   1767  f4b1		       a2 a8		      LDX	#<playerL027_0
   1768  f4b3		       86 8a		      STX	player0pointerlo
   1769  f4b5		       a9 fb		      LDA	#>playerL027_0
   1770  f4b7		       85 8b		      STA	player0pointerhi
   1771  f4b9		       a9 0f		      LDA	#15
   1772  f4bb		       85 8e		      STA	player0height
   1773  f4bd				   .
   1774  f4bd							;
   1775  f4bd
   1776  f4bd				   .L028		;  player1:
   1777  f4bd
   1778  f4bd		       a2 b8		      LDX	#<playerL028_1
   1779  f4bf		       86 8c		      STX	player1pointerlo
   1780  f4c1		       a9 fb		      LDA	#>playerL028_1
   1781  f4c3		       85 8d		      STA	player1pointerhi
   1782  f4c5		       a9 0f		      LDA	#15
   1783  f4c7		       85 8f		      STA	player1height
   1784  f4c9				   .
   1785  f4c9							;
   1786  f4c9
   1787  f4c9				   .
   1788  f4c9							;
   1789  f4c9
   1790  f4c9				   .L029		;  goto __Start
   1791  f4c9
   1792  f4c9		       4c 06 f5 	      jmp	.__Start
   1793  f4cc
   1794  f4cc				   .
   1795  f4cc							;
   1796  f4cc
   1797  f4cc				   .__Map
   1798  f4cc							; __Map
   1799  f4cc
   1800  f4cc				   .
   1801  f4cc							;
   1802  f4cc
   1803  f4cc				   .L030		;  playfield:
   1804  f4cc
   1805  f4cc				  -	      ifconst	pfres
   1806  f4cc				  -	      ldx	#(11>pfres)*(pfres*pfwidth-1)+(11<=pfres)*43
   1807  f4cc					      else
   1808  f4cc		       a2 2b		      ldx	#((11*pfwidth-1)*((11*pfwidth-1)<47))+(47*((11*pfwidth-1)>=47))
   1809  f4ce					      endif
   1810  f4ce		       4c fd f4 	      jmp	pflabel0
   1811  f4d1				   PF_data0
   1812  f4d1		       f0 fc		      .byte.b	%11110000, %11111100
   1813  f4d3					      if	(pfwidth>2)
   1814  f4d3		       f8 dc		      .byte.b	%11111000, %11011100
   1815  f4d5					      endif
   1816  f4d5		       ff ff		      .byte.b	%11111111, %11111111
   1817  f4d7					      if	(pfwidth>2)
   1818  f4d7		       ff ff		      .byte.b	%11111111, %11111111
   1819  f4d9					      endif
   1820  f4d9		       f3 ff		      .byte.b	%11110011, %11111111
   1821  f4db					      if	(pfwidth>2)
   1822  f4db		       ff 1d		      .byte.b	%11111111, %00011101
   1823  f4dd					      endif
   1824  f4dd		       03 ff		      .byte.b	%00000011, %11111111
   1825  f4df					      if	(pfwidth>2)
   1826  f4df		       ff 1d		      .byte.b	%11111111, %00011101
   1827  f4e1					      endif
   1828  f4e1		       3f ff		      .byte.b	%00111111, %11111111
   1829  f4e3					      if	(pfwidth>2)
   1830  f4e3		       ff dd		      .byte.b	%11111111, %11011101
   1831  f4e5					      endif
   1832  f4e5		       3f ff		      .byte.b	%00111111, %11111111
   1833  f4e7					      if	(pfwidth>2)
   1834  f4e7		       ff fd		      .byte.b	%11111111, %11111101
   1835  f4e9					      endif
   1836  f4e9		       00 04		      .byte.b	%00000000, %00000100
   1837  f4eb					      if	(pfwidth>2)
   1838  f4eb		       20 01		      .byte.b	%00100000, %00000001
   1839  f4ed					      endif
   1840  f4ed		       0e 0e		      .byte.b	%00001110, %00001110
   1841  f4ef					      if	(pfwidth>2)
   1842  f4ef		       70 ff		      .byte.b	%01110000, %11111111
   1843  f4f1					      endif
   1844  f4f1		       0f ef		      .byte.b	%00001111, %11101111
   1845  f4f3					      if	(pfwidth>2)
   1846  f4f3		       70 ff		      .byte.b	%01110000, %11111111
   1847  f4f5					      endif
   1848  f4f5		       0e fe		      .byte.b	%00001110, %11111110
   1849  f4f7					      if	(pfwidth>2)
   1850  f4f7		       f0 ff		      .byte.b	%11110000, %11111111
   1851  f4f9					      endif
   1852  f4f9		       00 ee		      .byte.b	%00000000, %11101110
   1853  f4fb					      if	(pfwidth>2)
   1854  f4fb		       70 00		      .byte.b	%01110000, %00000000
   1855  f4fd					      endif
   1856  f4fd				   pflabel0
   1857  f4fd		       bd d1 f4 	      lda	PF_data0,x
   1858  f500		       95 a4		      sta	playfield,x
   1859  f502		       ca		      dex
   1860  f503		       10 f8		      bpl	pflabel0
   1861  f505				   .L031		;  return
   1862  f505
   1863  f505		       60		      RTS
   1864  f506				   .
   1865  f506							;
   1866  f506
   1867  f506				   .__Start
   1868  f506							; __Start
   1869  f506
   1870  f506				   .L032		;  gosub __Map
   1871  f506
   1872  f506		       20 cc f4 	      jsr	.__Map
   1873  f509
   1874  f509				   .
   1875  f509							;
   1876  f509
   1877  f509				   .
   1878  f509							;
   1879  f509
   1880  f509				   .L033		;  night  =  1
   1881  f509
   1882  f509		       a9 01		      LDA	#1
   1883  f50b		       85 d8		      STA	night
   1884  f50d				   .L034		;  score  =  0
   1885  f50d
   1886  f50d		       a9 00		      LDA	#$00
   1887  f50f		       85 95		      STA	score+2
   1888  f511		       a9 00		      LDA	#$00
   1889  f513		       85 94		      STA	score+1
   1890  f515		       a9 00		      LDA	#$00
   1891  f517		       85 93		      STA	score
   1892  f519				   .L035		;  move_rate  =  8
   1893  f519
   1894  f519		       a9 08		      LDA	#8
   1895  f51b		       85 dc		      STA	move_rate
   1896  f51d				   .L036		;  Bon_Tick  =  0
   1897  f51d
   1898  f51d		       a9 00		      LDA	#0
   1899  f51f		       85 dd		      STA	Bon_Tick
   1900  f521				   .L037		;  Chic_Tick  =  0
   1901  f521
   1902  f521		       a9 00		      LDA	#0
   1903  f523		       85 de		      STA	Chic_Tick
   1904  f525				   .L038		;  Fox_Tick  =  0
   1905  f525
   1906  f525		       a9 00		      LDA	#0
   1907  f527		       85 df		      STA	Fox_Tick
   1908  f529				   .L039		;  doorctl  =	%00000000
   1909  f529
   1910  f529		       a9 00		      LDA	#%00000000
   1911  f52b		       85 d4		      STA	doorctl
   1912  f52d				   .L040		;  tick  =  0
   1913  f52d
   1914  f52d		       a9 00		      LDA	#0
   1915  f52f		       85 d5		      STA	tick
   1916  f531				   .L041		;  seconds  =	0
   1917  f531
   1918  f531		       a9 00		      LDA	#0
   1919  f533		       85 d6		      STA	seconds
   1920  f535				   .L042		;  time  =  0
   1921  f535
   1922  f535		       a9 00		      LDA	#0
   1923  f537		       85 d7		      STA	time
   1924  f539				   .L043		;  powertotal	=  255
   1925  f539
   1926  f539		       a9 ff		      LDA	#255
   1927  f53b		       85 d9		      STA	powertotal
   1928  f53d				   .L044		;  powerloss  =  1
   1929  f53d
   1930  f53d		       a9 01		      LDA	#1
   1931  f53f		       85 da		      STA	powerloss
   1932  f541				   .L045		;  power_tick	=  0
   1933  f541
   1934  f541		       a9 00		      LDA	#0
   1935  f543		       85 e0		      STA	power_tick
   1936  f545				   .L046		;  ai_second  =  0
   1937  f545
   1938  f545		       a9 00		      LDA	#0
   1939  f547		       85 e1		      STA	ai_second
   1940  f549				   .L047		;  input_latch  =  0
   1941  f549
   1942  f549		       a9 00		      LDA	#0
   1943  f54b		       85 e2		      STA	input_latch
   1944  f54d				   .L048		;  blackout_tick  =  0
   1945  f54d
   1946  f54d		       a9 00		      LDA	#0
   1947  f54f		       85 e3		      STA	blackout_tick
   1948  f551				   .L049		;  blackout_seconds  =  0
   1949  f551
   1950  f551		       a9 00		      LDA	#0
   1951  f553		       85 e4		      STA	blackout_seconds
   1952  f555				   .L050		;  pfscorecolor  =  $B8
   1953  f555
   1954  f555		       a9 b8		      LDA	#$B8
   1955  f557		       85 f4		      STA	pfscorecolor
   1956  f559				   .L051		;  scorecolor	=  $0E
   1957  f559
   1958  f559		       a9 0e		      LDA	#$0E
   1959  f55b		       85 a3		      STA	scorecolor
   1960  f55d				   .L052		;  pfscore1  =  %10101010
   1961  f55d
   1962  f55d		       a9 aa		      LDA	#%10101010
   1963  f55f		       85 f2		      STA	pfscore1
   1964  f561				   .
   1965  f561							;
   1966  f561
   1967  f561				   .L053		;  player0x  =  68
   1968  f561
   1969  f561		       a9 44		      LDA	#68
   1970  f563		       85 80		      STA	player0x
   1971  f565				   .L054		;  player0y  =  4
   1972  f565
   1973  f565		       a9 04		      LDA	#4
   1974  f567		       85 85		      STA	player0y
   1975  f569				   .L055		;  player1x  =  82
   1976  f569
   1977  f569		       a9 52		      LDA	#82
   1978  f56b		       85 81		      STA	player1x
   1979  f56d				   .L056		;  player1y  =  4
   1980  f56d
   1981  f56d		       a9 04		      LDA	#4
   1982  f56f		       85 86		      STA	player1y
   1983  f571				   .
   1984  f571							;
   1985  f571
   1986  f571				   .L057		;  ballx  =  26
   1987  f571
   1988  f571		       a9 1a		      LDA	#26
   1989  f573		       85 84		      STA	ballx
   1990  f575				   .L058		;  bally  =  18
   1991  f575
   1992  f575		       a9 12		      LDA	#18
   1993  f577		       85 89		      STA	bally
   1994  f579				   .L059		;  ballheight	=  2
   1995  f579
   1996  f579		       a9 02		      LDA	#2
   1997  f57b		       85 92		      STA	ballheight
   1998  f57d				   .mainloop
   1999  f57d							; mainloop
   2000  f57d
   2001  f57d				   .L060		;  AUDV0  =  0
   2002  f57d
   2003  f57d		       a9 00		      LDA	#0
   2004  f57f		       85 19		      STA	AUDV0
   2005  f581				   .L061		;  AUDC0  =  0
   2006  f581
   2007  f581		       a9 00		      LDA	#0
   2008  f583		       85 15		      STA	AUDC0
   2009  f585				   .L062		;  AUDF0  =  0
   2010  f585
   2011  f585		       a9 00		      LDA	#0
   2012  f587		       85 17		      STA	AUDF0
   2013  f589				   .L063		;  AUDV1  =  0
   2014  f589
   2015  f589		       a9 00		      LDA	#0
   2016  f58b		       85 1a		      STA	AUDV1
   2017  f58d				   .L064		;  AUDC1  =  0
   2018  f58d
   2019  f58d		       a9 00		      LDA	#0
   2020  f58f		       85 16		      STA	AUDC1
   2021  f591				   .L065		;  AUDF1  =  0
   2022  f591
   2023  f591		       a9 00		      LDA	#0
   2024  f593		       85 18		      STA	AUDF1
   2025  f595				   .L066		;  pfscorecolor  =  $B8
   2026  f595
   2027  f595		       a9 b8		      LDA	#$B8
   2028  f597		       85 f4		      STA	pfscorecolor
   2029  f599				   .L067		;  scorecolor	=  $0E
   2030  f599
   2031  f599		       a9 0e		      LDA	#$0E
   2032  f59b		       85 a3		      STA	scorecolor
   2033  f59d				   .L068		;  COLUPF = $0E
   2034  f59d
   2035  f59d		       a9 0e		      LDA	#$0E
   2036  f59f		       85 08		      STA	COLUPF
   2037  f5a1				   .L069		;  COLUP0  =  $74
   2038  f5a1
   2039  f5a1		       a9 74		      LDA	#$74
   2040  f5a3		       85 06		      STA	COLUP0
   2041  f5a5				   .L070		;  COLUP1  =  $1C
   2042  f5a5
   2043  f5a5		       a9 1c		      LDA	#$1C
   2044  f5a7		       85 07		      STA	COLUP1
   2045  f5a9				   .L071		;  missile1x  =  84
   2046  f5a9
   2047  f5a9		       a9 54		      LDA	#84
   2048  f5ab		       85 83		      STA	missile1x
   2049  f5ad				   .L072		;  if doorctl{2} then missile1y  =  81 else missile1y	=  72
   2050  f5ad
   2051  f5ad		       a5 d4		      LDA	doorctl
   2052  f5af		       29 04		      AND	#4
   2053  f5b1		       f0 07		      BEQ	.skipL072
   2054  f5b3				   .condpart0
   2055  f5b3		       a9 51		      LDA	#81
   2056  f5b5		       85 88		      STA	missile1y
   2057  f5b7		       4c be f5 	      jmp	.skipelse0
   2058  f5ba				   .skipL072
   2059  f5ba		       a9 48		      LDA	#72
   2060  f5bc		       85 88		      STA	missile1y
   2061  f5be				   .skipelse0
   2062  f5be				   .L073		;  missile1height  =  9
   2063  f5be
   2064  f5be		       a9 09		      LDA	#9
   2065  f5c0		       85 87		      STA	missile1height
   2066  f5c2				   .L074		;  missile0x  =  68
   2067  f5c2
   2068  f5c2		       a9 44		      LDA	#68
   2069  f5c4		       85 82		      STA	missile0x
   2070  f5c6				   .L075		;  if doorctl{1} then missile0y  =  81 else missile0y	=  72
   2071  f5c6
   2072  f5c6		       a5 d4		      LDA	doorctl
   2073  f5c8		       29 02		      AND	#2
   2074  f5ca		       f0 07		      BEQ	.skipL075
   2075  f5cc				   .condpart1
   2076  f5cc		       a9 51		      LDA	#81
   2077  f5ce		       85 91		      STA	missile0y
   2078  f5d0		       4c d7 f5 	      jmp	.skipelse1
   2079  f5d3				   .skipL075
   2080  f5d3		       a9 48		      LDA	#72
   2081  f5d5		       85 91		      STA	missile0y
   2082  f5d7				   .skipelse1
   2083  f5d7				   .L076		;  missile0height  =  9
   2084  f5d7
   2085  f5d7		       a9 09		      LDA	#9
   2086  f5d9		       85 90		      STA	missile0height
   2087  f5db				   .L077		;  drawscreen
   2088  f5db
   2089  f5db		       20 c7 f3 	      jsr	drawscreen
   2090  f5de				   .
   2091  f5de							;
   2092  f5de
   2093  f5de				   .
   2094  f5de							;
   2095  f5de
   2096  f5de				   .L078		;  if joy0left  &&  !input_latch{0} then doorctl{1}  =  !doorctl{1} : input_latch{0} = 1
   2097  f5de
   2098  f5de		       2c 80 02 	      bit	SWCHA
   2099  f5e1		       70 1b		      BVS	.skipL078
   2100  f5e3				   .condpart2
   2101  f5e3		       a5 e2		      LDA	input_latch
   2102  f5e5		       4a		      LSR
   2103  f5e6		       b0 16		      BCS	.skip2then
   2104  f5e8				   .condpart3
   2105  f5e8		       a5 d4		      LDA	doorctl
   2106  f5ea		       29 02		      AND	#2
   2107  f5ec		       08		      PHP
   2108  f5ed		       a5 d4		      LDA	doorctl
   2109  f5ef		       29 fd		      AND	#253
   2110  f5f1		       28		      PLP
   2111  f5f2		       d0 02		      .byte.b	$D0, $02
   2112  f5f4		       09 02		      ORA	#2
   2113  f5f6		       85 d4		      STA	doorctl
   2114  f5f8		       a5 e2		      LDA	input_latch
   2115  f5fa		       09 01		      ORA	#1
   2116  f5fc		       85 e2		      STA	input_latch
   2117  f5fe				   .skip2then
   2118  f5fe				   .skipL078
   2119  f5fe				   .L079		;  if !joy0left then input_latch{0} = 0
   2120  f5fe
   2121  f5fe		       2c 80 02 	      bit	SWCHA
   2122  f601		       50 06		      BVC	.skipL079
   2123  f603				   .condpart4
   2124  f603		       a5 e2		      LDA	input_latch
   2125  f605		       29 fe		      AND	#254
   2126  f607		       85 e2		      STA	input_latch
   2127  f609				   .skipL079
   2128  f609				   .L080		;  if joy0right  &&  !input_latch{1} then doorctl{2}  =  !doorctl{2} : input_latch{1} = 1
   2129  f609
   2130  f609		       2c 80 02 	      bit	SWCHA
   2131  f60c		       30 1c		      BMI	.skipL080
   2132  f60e				   .condpart5
   2133  f60e		       a5 e2		      LDA	input_latch
   2134  f610		       29 02		      AND	#2
   2135  f612		       d0 16		      BNE	.skip5then
   2136  f614				   .condpart6
   2137  f614		       a5 d4		      LDA	doorctl
   2138  f616		       29 04		      AND	#4
   2139  f618		       08		      PHP
   2140  f619		       a5 d4		      LDA	doorctl
   2141  f61b		       29 fb		      AND	#251
   2142  f61d		       28		      PLP
   2143  f61e		       d0 02		      .byte.b	$D0, $02
   2144  f620		       09 04		      ORA	#4
   2145  f622		       85 d4		      STA	doorctl
   2146  f624		       a5 e2		      LDA	input_latch
   2147  f626		       09 02		      ORA	#2
   2148  f628		       85 e2		      STA	input_latch
   2149  f62a				   .skip5then
   2150  f62a				   .skipL080
   2151  f62a				   .L081		;  if !joy0right then input_latch{1} = 0
   2152  f62a
   2153  f62a		       2c 80 02 	      bit	SWCHA
   2154  f62d		       10 06		      BPL	.skipL081
   2155  f62f				   .condpart7
   2156  f62f		       a5 e2		      LDA	input_latch
   2157  f631		       29 fd		      AND	#253
   2158  f633		       85 e2		      STA	input_latch
   2159  f635				   .skipL081
   2160  f635				   .L082		;  if time  =	6 then goto __6am
   2161  f635
   2162  f635		       a5 d7		      LDA	time
   2163  f637		       c9 06		      CMP	#6
   2164  f639		       d0 03		      BNE	.skipL082
   2165  f63b				   .condpart8
   2166  f63b		       4c cb f7 	      jmp	.__6am
   2167  f63e
   2168  f63e				   .skipL082
   2169  f63e				   .
   2170  f63e							;
   2171  f63e
   2172  f63e				   .
   2173  f63e							;
   2174  f63e
   2175  f63e				   .
   2176  f63e							;
   2177  f63e
   2178  f63e				   .L083		;  if powertotal  >  75 then pfscore1	=  %10101010
   2179  f63e
   2180  f63e		       a9 4b		      LDA	#75
   2181  f640		       c5 d9		      CMP	powertotal
   2182  f642		       b0 04		      BCS	.skipL083
   2183  f644				   .condpart9
   2184  f644		       a9 aa		      LDA	#%10101010
   2185  f646		       85 f2		      STA	pfscore1
   2186  f648				   .skipL083
   2187  f648				   .L084		;  if powertotal  <=  75 then pfscore1  =  %00101010
   2188  f648
   2189  f648		       a9 4b		      LDA	#75
   2190  f64a		       c5 d9		      CMP	powertotal
   2191  f64c		       90 04		      BCC	.skipL084
   2192  f64e				   .condpart10
   2193  f64e		       a9 2a		      LDA	#%00101010
   2194  f650		       85 f2		      STA	pfscore1
   2195  f652				   .skipL084
   2196  f652				   .L085		;  if powertotal  <=  50 then pfscore1  =  %00001010
   2197  f652
   2198  f652		       a9 32		      LDA	#50
   2199  f654		       c5 d9		      CMP	powertotal
   2200  f656		       90 04		      BCC	.skipL085
   2201  f658				   .condpart11
   2202  f658		       a9 0a		      LDA	#%00001010
   2203  f65a		       85 f2		      STA	pfscore1
   2204  f65c				   .skipL085
   2205  f65c				   .L086		;  if powertotal  <=  25 then pfscore1  =  %00000010
   2206  f65c
   2207  f65c		       a9 19		      LDA	#25
   2208  f65e		       c5 d9		      CMP	powertotal
   2209  f660		       90 04		      BCC	.skipL086
   2210  f662				   .condpart12
   2211  f662		       a9 02		      LDA	#%00000010
   2212  f664		       85 f2		      STA	pfscore1
   2213  f666				   .skipL086
   2214  f666				   .L087		;  if powertotal  =  0 then goto __EnterBlackout
   2215  f666
   2216  f666		       a5 d9		      LDA	powertotal
   2217  f668		       c9 00		      CMP	#0
   2218  f66a		       d0 03		      BNE	.skipL087
   2219  f66c				   .condpart13
   2220  f66c		       4c ae f8 	      jmp	.__EnterBlackout
   2221  f66f
   2222  f66f				   .skipL087
   2223  f66f				   .
   2224  f66f							;
   2225  f66f
   2226  f66f				   .
   2227  f66f							;
   2228  f66f
   2229  f66f				   .L088		;  tick  =  tick + 1
   2230  f66f
   2231  f66f		       e6 d5		      INC	tick
   2232  f671				   .L089		;  if tick  =	60 then seconds = seconds + 1 : tick = 0
   2233  f671
   2234  f671		       a5 d5		      LDA	tick
   2235  f673		       c9 3c		      CMP	#60
   2236  f675		       d0 06		      BNE	.skipL089
   2237  f677				   .condpart14
   2238  f677		       e6 d6		      INC	seconds
   2239  f679		       a9 00		      LDA	#0
   2240  f67b		       85 d5		      STA	tick
   2241  f67d				   .skipL089
   2242  f67d				   .L090		;  if seconds	=  90 then time = time + 1 : score = score + 1 : seconds = 0 : power_tick = 0 : ai_second = 0
   2243  f67d
   2244  f67d		       a5 d6		      LDA	seconds
   2245  f67f		       c9 5a		      CMP	#90
   2246  f681		       d0 1f		      BNE	.skipL090
   2247  f683				   .condpart15
   2248  f683		       e6 d7		      INC	time
   2249  f685		       f8		      SED
   2250  f686		       18		      CLC
   2251  f687		       a5 95		      LDA	score+2
   2252  f689		       69 01		      ADC	#$01
   2253  f68b		       85 95		      STA	score+2
   2254  f68d		       a5 94		      LDA	score+1
   2255  f68f		       69 00		      ADC	#$00
   2256  f691		       85 94		      STA	score+1
   2257  f693		       a5 93		      LDA	score
   2258  f695		       69 00		      ADC	#$00
   2259  f697		       85 93		      STA	score
   2260  f699		       d8		      CLD
   2261  f69a		       a9 00		      LDA	#0
   2262  f69c		       85 d6		      STA	seconds
   2263  f69e		       85 e0		      STA	power_tick
   2264  f6a0		       85 e1		      STA	ai_second
   2265  f6a2				   .skipL090
   2266  f6a2				   .
   2267  f6a2							;
   2268  f6a2
   2269  f6a2				   .
   2270  f6a2							;
   2271  f6a2
   2272  f6a2				   .
   2273  f6a2							;
   2274  f6a2
   2275  f6a2				   .L091		;  z  =  seconds  //  10
   2276  f6a2
   2277  f6a2		       a5 d6		      LDA	seconds
   2278  f6a4		       a0 0a		      LDY	#10
   2279  f6a6		       20 7a f4 	      jsr	div16
   2280  f6a9		       85 ed		      STA	z
   2281  f6ab				   .L092		;  if temp1  =  0  &&	seconds  <>  power_tick then power_tick = seconds : goto __power
   2282  f6ab
   2283  f6ab		       a5 9c		      LDA	temp1
   2284  f6ad		       c9 00		      CMP	#0
   2285  f6af		       d0 0d		      BNE	.skipL092
   2286  f6b1				   .condpart16
   2287  f6b1		       a5 d6		      LDA	seconds
   2288  f6b3		       c5 e0		      CMP	power_tick
   2289  f6b5		       f0 07		      BEQ	.skip16then
   2290  f6b7				   .condpart17
   2291  f6b7		       a5 d6		      LDA	seconds
   2292  f6b9		       85 e0		      STA	power_tick
   2293  f6bb		       4c 83 f8 	      jmp	.__power
   2294  f6be
   2295  f6be				   .skip16then
   2296  f6be				   .skipL092
   2297  f6be				   .
   2298  f6be							;
   2299  f6be
   2300  f6be				   .
   2301  f6be							;
   2302  f6be
   2303  f6be				   .
   2304  f6be							;
   2305  f6be
   2306  f6be				   .
   2307  f6be							;
   2308  f6be
   2309  f6be				   .L093		;  move_rate  =  8
   2310  f6be
   2311  f6be		       a9 08		      LDA	#8
   2312  f6c0		       85 dc		      STA	move_rate
   2313  f6c2				   .L094		;  move_rate  =  move_rate  //  night
   2314  f6c2
   2315  f6c2		       a5 dc		      LDA	move_rate
   2316  f6c4		       a4 d8		      LDY	night
   2317  f6c6		       20 7a f4 	      jsr	div16
   2318  f6c9		       85 dc		      STA	move_rate
   2319  f6cb				   .L095		;  if move_rate  =  0 then move_rate  =  1
   2320  f6cb
   2321  f6cb		       a5 dc		      LDA	move_rate
   2322  f6cd		       c9 00		      CMP	#0
   2323  f6cf		       d0 04		      BNE	.skipL095
   2324  f6d1				   .condpart18
   2325  f6d1		       a9 01		      LDA	#1
   2326  f6d3		       85 dc		      STA	move_rate
   2327  f6d5				   .skipL095
   2328  f6d5				   .L096		;  z  =  seconds  //  move_rate
   2329  f6d5
   2330  f6d5		       a5 d6		      LDA	seconds
   2331  f6d7		       a4 dc		      LDY	move_rate
   2332  f6d9		       20 7a f4 	      jsr	div16
   2333  f6dc		       85 ed		      STA	z
   2334  f6de				   .L097		;  if temp1  =  0  &&	seconds  <>  ai_second then ai_second = seconds : z = rand // 32 : rand16 = temp1 : goto __AIroll
   2335  f6de
   2336  f6de		       a5 9c		      LDA	temp1
   2337  f6e0		       c9 00		      CMP	#0
   2338  f6e2		       d0 29		      BNE	.skipL097
   2339  f6e4				   .condpart19
   2340  f6e4		       a5 d6		      LDA	seconds
   2341  f6e6		       c5 e1		      CMP	ai_second
   2342  f6e8		       f0 23		      BEQ	.skip19then
   2343  f6ea				   .condpart20
   2344  f6ea		       a5 d6		      LDA	seconds
   2345  f6ec		       85 e1		      STA	ai_second
   2346  f6ee		       20 b9 f3 	      jsr	randomize
   2347  f6f1		       a2 00		      ldx	#0
   2348  f6f3		       86 9c		      stx	temp1
   2349  f6f5		       4a		      lsr
   2350  f6f6		       26 9c		      rol	temp1
   2351  f6f8		       4a		      lsr
   2352  f6f9		       26 9c		      rol	temp1
   2353  f6fb		       4a		      lsr
   2354  f6fc		       26 9c		      rol	temp1
   2355  f6fe		       4a		      lsr
   2356  f6ff		       26 9c		      rol	temp1
   2357  f701		       4a		      lsr
   2358  f702		       26 9c		      rol	temp1
   2359  f704		       85 ed		      STA	z
   2360  f706		       a5 9c		      LDA	temp1
   2361  f708		       85 db		      STA	rand16
   2362  f70a		       4c 10 f7 	      jmp	.__AIroll
   2363  f70d
   2364  f70d				   .skip19then
   2365  f70d				   .skipL097
   2366  f70d				   .L098		;  goto __AIstate
   2367  f70d
   2368  f70d		       4c 3a f7 	      jmp	.__AIstate
   2369  f710
   2370  f710				   .
   2371  f710							;
   2372  f710
   2373  f710				   .__AIroll
   2374  f710							; __AIroll
   2375  f710
   2376  f710				   .
   2377  f710							;
   2378  f710
   2379  f710				   .
   2380  f710							;
   2381  f710
   2382  f710				   .L099		;  if rand16  >=  20  &&  rand16  <=  21 then goto __Foxy
   2383  f710
   2384  f710		       a5 db		      LDA	rand16
   2385  f712		       c9 14		      CMP	#20
   2386  f714		       90 09		      BCC	.skipL099
   2387  f716				   .condpart21
   2388  f716		       a9 15		      LDA	#21
   2389  f718		       c5 db		      CMP	rand16
   2390  f71a		       90 03		      BCC	.skip21then
   2391  f71c				   .condpart22
   2392  f71c		       4c 80 fa 	      jmp	.__Foxy
   2393  f71f
   2394  f71f				   .skip21then
   2395  f71f				   .skipL099
   2396  f71f				   .L0100		;  if rand16  >=  9  &&  rand16  <=  10 then goto __Chica
   2397  f71f
   2398  f71f		       a5 db		      LDA	rand16
   2399  f721		       c9 09		      CMP	#9
   2400  f723		       90 09		      BCC	.skipL0100
   2401  f725				   .condpart23
   2402  f725		       a9 0a		      LDA	#10
   2403  f727		       c5 db		      CMP	rand16
   2404  f729		       90 03		      BCC	.skip23then
   2405  f72b				   .condpart24
   2406  f72b		       4c e6 f9 	      jmp	.__Chica
   2407  f72e
   2408  f72e				   .skip23then
   2409  f72e				   .skipL0100
   2410  f72e				   .L0101		;  if rand16  <=  1 then goto __Bonnie
   2411  f72e
   2412  f72e		       a9 01		      LDA	#1
   2413  f730		       c5 db		      CMP	rand16
   2414  f732		       90 03		      BCC	.skipL0101
   2415  f734				   .condpart25
   2416  f734		       4c 4c f9 	      jmp	.__Bonnie
   2417  f737
   2418  f737				   .skipL0101
   2419  f737				   .L0102		;  goto __AIstate
   2420  f737
   2421  f737		       4c 3a f7 	      jmp	.__AIstate
   2422  f73a
   2423  f73a				   .
   2424  f73a							;
   2425  f73a
   2426  f73a				   .__AIstate
   2427  f73a							; __AIstate
   2428  f73a
   2429  f73a				   .L0103		;  if joy1fire then goto __EnterBlackout
   2430  f73a
   2431  f73a		       24 0d		      bit	INPT5
   2432  f73c		       30 03		      BMI	.skipL0103
   2433  f73e				   .condpart26
   2434  f73e		       4c ae f8 	      jmp	.__EnterBlackout
   2435  f741
   2436  f741				   .skipL0103
   2437  f741				   .
   2438  f741							;
   2439  f741
   2440  f741				   .
   2441  f741							;
   2442  f741
   2443  f741				   .
   2444  f741							;
   2445  f741
   2446  f741				   .L0104		;  if Bon_Tick  =  1 then goto Bon1
   2447  f741
   2448  f741		       a5 dd		      LDA	Bon_Tick
   2449  f743		       c9 01		      CMP	#1
   2450  f745		       d0 03		      BNE	.skipL0104
   2451  f747				   .condpart27
   2452  f747		       4c 51 f9 	      jmp	.Bon1
   2453  f74a
   2454  f74a				   .skipL0104
   2455  f74a				   .L0105		;  if Bon_Tick  =  2 then goto Bon2
   2456  f74a
   2457  f74a		       a5 dd		      LDA	Bon_Tick
   2458  f74c		       c9 02		      CMP	#2
   2459  f74e		       d0 03		      BNE	.skipL0105
   2460  f750				   .condpart28
   2461  f750		       4c 5c f9 	      jmp	.Bon2
   2462  f753
   2463  f753				   .skipL0105
   2464  f753				   .L0106		;  if Bon_Tick  =  3 then goto Bon3
   2465  f753
   2466  f753		       a5 dd		      LDA	Bon_Tick
   2467  f755		       c9 03		      CMP	#3
   2468  f757		       d0 03		      BNE	.skipL0106
   2469  f759				   .condpart29
   2470  f759		       4c 67 f9 	      jmp	.Bon3
   2471  f75c
   2472  f75c				   .skipL0106
   2473  f75c				   .L0107		;  if Bon_Tick  =  4 then goto Bon4
   2474  f75c
   2475  f75c		       a5 dd		      LDA	Bon_Tick
   2476  f75e		       c9 04		      CMP	#4
   2477  f760		       d0 03		      BNE	.skipL0107
   2478  f762				   .condpart30
   2479  f762		       4c 72 f9 	      jmp	.Bon4
   2480  f765
   2481  f765				   .skipL0107
   2482  f765				   .L0108		;  if Bon_Tick  >=  5 then goto BonJump
   2483  f765
   2484  f765		       a5 dd		      LDA	Bon_Tick
   2485  f767		       c9 05		      CMP	#5
   2486  f769		       90 03		      BCC	.skipL0108
   2487  f76b				   .condpart31
   2488  f76b		       4c 7d f9 	      jmp	.BonJump
   2489  f76e
   2490  f76e				   .skipL0108
   2491  f76e				   .L0109		;  if Chic_Tick  =  1 then goto Chic1
   2492  f76e
   2493  f76e		       a5 de		      LDA	Chic_Tick
   2494  f770		       c9 01		      CMP	#1
   2495  f772		       d0 03		      BNE	.skipL0109
   2496  f774				   .condpart32
   2497  f774		       4c eb f9 	      jmp	.Chic1
   2498  f777
   2499  f777				   .skipL0109
   2500  f777				   .L0110		;  if Chic_Tick  =  2 then goto Chic2
   2501  f777
   2502  f777		       a5 de		      LDA	Chic_Tick
   2503  f779		       c9 02		      CMP	#2
   2504  f77b		       d0 03		      BNE	.skipL0110
   2505  f77d				   .condpart33
   2506  f77d		       4c f6 f9 	      jmp	.Chic2
   2507  f780
   2508  f780				   .skipL0110
   2509  f780				   .L0111		;  if Chic_Tick  =  3 then goto Chic3
   2510  f780
   2511  f780		       a5 de		      LDA	Chic_Tick
   2512  f782		       c9 03		      CMP	#3
   2513  f784		       d0 03		      BNE	.skipL0111
   2514  f786				   .condpart34
   2515  f786		       4c 01 fa 	      jmp	.Chic3
   2516  f789
   2517  f789				   .skipL0111
   2518  f789				   .L0112		;  if Chic_Tick  =  4 then goto Chic4
   2519  f789
   2520  f789		       a5 de		      LDA	Chic_Tick
   2521  f78b		       c9 04		      CMP	#4
   2522  f78d		       d0 03		      BNE	.skipL0112
   2523  f78f				   .condpart35
   2524  f78f		       4c 0c fa 	      jmp	.Chic4
   2525  f792
   2526  f792				   .skipL0112
   2527  f792				   .L0113		;  if Chic_Tick  >=  5 then goto ChicJump
   2528  f792
   2529  f792		       a5 de		      LDA	Chic_Tick
   2530  f794		       c9 05		      CMP	#5
   2531  f796		       90 03		      BCC	.skipL0113
   2532  f798				   .condpart36
   2533  f798		       4c 17 fa 	      jmp	.ChicJump
   2534  f79b
   2535  f79b				   .skipL0113
   2536  f79b				   .L0114		;  if Fox_Tick  =  1 then goto Fox1
   2537  f79b
   2538  f79b		       a5 df		      LDA	Fox_Tick
   2539  f79d		       c9 01		      CMP	#1
   2540  f79f		       d0 03		      BNE	.skipL0114
   2541  f7a1				   .condpart37
   2542  f7a1		       4c 9d fa 	      jmp	.Fox1
   2543  f7a4
   2544  f7a4				   .skipL0114
   2545  f7a4				   .L0115		;  if Fox_Tick  =  2 then goto Fox2
   2546  f7a4
   2547  f7a4		       a5 df		      LDA	Fox_Tick
   2548  f7a6		       c9 02		      CMP	#2
   2549  f7a8		       d0 03		      BNE	.skipL0115
   2550  f7aa				   .condpart38
   2551  f7aa		       4c bd fa 	      jmp	.Fox2
   2552  f7ad
   2553  f7ad				   .skipL0115
   2554  f7ad				   .L0116		;  if Fox_Tick  =  3 then goto Fox3
   2555  f7ad
   2556  f7ad		       a5 df		      LDA	Fox_Tick
   2557  f7af		       c9 03		      CMP	#3
   2558  f7b1		       d0 03		      BNE	.skipL0116
   2559  f7b3				   .condpart39
   2560  f7b3		       4c dd fa 	      jmp	.Fox3
   2561  f7b6
   2562  f7b6				   .skipL0116
   2563  f7b6				   .L0117		;  if Fox_Tick  =  4 then goto Fox4
   2564  f7b6
   2565  f7b6		       a5 df		      LDA	Fox_Tick
   2566  f7b8		       c9 04		      CMP	#4
   2567  f7ba		       d0 03		      BNE	.skipL0117
   2568  f7bc				   .condpart40
   2569  f7bc		       4c fd fa 	      jmp	.Fox4
   2570  f7bf
   2571  f7bf				   .skipL0117
   2572  f7bf				   .L0118		;  if Fox_Tick  >=  5 then goto FoxJump
   2573  f7bf
   2574  f7bf		       a5 df		      LDA	Fox_Tick
   2575  f7c1		       c9 05		      CMP	#5
   2576  f7c3		       90 03		      BCC	.skipL0118
   2577  f7c5				   .condpart41
   2578  f7c5		       4c 1d fb 	      jmp	.FoxJump
   2579  f7c8
   2580  f7c8				   .skipL0118
   2581  f7c8				   .L0119		;  goto mainloop
   2582  f7c8
   2583  f7c8		       4c 7d f5 	      jmp	.mainloop
   2584  f7cb
   2585  f7cb				   .
   2586  f7cb							;
   2587  f7cb
   2588  f7cb				   .
   2589  f7cb							;
   2590  f7cb
   2591  f7cb				   .
   2592  f7cb							;
   2593  f7cb
   2594  f7cb				   .__6am
   2595  f7cb							; __6am
   2596  f7cb
   2597  f7cb				   .
   2598  f7cb							;
   2599  f7cb
   2600  f7cb				   .L0120		;  playfield:
   2601  f7cb
   2602  f7cb				  -	      ifconst	pfres
   2603  f7cb				  -	      ldx	#(7>pfres)*(pfres*pfwidth-1)+(7<=pfres)*27
   2604  f7cb					      else
   2605  f7cb		       a2 1b		      ldx	#((7*pfwidth-1)*((7*pfwidth-1)<47))+(47*((7*pfwidth-1)>=47))
   2606  f7cd					      endif
   2607  f7cd		       4c ec f7 	      jmp	pflabel1
   2608  f7d0				   PF_data1
   2609  f7d0		       ff e0		      .byte.b	%11111111, %11100000
   2610  f7d2					      if	(pfwidth>2)
   2611  f7d2		       e2 40		      .byte.b	%11100010, %01000000
   2612  f7d4					      endif
   2613  f7d4		       80 10		      .byte.b	%10000000, %00010000
   2614  f7d6					      if	(pfwidth>2)
   2615  f7d6		       12 40		      .byte.b	%00010010, %01000000
   2616  f7d8					      endif
   2617  f7d8		       80 10		      .byte.b	%10000000, %00010000
   2618  f7da					      if	(pfwidth>2)
   2619  f7da		       12 51		      .byte.b	%00010010, %01010001
   2620  f7dc					      endif
   2621  f7dc		       ff f1		      .byte.b	%11111111, %11110001
   2622  f7de					      if	(pfwidth>2)
   2623  f7de		       f2 4e		      .byte.b	%11110010, %01001110
   2624  f7e0					      endif
   2625  f7e0		       81 10		      .byte.b	%10000001, %00010000
   2626  f7e2					      if	(pfwidth>2)
   2627  f7e2		       12 40		      .byte.b	%00010010, %01000000
   2628  f7e4					      endif
   2629  f7e4		       81 10		      .byte.b	%10000001, %00010000
   2630  f7e6					      if	(pfwidth>2)
   2631  f7e6		       12 40		      .byte.b	%00010010, %01000000
   2632  f7e8					      endif
   2633  f7e8		       ff 10		      .byte.b	%11111111, %00010000
   2634  f7ea					      if	(pfwidth>2)
   2635  f7ea		       12 40		      .byte.b	%00010010, %01000000
   2636  f7ec					      endif
   2637  f7ec				   pflabel1
   2638  f7ec		       bd d0 f7 	      lda	PF_data1,x
   2639  f7ef		       95 a4		      sta	playfield,x
   2640  f7f1		       ca		      dex
   2641  f7f2		       10 f8		      bpl	pflabel1
   2642  f7f4				   .L0121		;  drawscreen
   2643  f7f4
   2644  f7f4		       20 c7 f3 	      jsr	drawscreen
   2645  f7f7				   .
   2646  f7f7							;
   2647  f7f7
   2648  f7f7				   .
   2649  f7f7							;
   2650  f7f7
   2651  f7f7				   .
   2652  f7f7							;
   2653  f7f7
   2654  f7f7				   .L0122		;  if joy0fire then goto __NextNight
   2655  f7f7
   2656  f7f7		       24 0c		      bit	INPT4
   2657  f7f9		       30 03		      BMI	.skipL0122
   2658  f7fb				   .condpart42
   2659  f7fb		       4c 01 f8 	      jmp	.__NextNight
   2660  f7fe
   2661  f7fe				   .skipL0122
   2662  f7fe				   .L0123		;  goto __6am
   2663  f7fe
   2664  f7fe		       4c cb f7 	      jmp	.__6am
   2665  f801
   2666  f801				   .
   2667  f801							;
   2668  f801
   2669  f801				   .__NextNight
   2670  f801							; __NextNight
   2671  f801
   2672  f801				   .L0124		;  score = score - 6
   2673  f801
   2674  f801		       f8		      SED
   2675  f802		       38		      SEC
   2676  f803		       a5 95		      LDA	score+2
   2677  f805		       e9 06		      SBC	#$06
   2678  f807		       85 95		      STA	score+2
   2679  f809		       a5 94		      LDA	score+1
   2680  f80b		       e9 00		      SBC	#$00
   2681  f80d		       85 94		      STA	score+1
   2682  f80f		       a5 93		      LDA	score
   2683  f811		       e9 00		      SBC	#$00
   2684  f813		       85 93		      STA	score
   2685  f815		       d8		      CLD
   2686  f816				   .L0125		;  score = score + 100000
   2687  f816
   2688  f816		       f8		      SED
   2689  f817		       18		      CLC
   2690  f818		       a5 93		      LDA	score
   2691  f81a		       69 10		      ADC	#$10
   2692  f81c		       85 93		      STA	score
   2693  f81e		       d8		      CLD
   2694  f81f				   .L0126		;  night = night + 1
   2695  f81f
   2696  f81f		       e6 d8		      INC	night
   2697  f821				   .L0127		;  gosub __Map
   2698  f821
   2699  f821		       20 cc f4 	      jsr	.__Map
   2700  f824
   2701  f824				   .L0128		;  Bon_Tick = 0
   2702  f824
   2703  f824		       a9 00		      LDA	#0
   2704  f826		       85 dd		      STA	Bon_Tick
   2705  f828				   .L0129		;  Chic_Tick = 0
   2706  f828
   2707  f828		       a9 00		      LDA	#0
   2708  f82a		       85 de		      STA	Chic_Tick
   2709  f82c				   .L0130		;  Fox_Tick = 0
   2710  f82c
   2711  f82c		       a9 00		      LDA	#0
   2712  f82e		       85 df		      STA	Fox_Tick
   2713  f830				   .L0131		;  player0x = 68
   2714  f830
   2715  f830		       a9 44		      LDA	#68
   2716  f832		       85 80		      STA	player0x
   2717  f834				   .L0132		;  player0y = 4
   2718  f834
   2719  f834		       a9 04		      LDA	#4
   2720  f836		       85 85		      STA	player0y
   2721  f838				   .L0133		;  player1x = 82
   2722  f838
   2723  f838		       a9 52		      LDA	#82
   2724  f83a		       85 81		      STA	player1x
   2725  f83c				   .L0134		;  player1y = 4
   2726  f83c
   2727  f83c		       a9 04		      LDA	#4
   2728  f83e		       85 86		      STA	player1y
   2729  f840				   .L0135		;  ballx = 26
   2730  f840
   2731  f840		       a9 1a		      LDA	#26
   2732  f842		       85 84		      STA	ballx
   2733  f844				   .L0136		;  bally = 18
   2734  f844
   2735  f844		       a9 12		      LDA	#18
   2736  f846		       85 89		      STA	bally
   2737  f848				   .L0137		;  doorctl = %00000000
   2738  f848
   2739  f848		       a9 00		      LDA	#%00000000
   2740  f84a		       85 d4		      STA	doorctl
   2741  f84c				   .L0138		;  input_latch = 0
   2742  f84c
   2743  f84c		       a9 00		      LDA	#0
   2744  f84e		       85 e2		      STA	input_latch
   2745  f850				   .L0139		;  powertotal = 255
   2746  f850
   2747  f850		       a9 ff		      LDA	#255
   2748  f852		       85 d9		      STA	powertotal
   2749  f854				   .L0140		;  powerloss = 1
   2750  f854
   2751  f854		       a9 01		      LDA	#1
   2752  f856		       85 da		      STA	powerloss
   2753  f858				   .L0141		;  time = 0
   2754  f858
   2755  f858		       a9 00		      LDA	#0
   2756  f85a		       85 d7		      STA	time
   2757  f85c				   .L0142		;  seconds = 0
   2758  f85c
   2759  f85c		       a9 00		      LDA	#0
   2760  f85e		       85 d6		      STA	seconds
   2761  f860				   .L0143		;  tick = 0
   2762  f860
   2763  f860		       a9 00		      LDA	#0
   2764  f862		       85 d5		      STA	tick
   2765  f864				   .L0144		;  power_tick = 0
   2766  f864
   2767  f864		       a9 00		      LDA	#0
   2768  f866		       85 e0		      STA	power_tick
   2769  f868				   .L0145		;  ai_second = 0
   2770  f868
   2771  f868		       a9 00		      LDA	#0
   2772  f86a		       85 e1		      STA	ai_second
   2773  f86c				   .L0146		;  blackout_tick = 0
   2774  f86c
   2775  f86c		       a9 00		      LDA	#0
   2776  f86e		       85 e3		      STA	blackout_tick
   2777  f870				   .L0147		;  blackout_seconds = 0
   2778  f870
   2779  f870		       a9 00		      LDA	#0
   2780  f872		       85 e4		      STA	blackout_seconds
   2781  f874				   .L0148		;  pfscorecolor = $B8
   2782  f874
   2783  f874		       a9 b8		      LDA	#$B8
   2784  f876		       85 f4		      STA	pfscorecolor
   2785  f878				   .L0149		;  scorecolor = $0E
   2786  f878
   2787  f878		       a9 0e		      LDA	#$0E
   2788  f87a		       85 a3		      STA	scorecolor
   2789  f87c				   .L0150		;  pfscore1 = %10101010
   2790  f87c
   2791  f87c		       a9 aa		      LDA	#%10101010
   2792  f87e		       85 f2		      STA	pfscore1
   2793  f880				   .L0151		;  goto mainloop
   2794  f880
   2795  f880		       4c 7d f5 	      jmp	.mainloop
   2796  f883
   2797  f883				   .__power
   2798  f883							; __power
   2799  f883
   2800  f883				   .
   2801  f883							;
   2802  f883
   2803  f883				   .
   2804  f883							;
   2805  f883
   2806  f883				   .
   2807  f883							;
   2808  f883
   2809  f883				   .L0152		;  powerloss  =  1
   2810  f883
   2811  f883		       a9 01		      LDA	#1
   2812  f885		       85 da		      STA	powerloss
   2813  f887				   .L0153		;  if doorctl{1} then powerloss  =  powerloss	+  1
   2814  f887
   2815  f887		       a5 d4		      LDA	doorctl
   2816  f889		       29 02		      AND	#2
   2817  f88b		       f0 02		      BEQ	.skipL0153
   2818  f88d				   .condpart43
   2819  f88d		       e6 da		      INC	powerloss
   2820  f88f				   .skipL0153
   2821  f88f				   .L0154		;  if doorctl{2} then powerloss  =  powerloss	+  1
   2822  f88f
   2823  f88f		       a5 d4		      LDA	doorctl
   2824  f891		       29 04		      AND	#4
   2825  f893		       f0 02		      BEQ	.skipL0154
   2826  f895				   .condpart44
   2827  f895		       e6 da		      INC	powerloss
   2828  f897				   .skipL0154
   2829  f897				   .L0155		;  if powertotal  <=  powerloss then powertotal = 0 else powertotal = powertotal - powerloss
   2830  f897
   2831  f897		       a5 da		      LDA	powerloss
   2832  f899		       c5 d9		      CMP	powertotal
   2833  f89b		       90 07		      BCC	.skipL0155
   2834  f89d				   .condpart45
   2835  f89d		       a9 00		      LDA	#0
   2836  f89f		       85 d9		      STA	powertotal
   2837  f8a1		       4c ab f8 	      jmp	.skipelse2
   2838  f8a4				   .skipL0155
   2839  f8a4		       a5 d9		      LDA	powertotal
   2840  f8a6		       38		      SEC
   2841  f8a7		       e5 da		      SBC	powerloss
   2842  f8a9		       85 d9		      STA	powertotal
   2843  f8ab				   .skipelse2
   2844  f8ab				   .L0156		;  goto mainloop
   2845  f8ab
   2846  f8ab		       4c 7d f5 	      jmp	.mainloop
   2847  f8ae
   2848  f8ae				   .
   2849  f8ae							;
   2850  f8ae
   2851  f8ae				   .__EnterBlackout
   2852  f8ae							; __EnterBlackout
   2853  f8ae
   2854  f8ae				   .
   2855  f8ae							;
   2856  f8ae
   2857  f8ae				   .L0157		;  pfscore1  =  0
   2858  f8ae
   2859  f8ae		       a9 00		      LDA	#0
   2860  f8b0		       85 f2		      STA	pfscore1
   2861  f8b2				   .L0158		;  pfscorecolor  =  $00
   2862  f8b2
   2863  f8b2		       a9 00		      LDA	#$00
   2864  f8b4		       85 f4		      STA	pfscorecolor
   2865  f8b6				   .L0159		;  scorecolor	=  $00
   2866  f8b6
   2867  f8b6		       a9 00		      LDA	#$00
   2868  f8b8		       85 a3		      STA	scorecolor
   2869  f8ba				   .L0160		;  COLUPF  =  $00
   2870  f8ba
   2871  f8ba		       a9 00		      LDA	#$00
   2872  f8bc		       85 08		      STA	COLUPF
   2873  f8be				   .L0161		;  COLUP0  =  $00
   2874  f8be
   2875  f8be		       a9 00		      LDA	#$00
   2876  f8c0		       85 06		      STA	COLUP0
   2877  f8c2				   .L0162		;  COLUP1  =  $00
   2878  f8c2
   2879  f8c2		       a9 00		      LDA	#$00
   2880  f8c4		       85 07		      STA	COLUP1
   2881  f8c6				   .L0163		;  AUDV0  =  0
   2882  f8c6
   2883  f8c6		       a9 00		      LDA	#0
   2884  f8c8		       85 19		      STA	AUDV0
   2885  f8ca				   .L0164		;  AUDV1  =  0
   2886  f8ca
   2887  f8ca		       a9 00		      LDA	#0
   2888  f8cc		       85 1a		      STA	AUDV1
   2889  f8ce				   .L0165		;  blackout_tick  =  0
   2890  f8ce
   2891  f8ce		       a9 00		      LDA	#0
   2892  f8d0		       85 e3		      STA	blackout_tick
   2893  f8d2				   .L0166		;  blackout_seconds  =  0
   2894  f8d2
   2895  f8d2		       a9 00		      LDA	#0
   2896  f8d4		       85 e4		      STA	blackout_seconds
   2897  f8d6				   .
   2898  f8d6							;
   2899  f8d6
   2900  f8d6				   .
   2901  f8d6							;
   2902  f8d6
   2903  f8d6				   .L0167		;  playfield:
   2904  f8d6
   2905  f8d6				  -	      ifconst	pfres
   2906  f8d6				  -	      ldx	#(12>pfres)*(pfres*pfwidth-1)+(12<=pfres)*47
   2907  f8d6					      else
   2908  f8d6		       a2 2f		      ldx	#((12*pfwidth-1)*((12*pfwidth-1)<47))+(47*((12*pfwidth-1)>=47))
   2909  f8d8					      endif
   2910  f8d8		       4c 0b f9 	      jmp	pflabel2
   2911  f8db				   PF_data2
   2912  f8db		       fc 00		      .byte.b	%11111100, %00000000
   2913  f8dd					      if	(pfwidth>2)
   2914  f8dd		       00 f8		      .byte.b	%00000000, %11111000
   2915  f8df					      endif
   2916  f8df		       fc 00		      .byte.b	%11111100, %00000000
   2917  f8e1					      if	(pfwidth>2)
   2918  f8e1		       00 f8		      .byte.b	%00000000, %11111000
   2919  f8e3					      endif
   2920  f8e3		       fc 00		      .byte.b	%11111100, %00000000
   2921  f8e5					      if	(pfwidth>2)
   2922  f8e5		       00 f8		      .byte.b	%00000000, %11111000
   2923  f8e7					      endif
   2924  f8e7		       07 01		      .byte.b	%00000111, %00000001
   2925  f8e9					      if	(pfwidth>2)
   2926  f8e9		       01 07		      .byte.b	%00000001, %00000111
   2927  f8eb					      endif
   2928  f8eb		       07 01		      .byte.b	%00000111, %00000001
   2929  f8ed					      if	(pfwidth>2)
   2930  f8ed		       01 07		      .byte.b	%00000001, %00000111
   2931  f8ef					      endif
   2932  f8ef		       00 c0		      .byte.b	%00000000, %11000000
   2933  f8f1					      if	(pfwidth>2)
   2934  f8f1		       c0 00		      .byte.b	%11000000, %00000000
   2935  f8f3					      endif
   2936  f8f3		       00 fe		      .byte.b	%00000000, %11111110
   2937  f8f5					      if	(pfwidth>2)
   2938  f8f5		       fe 00		      .byte.b	%11111110, %00000000
   2939  f8f7					      endif
   2940  f8f7		       00 fe		      .byte.b	%00000000, %11111110
   2941  f8f9					      if	(pfwidth>2)
   2942  f8f9		       fe 00		      .byte.b	%11111110, %00000000
   2943  f8fb					      endif
   2944  f8fb		       00 42		      .byte.b	%00000000, %01000010
   2945  f8fd					      if	(pfwidth>2)
   2946  f8fd		       42 00		      .byte.b	%01000010, %00000000
   2947  f8ff					      endif
   2948  f8ff		       00 c0		      .byte.b	%00000000, %11000000
   2949  f901					      if	(pfwidth>2)
   2950  f901		       c0 00		      .byte.b	%11000000, %00000000
   2951  f903					      endif
   2952  f903		       00 07		      .byte.b	%00000000, %00000111
   2953  f905					      if	(pfwidth>2)
   2954  f905		       07 00		      .byte.b	%00000111, %00000000
   2955  f907					      endif
   2956  f907		       00 ff		      .byte.b	%00000000, %11111111
   2957  f909					      if	(pfwidth>2)
   2958  f909		       ff 00		      .byte.b	%11111111, %00000000
   2959  f90b					      endif
   2960  f90b				   pflabel2
   2961  f90b		       bd db f8 	      lda	PF_data2,x
   2962  f90e		       95 a4		      sta	playfield,x
   2963  f910		       ca		      dex
   2964  f911		       10 f8		      bpl	pflabel2
   2965  f913				   .L0168		;  goto __blackout
   2966  f913
   2967  f913		       4c 16 f9 	      jmp	.__blackout
   2968  f916
   2969  f916				   .
   2970  f916							;
   2971  f916
   2972  f916				   .__blackout
   2973  f916							; __blackout
   2974  f916
   2975  f916				   .L0169		;  blackout_tick  =  blackout_tick  +	1
   2976  f916
   2977  f916		       e6 e3		      INC	blackout_tick
   2978  f918				   .L0170		;  if blackout_tick  =  60 then blackout_tick = 0 : blackout_seconds = blackout_seconds + 1
   2979  f918
   2980  f918		       a5 e3		      LDA	blackout_tick
   2981  f91a		       c9 3c		      CMP	#60
   2982  f91c		       d0 06		      BNE	.skipL0170
   2983  f91e				   .condpart46
   2984  f91e		       a9 00		      LDA	#0
   2985  f920		       85 e3		      STA	blackout_tick
   2986  f922		       e6 e4		      INC	blackout_seconds
   2987  f924				   .skipL0170
   2988  f924				   .
   2989  f924							;
   2990  f924
   2991  f924				   .
   2992  f924							;
   2993  f924
   2994  f924				   .
   2995  f924							;
   2996  f924
   2997  f924				   .L0171		;  if blackout_seconds  <  60 then COLUPF = $00 : pfscorecolor = $00
   2998  f924
   2999  f924		       a5 e4		      LDA	blackout_seconds
   3000  f926		       c9 3c		      CMP	#60
   3001  f928		       b0 06		      BCS	.skipL0171
   3002  f92a				   .condpart47
   3003  f92a		       a9 00		      LDA	#$00
   3004  f92c		       85 08		      STA	COLUPF
   3005  f92e		       85 f4		      STA	pfscorecolor
   3006  f930				   .skipL0171
   3007  f930				   .L0172		;  if blackout_seconds  >=  60 then COLUPF = $E4 : pfscorecolor = $E4 : gosub __Sound
   3008  f930
   3009  f930		       a5 e4		      LDA	blackout_seconds
   3010  f932		       c9 3c		      CMP	#60
   3011  f934		       90 09		      BCC	.skipL0172
   3012  f936				   .condpart48
   3013  f936		       a9 e4		      LDA	#$E4
   3014  f938		       85 08		      STA	COLUPF
   3015  f93a		       85 f4		      STA	pfscorecolor
   3016  f93c		       20 8c fb 	      jsr	.__Sound
   3017  f93f
   3018  f93f				   .skipL0172
   3019  f93f				   .
   3020  f93f							;
   3021  f93f
   3022  f93f				   .L0173		;  drawscreen
   3023  f93f
   3024  f93f		       20 c7 f3 	      jsr	drawscreen
   3025  f942				   .L0174		;  if joy0fire then goto __Start
   3026  f942
   3027  f942		       24 0c		      bit	INPT4
   3028  f944		       30 03		      BMI	.skipL0174
   3029  f946				   .condpart49
   3030  f946		       4c 06 f5 	      jmp	.__Start
   3031  f949
   3032  f949				   .skipL0174
   3033  f949				   .L0175		;  goto __blackout
   3034  f949
   3035  f949		       4c 16 f9 	      jmp	.__blackout
   3036  f94c
   3037  f94c				   .
   3038  f94c							;
   3039  f94c
   3040  f94c				   .__Bonnie
   3041  f94c							; __Bonnie
   3042  f94c
   3043  f94c				   .L0176		;  Bon_Tick  =  Bon_Tick  + 1
   3044  f94c
   3045  f94c		       e6 dd		      INC	Bon_Tick
   3046  f94e				   .L0177		;  goto mainloop
   3047  f94e
   3048  f94e		       4c 7d f5 	      jmp	.mainloop
   3049  f951
   3050  f951				   .
   3051  f951							;
   3052  f951
   3053  f951				   .Bon1
   3054  f951							; Bon1
   3055  f951
   3056  f951				   .
   3057  f951							;
   3058  f951
   3059  f951				   .L0178		;  player0x  =  54
   3060  f951
   3061  f951		       a9 36		      LDA	#54
   3062  f953		       85 80		      STA	player0x
   3063  f955				   .L0179		;  player0y  =  20
   3064  f955
   3065  f955		       a9 14		      LDA	#20
   3066  f957		       85 85		      STA	player0y
   3067  f959				   .L0180		;  goto mainloop
   3068  f959
   3069  f959		       4c 7d f5 	      jmp	.mainloop
   3070  f95c
   3071  f95c				   .Bon2
   3072  f95c							; Bon2
   3073  f95c
   3074  f95c				   .
   3075  f95c							;
   3076  f95c
   3077  f95c				   .L0181		;  player0x  =  34
   3078  f95c
   3079  f95c		       a9 22		      LDA	#34
   3080  f95e		       85 80		      STA	player0x
   3081  f960				   .L0182		;  player0y  =  38
   3082  f960
   3083  f960		       a9 26		      LDA	#38
   3084  f962		       85 85		      STA	player0y
   3085  f964				   .L0183		;  goto mainloop
   3086  f964
   3087  f964		       4c 7d f5 	      jmp	.mainloop
   3088  f967
   3089  f967				   .Bon3
   3090  f967							; Bon3
   3091  f967
   3092  f967				   .
   3093  f967							;
   3094  f967
   3095  f967				   .L0184		;  player0x  =  44
   3096  f967
   3097  f967		       a9 2c		      LDA	#44
   3098  f969		       85 80		      STA	player0x
   3099  f96b				   .L0185		;  player0y  =  56
   3100  f96b
   3101  f96b		       a9 38		      LDA	#56
   3102  f96d		       85 85		      STA	player0y
   3103  f96f				   .L0186		;  goto mainloop
   3104  f96f
   3105  f96f		       4c 7d f5 	      jmp	.mainloop
   3106  f972
   3107  f972				   .Bon4
   3108  f972							; Bon4
   3109  f972
   3110  f972				   .
   3111  f972							;
   3112  f972
   3113  f972				   .L0187		;  player0x  =  58
   3114  f972
   3115  f972		       a9 3a		      LDA	#58
   3116  f974		       85 80		      STA	player0x
   3117  f976				   .L0188		;  player0y  =  72
   3118  f976
   3119  f976		       a9 48		      LDA	#72
   3120  f978		       85 85		      STA	player0y
   3121  f97a				   .L0189		;  goto mainloop
   3122  f97a
   3123  f97a		       4c 7d f5 	      jmp	.mainloop
   3124  f97d
   3125  f97d				   .BonJump
   3126  f97d							; BonJump
   3127  f97d
   3128  f97d				   .
   3129  f97d							;
   3130  f97d
   3131  f97d				   .L0190		;  if doorctl{1} then Bon_Tick = 0 : player0x = 68 : player0y = 4 : goto mainloop
   3132  f97d
   3133  f97d		       a5 d4		      LDA	doorctl
   3134  f97f		       29 02		      AND	#2
   3135  f981		       f0 0f		      BEQ	.skipL0190
   3136  f983				   .condpart50
   3137  f983		       a9 00		      LDA	#0
   3138  f985		       85 dd		      STA	Bon_Tick
   3139  f987		       a9 44		      LDA	#68
   3140  f989		       85 80		      STA	player0x
   3141  f98b		       a9 04		      LDA	#4
   3142  f98d		       85 85		      STA	player0y
   3143  f98f		       4c 7d f5 	      jmp	.mainloop
   3144  f992
   3145  f992				   .skipL0190
   3146  f992				   .L0191		;  playfield:
   3147  f992
   3148  f992				  -	      ifconst	pfres
   3149  f992				  -	      ldx	#(12>pfres)*(pfres*pfwidth-1)+(12<=pfres)*47
   3150  f992					      else
   3151  f992		       a2 2f		      ldx	#((12*pfwidth-1)*((12*pfwidth-1)<47))+(47*((12*pfwidth-1)>=47))
   3152  f994					      endif
   3153  f994		       4c c7 f9 	      jmp	pflabel3
   3154  f997				   PF_data3
   3155  f997		       1e 00		      .byte.b	%00011110, %00000000
   3156  f999					      if	(pfwidth>2)
   3157  f999		       00 0f		      .byte.b	%00000000, %00001111
   3158  f99b					      endif
   3159  f99b		       1e 00		      .byte.b	%00011110, %00000000
   3160  f99d					      if	(pfwidth>2)
   3161  f99d		       00 0f		      .byte.b	%00000000, %00001111
   3162  f99f					      endif
   3163  f99f		       1e 00		      .byte.b	%00011110, %00000000
   3164  f9a1					      if	(pfwidth>2)
   3165  f9a1		       00 0f		      .byte.b	%00000000, %00001111
   3166  f9a3					      endif
   3167  f9a3		       0c 00		      .byte.b	%00001100, %00000000
   3168  f9a5					      if	(pfwidth>2)
   3169  f9a5		       00 06		      .byte.b	%00000000, %00000110
   3170  f9a7					      endif
   3171  f9a7		       0f ff		      .byte.b	%00001111, %11111111
   3172  f9a9					      if	(pfwidth>2)
   3173  f9a9		       ff 07		      .byte.b	%11111111, %00000111
   3174  f9ab					      endif
   3175  f9ab		       09 07		      .byte.b	%00001001, %00000111
   3176  f9ad					      if	(pfwidth>2)
   3177  f9ad		       0f 04		      .byte.b	%00001111, %00000100
   3178  f9af					      endif
   3179  f9af		       09 07		      .byte.b	%00001001, %00000111
   3180  f9b1					      if	(pfwidth>2)
   3181  f9b1		       0f 04		      .byte.b	%00001111, %00000100
   3182  f9b3					      endif
   3183  f9b3		       08 00		      .byte.b	%00001000, %00000000
   3184  f9b5					      if	(pfwidth>2)
   3185  f9b5		       00 04		      .byte.b	%00000000, %00000100
   3186  f9b7					      endif
   3187  f9b7		       08 e0		      .byte.b	%00001000, %11100000
   3188  f9b9					      if	(pfwidth>2)
   3189  f9b9		       c0 04		      .byte.b	%11000000, %00000100
   3190  f9bb					      endif
   3191  f9bb		       08 fc		      .byte.b	%00001000, %11111100
   3192  f9bd					      if	(pfwidth>2)
   3193  f9bd		       f8 04		      .byte.b	%11111000, %00000100
   3194  f9bf					      endif
   3195  f9bf		       08 fc		      .byte.b	%00001000, %11111100
   3196  f9c1					      if	(pfwidth>2)
   3197  f9c1		       f8 04		      .byte.b	%11111000, %00000100
   3198  f9c3					      endif
   3199  f9c3		       08 00		      .byte.b	%00001000, %00000000
   3200  f9c5					      if	(pfwidth>2)
   3201  f9c5		       00 04		      .byte.b	%00000000, %00000100
   3202  f9c7					      endif
   3203  f9c7				   pflabel3
   3204  f9c7		       bd 97 f9 	      lda	PF_data3,x
   3205  f9ca		       95 a4		      sta	playfield,x
   3206  f9cc		       ca		      dex
   3207  f9cd		       10 f8		      bpl	pflabel3
   3208  f9cf				   .L0192		;  COLUPF = $62 : gosub __Sound : drawscreen
   3209  f9cf
   3210  f9cf		       a9 62		      LDA	#$62
   3211  f9d1		       85 08		      STA	COLUPF
   3212  f9d3		       20 8c fb 	      jsr	.__Sound
   3213  f9d6		       20 c7 f3 	      jsr	drawscreen
   3214  f9d9				   .L0193		;  if joy0fire then goto __Start else goto BonJump
   3215  f9d9
   3216  f9d9		       24 0c		      bit	INPT4
   3217  f9db		       30 06		      BMI	.skipL0193
   3218  f9dd				   .condpart51
   3219  f9dd		       4c 06 f5 	      jmp	.__Start
   3220  f9e0		       4c e6 f9 	      jmp	.skipelse3
   3221  f9e3				   .skipL0193
   3222  f9e3		       4c 7d f9 	      jmp	.BonJump
   3223  f9e6
   3224  f9e6				   .skipelse3
   3225  f9e6				   .
   3226  f9e6							;
   3227  f9e6
   3228  f9e6				   .
   3229  f9e6							;
   3230  f9e6
   3231  f9e6				   .__Chica
   3232  f9e6							; __Chica
   3233  f9e6
   3234  f9e6				   .L0194		;  Chic_Tick  =  Chic_Tick  +	1
   3235  f9e6
   3236  f9e6		       e6 de		      INC	Chic_Tick
   3237  f9e8				   .L0195		;  goto mainloop
   3238  f9e8
   3239  f9e8		       4c 7d f5 	      jmp	.mainloop
   3240  f9eb
   3241  f9eb				   .Chic1
   3242  f9eb							; Chic1
   3243  f9eb
   3244  f9eb				   .
   3245  f9eb							;
   3246  f9eb
   3247  f9eb				   .L0196		;  player1x  =  98
   3248  f9eb
   3249  f9eb		       a9 62		      LDA	#98
   3250  f9ed		       85 81		      STA	player1x
   3251  f9ef				   .L0197		;  player1y  =  20
   3252  f9ef
   3253  f9ef		       a9 14		      LDA	#20
   3254  f9f1		       85 86		      STA	player1y
   3255  f9f3				   .L0198		;  goto mainloop
   3256  f9f3
   3257  f9f3		       4c 7d f5 	      jmp	.mainloop
   3258  f9f6
   3259  f9f6				   .Chic2
   3260  f9f6							; Chic2
   3261  f9f6
   3262  f9f6				   .
   3263  f9f6							;
   3264  f9f6
   3265  f9f6				   .L0199		;  player1x  =  118
   3266  f9f6
   3267  f9f6		       a9 76		      LDA	#118
   3268  f9f8		       85 81		      STA	player1x
   3269  f9fa				   .L0200		;  player1y  =  38
   3270  f9fa
   3271  f9fa		       a9 26		      LDA	#38
   3272  f9fc		       85 86		      STA	player1y
   3273  f9fe				   .L0201		;  goto mainloop
   3274  f9fe
   3275  f9fe		       4c 7d f5 	      jmp	.mainloop
   3276  fa01
   3277  fa01				   .Chic3
   3278  fa01							; Chic3
   3279  fa01
   3280  fa01				   .
   3281  fa01							;
   3282  fa01
   3283  fa01				   .L0202		;  player1x  =  108
   3284  fa01
   3285  fa01		       a9 6c		      LDA	#108
   3286  fa03		       85 81		      STA	player1x
   3287  fa05				   .L0203		;  player1y  =  56
   3288  fa05
   3289  fa05		       a9 38		      LDA	#56
   3290  fa07		       85 86		      STA	player1y
   3291  fa09				   .L0204		;  goto mainloop
   3292  fa09
   3293  fa09		       4c 7d f5 	      jmp	.mainloop
   3294  fa0c
   3295  fa0c				   .Chic4
   3296  fa0c							; Chic4
   3297  fa0c
   3298  fa0c				   .
   3299  fa0c							;
   3300  fa0c
   3301  fa0c				   .L0205		;  player1x  =  90
   3302  fa0c
   3303  fa0c		       a9 5a		      LDA	#90
   3304  fa0e		       85 81		      STA	player1x
   3305  fa10				   .L0206		;  player1y  =  72
   3306  fa10
   3307  fa10		       a9 48		      LDA	#72
   3308  fa12		       85 86		      STA	player1y
   3309  fa14				   .L0207		;  goto mainloop
   3310  fa14
   3311  fa14		       4c 7d f5 	      jmp	.mainloop
   3312  fa17
   3313  fa17				   .ChicJump
   3314  fa17							; ChicJump
   3315  fa17
   3316  fa17				   .
   3317  fa17							;
   3318  fa17
   3319  fa17				   .L0208		;  if doorctl{2} then Chic_Tick = 0 : player1x = 82 : player1y = 4 : goto mainloop
   3320  fa17
   3321  fa17		       a5 d4		      LDA	doorctl
   3322  fa19		       29 04		      AND	#4
   3323  fa1b		       f0 0f		      BEQ	.skipL0208
   3324  fa1d				   .condpart52
   3325  fa1d		       a9 00		      LDA	#0
   3326  fa1f		       85 de		      STA	Chic_Tick
   3327  fa21		       a9 52		      LDA	#82
   3328  fa23		       85 81		      STA	player1x
   3329  fa25		       a9 04		      LDA	#4
   3330  fa27		       85 86		      STA	player1y
   3331  fa29		       4c 7d f5 	      jmp	.mainloop
   3332  fa2c
   3333  fa2c				   .skipL0208
   3334  fa2c				   .L0209		;  playfield:
   3335  fa2c
   3336  fa2c				  -	      ifconst	pfres
   3337  fa2c				  -	      ldx	#(12>pfres)*(pfres*pfwidth-1)+(12<=pfres)*47
   3338  fa2c					      else
   3339  fa2c		       a2 2f		      ldx	#((12*pfwidth-1)*((12*pfwidth-1)<47))+(47*((12*pfwidth-1)>=47))
   3340  fa2e					      endif
   3341  fa2e		       4c 61 fa 	      jmp	pflabel4
   3342  fa31				   PF_data4
   3343  fa31		       7f ff		      .byte.b	%01111111, %11111111
   3344  fa33					      if	(pfwidth>2)
   3345  fa33		       ff 7f		      .byte.b	%11111111, %01111111
   3346  fa35					      endif
   3347  fa35		       40 00		      .byte.b	%01000000, %00000000
   3348  fa37					      if	(pfwidth>2)
   3349  fa37		       00 40		      .byte.b	%00000000, %01000000
   3350  fa39					      endif
   3351  fa39		       41 1f		      .byte.b	%01000001, %00011111
   3352  fa3b					      if	(pfwidth>2)
   3353  fa3b		       3f 40		      .byte.b	%00111111, %01000000
   3354  fa3d					      endif
   3355  fa3d		       41 1f		      .byte.b	%01000001, %00011111
   3356  fa3f					      if	(pfwidth>2)
   3357  fa3f		       3f 40		      .byte.b	%00111111, %01000000
   3358  fa41					      endif
   3359  fa41		       41 1f		      .byte.b	%01000001, %00011111
   3360  fa43					      if	(pfwidth>2)
   3361  fa43		       3f 40		      .byte.b	%00111111, %01000000
   3362  fa45					      endif
   3363  fa45		       40 00		      .byte.b	%01000000, %00000000
   3364  fa47					      if	(pfwidth>2)
   3365  fa47		       00 40		      .byte.b	%00000000, %01000000
   3366  fa49					      endif
   3367  fa49		       40 00		      .byte.b	%01000000, %00000000
   3368  fa4b					      if	(pfwidth>2)
   3369  fa4b		       00 40		      .byte.b	%00000000, %01000000
   3370  fa4d					      endif
   3371  fa4d		       40 f0		      .byte.b	%01000000, %11110000
   3372  fa4f					      if	(pfwidth>2)
   3373  fa4f		       e0 40		      .byte.b	%11100000, %01000000
   3374  fa51					      endif
   3375  fa51		       40 c0		      .byte.b	%01000000, %11000000
   3376  fa53					      if	(pfwidth>2)
   3377  fa53		       80 40		      .byte.b	%10000000, %01000000
   3378  fa55					      endif
   3379  fa55		       40 f0		      .byte.b	%01000000, %11110000
   3380  fa57					      if	(pfwidth>2)
   3381  fa57		       e0 40		      .byte.b	%11100000, %01000000
   3382  fa59					      endif
   3383  fa59		       40 00		      .byte.b	%01000000, %00000000
   3384  fa5b					      if	(pfwidth>2)
   3385  fa5b		       00 40		      .byte.b	%00000000, %01000000
   3386  fa5d					      endif
   3387  fa5d		       7f ff		      .byte.b	%01111111, %11111111
   3388  fa5f					      if	(pfwidth>2)
   3389  fa5f		       ff 7f		      .byte.b	%11111111, %01111111
   3390  fa61					      endif
   3391  fa61				   pflabel4
   3392  fa61		       bd 31 fa 	      lda	PF_data4,x
   3393  fa64		       95 a4		      sta	playfield,x
   3394  fa66		       ca		      dex
   3395  fa67		       10 f8		      bpl	pflabel4
   3396  fa69				   .L0210		;  COLUPF = $1C : gosub __Sound : drawscreen
   3397  fa69
   3398  fa69		       a9 1c		      LDA	#$1C
   3399  fa6b		       85 08		      STA	COLUPF
   3400  fa6d		       20 8c fb 	      jsr	.__Sound
   3401  fa70		       20 c7 f3 	      jsr	drawscreen
   3402  fa73				   .L0211		;  if joy0fire then goto __Start else goto ChicJump
   3403  fa73
   3404  fa73		       24 0c		      bit	INPT4
   3405  fa75		       30 06		      BMI	.skipL0211
   3406  fa77				   .condpart53
   3407  fa77		       4c 06 f5 	      jmp	.__Start
   3408  fa7a		       4c 80 fa 	      jmp	.skipelse4
   3409  fa7d				   .skipL0211
   3410  fa7d		       4c 17 fa 	      jmp	.ChicJump
   3411  fa80
   3412  fa80				   .skipelse4
   3413  fa80				   .
   3414  fa80							;
   3415  fa80
   3416  fa80				   .__Foxy
   3417  fa80							; __Foxy
   3418  fa80
   3419  fa80				   .L0212		;  if doorctl{1} then Fox_Tick = 0 : ballx = 26 : bally = 18 : goto mainloop else Fox_Tick = Fox_Tick + 1
   3420  fa80
   3421  fa80		       a5 d4		      LDA	doorctl
   3422  fa82		       29 02		      AND	#2
   3423  fa84		       f0 12		      BEQ	.skipL0212
   3424  fa86				   .condpart54
   3425  fa86		       a9 00		      LDA	#0
   3426  fa88		       85 df		      STA	Fox_Tick
   3427  fa8a		       a9 1a		      LDA	#26
   3428  fa8c		       85 84		      STA	ballx
   3429  fa8e		       a9 12		      LDA	#18
   3430  fa90		       85 89		      STA	bally
   3431  fa92		       4c 7d f5 	      jmp	.mainloop
   3432  fa95		       4c 9a fa 	      jmp	.skipelse5
   3433  fa98				   .skipL0212
   3434  fa98		       e6 df		      INC	Fox_Tick
   3435  fa9a				   .skipelse5
   3436  fa9a				   .L0213		;  goto mainloop
   3437  fa9a
   3438  fa9a		       4c 7d f5 	      jmp	.mainloop
   3439  fa9d
   3440  fa9d				   .Fox1
   3441  fa9d							; Fox1
   3442  fa9d
   3443  fa9d				   .L0214		;  if doorctl{1} then Fox_Tick = 0 : ballx = 26 : bally = 18 : goto mainloop
   3444  fa9d
   3445  fa9d		       a5 d4		      LDA	doorctl
   3446  fa9f		       29 02		      AND	#2
   3447  faa1		       f0 0f		      BEQ	.skipL0214
   3448  faa3				   .condpart55
   3449  faa3		       a9 00		      LDA	#0
   3450  faa5		       85 df		      STA	Fox_Tick
   3451  faa7		       a9 1a		      LDA	#26
   3452  faa9		       85 84		      STA	ballx
   3453  faab		       a9 12		      LDA	#18
   3454  faad		       85 89		      STA	bally
   3455  faaf		       4c 7d f5 	      jmp	.mainloop
   3456  fab2
   3457  fab2				   .skipL0214
   3458  fab2				   .L0215		;  ballx  =  34
   3459  fab2
   3460  fab2		       a9 22		      LDA	#34
   3461  fab4		       85 84		      STA	ballx
   3462  fab6				   .L0216		;  bally  =  28
   3463  fab6
   3464  fab6		       a9 1c		      LDA	#28
   3465  fab8		       85 89		      STA	bally
   3466  faba				   .L0217		;  goto mainloop
   3467  faba
   3468  faba		       4c 7d f5 	      jmp	.mainloop
   3469  fabd
   3470  fabd				   .Fox2
   3471  fabd							; Fox2
   3472  fabd
   3473  fabd				   .L0218		;  if doorctl{1} then Fox_Tick = 0 : ballx = 26 : bally = 18 : goto mainloop
   3474  fabd
   3475  fabd		       a5 d4		      LDA	doorctl
   3476  fabf		       29 02		      AND	#2
   3477  fac1		       f0 0f		      BEQ	.skipL0218
   3478  fac3				   .condpart56
   3479  fac3		       a9 00		      LDA	#0
   3480  fac5		       85 df		      STA	Fox_Tick
   3481  fac7		       a9 1a		      LDA	#26
   3482  fac9		       85 84		      STA	ballx
   3483  facb		       a9 12		      LDA	#18
   3484  facd		       85 89		      STA	bally
   3485  facf		       4c 7d f5 	      jmp	.mainloop
   3486  fad2
   3487  fad2				   .skipL0218
   3488  fad2				   .L0219		;  ballx  =  42
   3489  fad2
   3490  fad2		       a9 2a		      LDA	#42
   3491  fad4		       85 84		      STA	ballx
   3492  fad6				   .L0220		;  bally  =  40
   3493  fad6
   3494  fad6		       a9 28		      LDA	#40
   3495  fad8		       85 89		      STA	bally
   3496  fada				   .L0221		;  goto mainloop
   3497  fada
   3498  fada		       4c 7d f5 	      jmp	.mainloop
   3499  fadd
   3500  fadd				   .Fox3
   3501  fadd							; Fox3
   3502  fadd
   3503  fadd				   .L0222		;  if doorctl{1} then Fox_Tick = 0 : ballx = 26 : bally = 18 : goto mainloop
   3504  fadd
   3505  fadd		       a5 d4		      LDA	doorctl
   3506  fadf		       29 02		      AND	#2
   3507  fae1		       f0 0f		      BEQ	.skipL0222
   3508  fae3				   .condpart57
   3509  fae3		       a9 00		      LDA	#0
   3510  fae5		       85 df		      STA	Fox_Tick
   3511  fae7		       a9 1a		      LDA	#26
   3512  fae9		       85 84		      STA	ballx
   3513  faeb		       a9 12		      LDA	#18
   3514  faed		       85 89		      STA	bally
   3515  faef		       4c 7d f5 	      jmp	.mainloop
   3516  faf2
   3517  faf2				   .skipL0222
   3518  faf2				   .L0223		;  ballx  =  52
   3519  faf2
   3520  faf2		       a9 34		      LDA	#52
   3521  faf4		       85 84		      STA	ballx
   3522  faf6				   .L0224		;  bally  =  52
   3523  faf6
   3524  faf6		       a9 34		      LDA	#52
   3525  faf8		       85 89		      STA	bally
   3526  fafa				   .L0225		;  goto mainloop
   3527  fafa
   3528  fafa		       4c 7d f5 	      jmp	.mainloop
   3529  fafd
   3530  fafd				   .Fox4
   3531  fafd							; Fox4
   3532  fafd
   3533  fafd				   .L0226		;  if doorctl{1} then Fox_Tick = 0 : ballx = 26 : bally = 18 : goto mainloop
   3534  fafd
   3535  fafd		       a5 d4		      LDA	doorctl
   3536  faff		       29 02		      AND	#2
   3537  fb01		       f0 0f		      BEQ	.skipL0226
   3538  fb03				   .condpart58
   3539  fb03		       a9 00		      LDA	#0
   3540  fb05		       85 df		      STA	Fox_Tick
   3541  fb07		       a9 1a		      LDA	#26
   3542  fb09		       85 84		      STA	ballx
   3543  fb0b		       a9 12		      LDA	#18
   3544  fb0d		       85 89		      STA	bally
   3545  fb0f		       4c 7d f5 	      jmp	.mainloop
   3546  fb12
   3547  fb12				   .skipL0226
   3548  fb12				   .L0227		;  ballx  =  60
   3549  fb12
   3550  fb12		       a9 3c		      LDA	#60
   3551  fb14		       85 84		      STA	ballx
   3552  fb16				   .L0228		;  bally  =  64
   3553  fb16
   3554  fb16		       a9 40		      LDA	#64
   3555  fb18		       85 89		      STA	bally
   3556  fb1a				   .L0229		;  goto mainloop
   3557  fb1a
   3558  fb1a		       4c 7d f5 	      jmp	.mainloop
   3559  fb1d
   3560  fb1d				   .FoxJump
   3561  fb1d							; FoxJump
   3562  fb1d
   3563  fb1d				   .
   3564  fb1d							;
   3565  fb1d
   3566  fb1d				   .
   3567  fb1d							;
   3568  fb1d
   3569  fb1d				   .
   3570  fb1d							;
   3571  fb1d
   3572  fb1d				   .L0230		;  ballx  =  68
   3573  fb1d
   3574  fb1d		       a9 44		      LDA	#68
   3575  fb1f		       85 84		      STA	ballx
   3576  fb21				   .L0231		;  bally  =  81
   3577  fb21
   3578  fb21		       a9 51		      LDA	#81
   3579  fb23		       85 89		      STA	bally
   3580  fb25				   .L0232		;  if collision(ball,missile0) then Fox_Tick = 0 : ballx = 26 : bally = 18 : goto mainloop
   3581  fb25
   3582  fb25		       24 04		      bit	CXM0FB
   3583  fb27		       50 0f		      BVC	.skipL0232
   3584  fb29				   .condpart59
   3585  fb29		       a9 00		      LDA	#0
   3586  fb2b		       85 df		      STA	Fox_Tick
   3587  fb2d		       a9 1a		      LDA	#26
   3588  fb2f		       85 84		      STA	ballx
   3589  fb31		       a9 12		      LDA	#18
   3590  fb33		       85 89		      STA	bally
   3591  fb35		       4c 7d f5 	      jmp	.mainloop
   3592  fb38
   3593  fb38				   .skipL0232
   3594  fb38				   .L0233		;  playfield:
   3595  fb38
   3596  fb38				  -	      ifconst	pfres
   3597  fb38				  -	      ldx	#(12>pfres)*(pfres*pfwidth-1)+(12<=pfres)*47
   3598  fb38					      else
   3599  fb38		       a2 2f		      ldx	#((12*pfwidth-1)*((12*pfwidth-1)<47))+(47*((12*pfwidth-1)>=47))
   3600  fb3a					      endif
   3601  fb3a		       4c 6d fb 	      jmp	pflabel5
   3602  fb3d				   PF_data5
   3603  fb3d		       f8 00		      .byte.b	%11111000, %00000000
   3604  fb3f					      if	(pfwidth>2)
   3605  fb3f		       00 f8		      .byte.b	%00000000, %11111000
   3606  fb41					      endif
   3607  fb41		       f8 00		      .byte.b	%11111000, %00000000
   3608  fb43					      if	(pfwidth>2)
   3609  fb43		       00 f8		      .byte.b	%00000000, %11111000
   3610  fb45					      endif
   3611  fb45		       38 00		      .byte.b	%00111000, %00000000
   3612  fb47					      if	(pfwidth>2)
   3613  fb47		       00 38		      .byte.b	%00000000, %00111000
   3614  fb49					      endif
   3615  fb49		       1f ff		      .byte.b	%00011111, %11111111
   3616  fb4b					      if	(pfwidth>2)
   3617  fb4b		       ff 1f		      .byte.b	%11111111, %00011111
   3618  fb4d					      endif
   3619  fb4d		       10 00		      .byte.b	%00010000, %00000000
   3620  fb4f					      if	(pfwidth>2)
   3621  fb4f		       0f 11		      .byte.b	%00001111, %00010001
   3622  fb51					      endif
   3623  fb51		       10 00		      .byte.b	%00010000, %00000000
   3624  fb53					      if	(pfwidth>2)
   3625  fb53		       0f 11		      .byte.b	%00001111, %00010001
   3626  fb55					      endif
   3627  fb55		       20 f0		      .byte.b	%00100000, %11110000
   3628  fb57					      if	(pfwidth>2)
   3629  fb57		       f0 20		      .byte.b	%11110000, %00100000
   3630  fb59					      endif
   3631  fb59		       40 90		      .byte.b	%01000000, %10010000
   3632  fb5b					      if	(pfwidth>2)
   3633  fb5b		       90 40		      .byte.b	%10010000, %01000000
   3634  fb5d					      endif
   3635  fb5d		       20 e0		      .byte.b	%00100000, %11100000
   3636  fb5f					      if	(pfwidth>2)
   3637  fb5f		       e0 20		      .byte.b	%11100000, %00100000
   3638  fb61					      endif
   3639  fb61		       10 10		      .byte.b	%00010000, %00010000
   3640  fb63					      if	(pfwidth>2)
   3641  fb63		       10 10		      .byte.b	%00010000, %00010000
   3642  fb65					      endif
   3643  fb65		       10 f0		      .byte.b	%00010000, %11110000
   3644  fb67					      if	(pfwidth>2)
   3645  fb67		       f0 10		      .byte.b	%11110000, %00010000
   3646  fb69					      endif
   3647  fb69		       1f ff		      .byte.b	%00011111, %11111111
   3648  fb6b					      if	(pfwidth>2)
   3649  fb6b		       ff 1f		      .byte.b	%11111111, %00011111
   3650  fb6d					      endif
   3651  fb6d				   pflabel5
   3652  fb6d		       bd 3d fb 	      lda	PF_data5,x
   3653  fb70		       95 a4		      sta	playfield,x
   3654  fb72		       ca		      dex
   3655  fb73		       10 f8		      bpl	pflabel5
   3656  fb75				   .
   3657  fb75							;
   3658  fb75
   3659  fb75				   .L0234		;  COLUPF = $34 : gosub __Sound : drawscreen
   3660  fb75
   3661  fb75		       a9 34		      LDA	#$34
   3662  fb77		       85 08		      STA	COLUPF
   3663  fb79		       20 8c fb 	      jsr	.__Sound
   3664  fb7c		       20 c7 f3 	      jsr	drawscreen
   3665  fb7f				   .L0235		;  if joy0fire then goto __Start else goto FoxJump
   3666  fb7f
   3667  fb7f		       24 0c		      bit	INPT4
   3668  fb81		       30 06		      BMI	.skipL0235
   3669  fb83				   .condpart60
   3670  fb83		       4c 06 f5 	      jmp	.__Start
   3671  fb86		       4c 8c fb 	      jmp	.skipelse6
   3672  fb89				   .skipL0235
   3673  fb89		       4c 1d fb 	      jmp	.FoxJump
   3674  fb8c
   3675  fb8c				   .skipelse6
   3676  fb8c				   .__Sound
   3677  fb8c							; __Sound
   3678  fb8c
   3679  fb8c				   .
   3680  fb8c							;
   3681  fb8c
   3682  fb8c				   .L0236		;  AUDV0  =  15
   3683  fb8c
   3684  fb8c		       a9 0f		      LDA	#15
   3685  fb8e		       85 19		      STA	AUDV0
   3686  fb90				   .L0237		;  AUDC0  =  8
   3687  fb90
   3688  fb90		       a9 08		      LDA	#8
   3689  fb92		       85 15		      STA	AUDC0
   3690  fb94				   .L0238		;  AUDF0  =  rand  &  15
   3691  fb94
   3692  fb94		       20 b9 f3 	      jsr	randomize
   3693  fb97		       29 0f		      AND	#15
   3694  fb99		       85 17		      STA	AUDF0
   3695  fb9b				   .
   3696  fb9b							;
   3697  fb9b
   3698  fb9b				   .L0239		;  AUDV1  =  15
   3699  fb9b
   3700  fb9b		       a9 0f		      LDA	#15
   3701  fb9d		       85 1a		      STA	AUDV1
   3702  fb9f				   .L0240		;  AUDC1  =  4
   3703  fb9f
   3704  fb9f		       a9 04		      LDA	#4
   3705  fba1		       85 16		      STA	AUDC1
   3706  fba3				   .L0241		;  AUDF1  =  3
   3707  fba3
   3708  fba3		       a9 03		      LDA	#3
   3709  fba5		       85 18		      STA	AUDF1
   3710  fba7				   .L0242		;  return
   3711  fba7		       60		      RTS
   3712  fba8				  -	      if	(<*) > (<(*+15))
   3713  fba8				  -	      repeat	($100-<*)
   3714  fba8				  -	      .byte	0
   3715  fba8				  -	      repend
   3716  fba8					      endif
   3717  fba8				   playerL027_0
   3718  fba8		       6c		      .byte.b	%01101100
   3719  fba9		       24		      .byte.b	%00100100
   3720  fbaa		       3d		      .byte.b	%00111101
   3721  fbab		       3d		      .byte.b	%00111101
   3722  fbac		       3f		      .byte.b	%00111111
   3723  fbad		       1c		      .byte.b	%00011100
   3724  fbae		       08		      .byte.b	%00001000
   3725  fbaf		       1c		      .byte.b	%00011100
   3726  fbb0		       14		      .byte.b	%00010100
   3727  fbb1		       14		      .byte.b	%00010100
   3728  fbb2		       34		      .byte.b	%00110100
   3729  fbb3		       0c		      .byte.b	%00001100
   3730  fbb4		       00		      .byte.b	%00000000
   3731  fbb5		       00		      .byte.b	%00000000
   3732  fbb6		       00		      .byte.b	%00000000
   3733  fbb7		       00		      .byte.b	%00000000
   3734  fbb8				  -	      if	(<*) > (<(*+15))
   3735  fbb8				  -	      repeat	($100-<*)
   3736  fbb8				  -	      .byte	0
   3737  fbb8				  -	      repend
   3738  fbb8					      endif
   3739  fbb8				   playerL028_1
   3740  fbb8		       6c		      .byte.b	%01101100
   3741  fbb9		       24		      .byte.b	%00100100
   3742  fbba		       3c		      .byte.b	%00111100
   3743  fbbb		       3d		      .byte.b	%00111101
   3744  fbbc		       3d		      .byte.b	%00111101
   3745  fbbd		       1f		      .byte.b	%00011111
   3746  fbbe		       08		      .byte.b	%00001000
   3747  fbbf		       1c		      .byte.b	%00011100
   3748  fbc0		       08		      .byte.b	%00001000
   3749  fbc1		       00		      .byte.b	%00000000
   3750  fbc2		       00		      .byte.b	%00000000
   3751  fbc3		       00		      .byte.b	%00000000
   3752  fbc4		       00		      .byte.b	%00000000
   3753  fbc5		       00		      .byte.b	%00000000
   3754  fbc6		       00		      .byte.b	%00000000
   3755  fbc7		       00		      .byte.b	%00000000
   3756  fbc8					      if	ECHOFIRST
      980 bytes of ROM space left
   3757  fbc8					      echo	"    ",[(scoretable - *)]d , "bytes of ROM space left")
   3758  fbc8					      endif
   3759  fbc8		       00 01	   ECHOFIRST  =	1
   3760  fbc8
   3761  fbc8
   3762  fbc8
   3763  fbc8							; feel free to modify the score graphics - just keep each digit 8 highj
   3764  fbc8							; and keep the conditional compilation stuff intact
   3765  fbc8
   3766  fbc8		       00 50	   scorelength =	(LENDEC+LENHEX+LENSPACE+LENDOLLAR+LENPOUND+LENMRHAPPY+LENMRSAD+LENCOPYRIGHT+LENFUJI+LENHEART+LENDIAMOND+LENSPADE+LENCLUB+LENCOLON+LENBLOCK+LENUNDERLINE+LENARISIDE+LENARIFACE)
   3767  fbc8
   3768  fbc8				  -	      ifconst	ROM2k
   3769  fbc8				  -	      ORG	$F7FC-scorelength
   3770  fbc8					      else
   3771  fbc8				  -	      ifconst	bankswitch
   3772  fbc8				  -	      if	bankswitch == 8
   3773  fbc8				  -	      ORG	$2FE4-scorelength-bscode_length
   3774  fbc8				  -	      RORG	$FFE4-scorelength-bscode_length
   3775  fbc8				  -	      endif
   3776  fbc8				  -	      if	bankswitch == 16
   3777  fbc8				  -	      ORG	$4FE4-scorelength-bscode_length
   3778  fbc8				  -	      RORG	$FFE4-scorelength-bscode_length
   3779  fbc8				  -	      endif
   3780  fbc8				  -	      if	bankswitch == 32
   3781  fbc8				  -	      ORG	$8FE4-scorelength-bscode_length
   3782  fbc8				  -	      RORG	$FFE4-scorelength-bscode_length
   3783  fbc8				  -	      endif
   3784  fbc8					      else
   3785  ff9c					      ORG	$FFEC-scorelength
   3786  ff9c					      endif
   3787  ff9c					      endif
   3788  ff9c
   3789  ff9c		       00 00	   NOFONT     =	0
   3790  ff9c		       00 01	   STOCK      =	1	;_FONTNAME
   3791  ff9c		       00 02	   NEWCENTURY =	2	;_FONTNAME
   3792  ff9c		       00 03	   WHIMSEY    =	3	;_FONTNAME
   3793  ff9c		       00 04	   ALARMCLOCK =	4	;_FONTNAME
   3794  ff9c		       00 05	   HANDWRITTEN =	5	;_FONTNAME
   3795  ff9c		       00 06	   INTERRUPTED =	6	;_FONTNAME
   3796  ff9c		       00 07	   TINY       =	7	;_FONTNAME
   3797  ff9c		       00 08	   RETROPUTER =	8	;_FONTNAME
   3798  ff9c		       00 09	   CURVES     =	9	;_FONTNAME
   3799  ff9c		       00 0a	   HUSKY      =	10	;_FONTNAME
   3800  ff9c		       00 0b	   SNAKE      =	11	;_FONTNAME
   3801  ff9c		       00 0d	   PLOK       =	13	;_FONTNAME
   3802  ff9c		       00 0e	   SQUISH     =	14	;_FONTNAME
   3803  ff9c		       00 0f	   TINYTINY   =	15	;_FONTNAME
   3804  ff9c
   3805  ff9c		       00 00	   SYMBOLS    =	0	;_FONTNAME 
   3806  ff9c
   3807  ff9c							; ### setup some defaults
   3808  ff9c				  -	      ifnconst	fontstyle
   3809  ff9c				  -fontstyle  =	STOCK
   3810  ff9c					      endif
   3811  ff9c
   3812  ff9c				   scoretable
   3813  ff9c
   3814  ff9c					      if	fontstyle == STOCK
   3815  ff9c
   3816  ff9c		       00 50	   LENDEC     =	80
   3817  ff9c
   3818  ff9c							;byte %00000000 ; STOCK
   3819  ff9c
   3820  ff9c		       3c		      .byte.b	%00111100	; STOCK
   3821  ff9d		       66		      .byte.b	%01100110	; STOCK
   3822  ff9e		       66		      .byte.b	%01100110	; STOCK
   3823  ff9f		       66		      .byte.b	%01100110	; STOCK
   3824  ffa0		       66		      .byte.b	%01100110	; STOCK
   3825  ffa1		       66		      .byte.b	%01100110	; STOCK
   3826  ffa2		       66		      .byte.b	%01100110	; STOCK
   3827  ffa3		       3c		      .byte.b	%00111100	; STOCK
   3828  ffa4
   3829  ffa4							;byte %00000000 ; STOCK
   3830  ffa4
   3831  ffa4		       7e		      .byte.b	%01111110	; STOCK
   3832  ffa5		       18		      .byte.b	%00011000	; STOCK
   3833  ffa6		       18		      .byte.b	%00011000	; STOCK
   3834  ffa7		       18		      .byte.b	%00011000	; STOCK
   3835  ffa8		       18		      .byte.b	%00011000	; STOCK
   3836  ffa9		       38		      .byte.b	%00111000	; STOCK
   3837  ffaa		       18		      .byte.b	%00011000	; STOCK
   3838  ffab		       08		      .byte.b	%00001000	; STOCK
   3839  ffac
   3840  ffac							;byte %00000000 ; STOCK
   3841  ffac
   3842  ffac		       7e		      .byte.b	%01111110	; STOCK
   3843  ffad		       60		      .byte.b	%01100000	; STOCK
   3844  ffae		       60		      .byte.b	%01100000	; STOCK
   3845  ffaf		       3c		      .byte.b	%00111100	; STOCK
   3846  ffb0		       06		      .byte.b	%00000110	; STOCK
   3847  ffb1		       06		      .byte.b	%00000110	; STOCK
   3848  ffb2		       46		      .byte.b	%01000110	; STOCK
   3849  ffb3		       3c		      .byte.b	%00111100	; STOCK
   3850  ffb4
   3851  ffb4							;byte %00000000 ; STOCK
   3852  ffb4
   3853  ffb4		       3c		      .byte.b	%00111100	; STOCK
   3854  ffb5		       46		      .byte.b	%01000110	; STOCK
   3855  ffb6		       06		      .byte.b	%00000110	; STOCK
   3856  ffb7		       06		      .byte.b	%00000110	; STOCK
   3857  ffb8		       1c		      .byte.b	%00011100	; STOCK
   3858  ffb9		       06		      .byte.b	%00000110	; STOCK
   3859  ffba		       46		      .byte.b	%01000110	; STOCK
   3860  ffbb		       3c		      .byte.b	%00111100	; STOCK
   3861  ffbc
   3862  ffbc							;byte %00000000 ; STOCK
   3863  ffbc
   3864  ffbc		       0c		      .byte.b	%00001100	; STOCK
   3865  ffbd		       0c		      .byte.b	%00001100	; STOCK
   3866  ffbe		       7e		      .byte.b	%01111110	; STOCK
   3867  ffbf		       4c		      .byte.b	%01001100	; STOCK
   3868  ffc0		       4c		      .byte.b	%01001100	; STOCK
   3869  ffc1		       2c		      .byte.b	%00101100	; STOCK
   3870  ffc2		       1c		      .byte.b	%00011100	; STOCK
   3871  ffc3		       0c		      .byte.b	%00001100	; STOCK
   3872  ffc4
   3873  ffc4							;byte %00000000 ; STOCK
   3874  ffc4
   3875  ffc4		       3c		      .byte.b	%00111100	; STOCK
   3876  ffc5		       46		      .byte.b	%01000110	; STOCK
   3877  ffc6		       06		      .byte.b	%00000110	; STOCK
   3878  ffc7		       06		      .byte.b	%00000110	; STOCK
   3879  ffc8		       3c		      .byte.b	%00111100	; STOCK
   3880  ffc9		       60		      .byte.b	%01100000	; STOCK
   3881  ffca		       60		      .byte.b	%01100000	; STOCK
   3882  ffcb		       7e		      .byte.b	%01111110	; STOCK
   3883  ffcc
   3884  ffcc							;byte %00000000 ; STOCK
   3885  ffcc
   3886  ffcc		       3c		      .byte.b	%00111100	; STOCK
   3887  ffcd		       66		      .byte.b	%01100110	; STOCK
   3888  ffce		       66		      .byte.b	%01100110	; STOCK
   3889  ffcf		       66		      .byte.b	%01100110	; STOCK
   3890  ffd0		       7c		      .byte.b	%01111100	; STOCK
   3891  ffd1		       60		      .byte.b	%01100000	; STOCK
   3892  ffd2		       62		      .byte.b	%01100010	; STOCK
   3893  ffd3		       3c		      .byte.b	%00111100	; STOCK
   3894  ffd4
   3895  ffd4							;byte %00000000 ; STOCK
   3896  ffd4
   3897  ffd4		       30		      .byte.b	%00110000	; STOCK
   3898  ffd5		       30		      .byte.b	%00110000	; STOCK
   3899  ffd6		       30		      .byte.b	%00110000	; STOCK
   3900  ffd7		       18		      .byte.b	%00011000	; STOCK
   3901  ffd8		       0c		      .byte.b	%00001100	; STOCK
   3902  ffd9		       06		      .byte.b	%00000110	; STOCK
   3903  ffda		       42		      .byte.b	%01000010	; STOCK
   3904  ffdb		       3e		      .byte.b	%00111110	; STOCK
   3905  ffdc
   3906  ffdc							;byte %00000000 ; STOCK
   3907  ffdc
   3908  ffdc		       3c		      .byte.b	%00111100	; STOCK
   3909  ffdd		       66		      .byte.b	%01100110	; STOCK
   3910  ffde		       66		      .byte.b	%01100110	; STOCK
   3911  ffdf		       66		      .byte.b	%01100110	; STOCK
   3912  ffe0		       3c		      .byte.b	%00111100	; STOCK
   3913  ffe1		       66		      .byte.b	%01100110	; STOCK
   3914  ffe2		       66		      .byte.b	%01100110	; STOCK
   3915  ffe3		       3c		      .byte.b	%00111100	; STOCK
   3916  ffe4
   3917  ffe4							;byte %00000000 ; STOCK
   3918  ffe4
   3919  ffe4		       3c		      .byte.b	%00111100	; STOCK
   3920  ffe5		       46		      .byte.b	%01000110	; STOCK
   3921  ffe6		       06		      .byte.b	%00000110	; STOCK
   3922  ffe7		       3e		      .byte.b	%00111110	; STOCK
   3923  ffe8		       66		      .byte.b	%01100110	; STOCK
   3924  ffe9		       66		      .byte.b	%01100110	; STOCK
   3925  ffea		       66		      .byte.b	%01100110	; STOCK
   3926  ffeb		       3c		      .byte.b	%00111100	; STOCK
   3927  ffec
   3928  ffec							;byte %00000000 ; STOCK
   3929  ffec
   3930  ffec				  -	      ifconst	fontcharsHEX
   3931  ffec				  -LENHEX     =	48
   3932  ffec				  -
   3933  ffec				  -	      .byte	%01100110	; STOCK
   3934  ffec				  -	      .byte	%01100110	; STOCK
   3935  ffec				  -	      .byte	%01100110	; STOCK
   3936  ffec				  -	      .byte	%01111110	; STOCK
   3937  ffec				  -	      .byte	%01100110	; STOCK
   3938  ffec				  -	      .byte	%01100110	; STOCK
   3939  ffec				  -	      .byte	%01100110	; STOCK
   3940  ffec				  -	      .byte	%00111100	; STOCK
   3941  ffec				  -
   3942  ffec				  -			;byte %00000000 ; STOCK
   3943  ffec				  -
   3944  ffec				  -	      .byte	%01111100	; STOCK
   3945  ffec				  -	      .byte	%01100110	; STOCK
   3946  ffec				  -	      .byte	%01100110	; STOCK
   3947  ffec				  -	      .byte	%01100110	; STOCK
   3948  ffec				  -	      .byte	%01111100	; STOCK
   3949  ffec				  -	      .byte	%01100110	; STOCK
   3950  ffec				  -	      .byte	%01100110	; STOCK
   3951  ffec				  -	      .byte	%01111100	; STOCK
   3952  ffec				  -
   3953  ffec				  -			;byte %00000000 ; STOCK
   3954  ffec				  -
   3955  ffec				  -	      .byte	%00111100	; STOCK
   3956  ffec				  -	      .byte	%01100110	; STOCK
   3957  ffec				  -	      .byte	%01100000	; STOCK
   3958  ffec				  -	      .byte	%01100000	; STOCK
   3959  ffec				  -	      .byte	%01100000	; STOCK
   3960  ffec				  -	      .byte	%01100000	; STOCK
   3961  ffec				  -	      .byte	%01100110	; STOCK
   3962  ffec				  -	      .byte	%00111100	; STOCK
   3963  ffec				  -
   3964  ffec				  -			;byte %00000000 ; STOCK
   3965  ffec				  -
   3966  ffec				  -	      .byte	%01111100	; STOCK
   3967  ffec				  -	      .byte	%01100110	; STOCK
   3968  ffec				  -	      .byte	%01100110	; STOCK
   3969  ffec				  -	      .byte	%01100110	; STOCK
   3970  ffec				  -	      .byte	%01100110	; STOCK
   3971  ffec				  -	      .byte	%01100110	; STOCK
   3972  ffec				  -	      .byte	%01100110	; STOCK
   3973  ffec				  -	      .byte	%01111100	; STOCK
   3974  ffec				  -
   3975  ffec				  -			;byte %00000000 ; STOCK
   3976  ffec				  -
   3977  ffec				  -	      .byte	%01111110	; STOCK
   3978  ffec				  -	      .byte	%01100000	; STOCK
   3979  ffec				  -	      .byte	%01100000	; STOCK
   3980  ffec				  -	      .byte	%01100000	; STOCK
   3981  ffec				  -	      .byte	%01111100	; STOCK
   3982  ffec				  -	      .byte	%01100000	; STOCK
   3983  ffec				  -	      .byte	%01100000	; STOCK
   3984  ffec				  -	      .byte	%01111110	; STOCK
   3985  ffec				  -
   3986  ffec				  -			;byte %00000000 ; STOCK
   3987  ffec				  -
   3988  ffec				  -	      .byte	%01100000	; STOCK
   3989  ffec				  -	      .byte	%01100000	; STOCK
   3990  ffec				  -	      .byte	%01100000	; STOCK
   3991  ffec				  -	      .byte	%01100000	; STOCK
   3992  ffec				  -	      .byte	%01111100	; STOCK
   3993  ffec				  -	      .byte	%01100000	; STOCK
   3994  ffec				  -	      .byte	%01100000	; STOCK
   3995  ffec				  -	      .byte	%01111110	; STOCK
   3996  ffec				  -
   3997  ffec				  -			;byte %00000000 ; STOCK
   3998  ffec				  -			;byte %00000000 ; STOCK
   3999  ffec				  -			;byte %00000000 ; STOCK
   4000  ffec				  -			;byte %00000000 ; STOCK
   4001  ffec				  -
   4002  ffec					      else
   4003  ffec		       00 00	   LENHEX     =	0
   4004  ffec					      endif		; fontcharsHEX 
   4005  ffec					      endif		; STOCK
   4006  ffec
   4007  ffec				  -	      if	fontstyle == NEWCENTURY
   4008  ffec				  -LENDEC     =	80
   4009  ffec				  -			;byte %00000000 ; NEWCENTURY
   4010  ffec				  -
   4011  ffec				  -	      .byte	%00111100	; NEWCENTURY
   4012  ffec				  -	      .byte	%01000010	; NEWCENTURY
   4013  ffec				  -	      .byte	%01000010	; NEWCENTURY
   4014  ffec				  -	      .byte	%01000010	; NEWCENTURY
   4015  ffec				  -	      .byte	%00100100	; NEWCENTURY
   4016  ffec				  -	      .byte	%00100100	; NEWCENTURY
   4017  ffec				  -	      .byte	%00100100	; NEWCENTURY
   4018  ffec				  -	      .byte	%00011000	; NEWCENTURY
   4019  ffec				  -
   4020  ffec				  -			;byte %00000000 ; NEWCENTURY
   4021  ffec				  -
   4022  ffec				  -	      .byte	%00001000	; NEWCENTURY
   4023  ffec				  -	      .byte	%00001000	; NEWCENTURY
   4024  ffec				  -	      .byte	%00001000	; NEWCENTURY
   4025  ffec				  -	      .byte	%00001000	; NEWCENTURY
   4026  ffec				  -	      .byte	%00001000	; NEWCENTURY
   4027  ffec				  -	      .byte	%00001000	; NEWCENTURY
   4028  ffec				  -	      .byte	%00001000	; NEWCENTURY
   4029  ffec				  -	      .byte	%00001000	; NEWCENTURY
   4030  ffec				  -
   4031  ffec				  -			;byte %00000000 ; NEWCENTURY
   4032  ffec				  -
   4033  ffec				  -	      .byte	%01111110	; NEWCENTURY
   4034  ffec				  -	      .byte	%01000000	; NEWCENTURY
   4035  ffec				  -	      .byte	%01000000	; NEWCENTURY
   4036  ffec				  -	      .byte	%00100000	; NEWCENTURY
   4037  ffec				  -	      .byte	%00011100	; NEWCENTURY
   4038  ffec				  -	      .byte	%00000010	; NEWCENTURY
   4039  ffec				  -	      .byte	%00000010	; NEWCENTURY
   4040  ffec				  -	      .byte	%00011100	; NEWCENTURY
   4041  ffec				  -
   4042  ffec				  -			;byte %00000000 ; NEWCENTURY
   4043  ffec				  -
   4044  ffec				  -	      .byte	%01111100	; NEWCENTURY
   4045  ffec				  -	      .byte	%00000010	; NEWCENTURY
   4046  ffec				  -	      .byte	%00000010	; NEWCENTURY
   4047  ffec				  -	      .byte	%00000010	; NEWCENTURY
   4048  ffec				  -	      .byte	%00111100	; NEWCENTURY
   4049  ffec				  -	      .byte	%00000010	; NEWCENTURY
   4050  ffec				  -	      .byte	%00000010	; NEWCENTURY
   4051  ffec				  -	      .byte	%00011100	; NEWCENTURY
   4052  ffec				  -
   4053  ffec				  -			;byte %00000000 ; NEWCENTURY
   4054  ffec				  -
   4055  ffec				  -	      .byte	%00000010	; NEWCENTURY
   4056  ffec				  -	      .byte	%00000010	; NEWCENTURY
   4057  ffec				  -	      .byte	%00000010	; NEWCENTURY
   4058  ffec				  -	      .byte	%00111110	; NEWCENTURY
   4059  ffec				  -	      .byte	%00100010	; NEWCENTURY
   4060  ffec				  -	      .byte	%00100010	; NEWCENTURY
   4061  ffec				  -	      .byte	%00010010	; NEWCENTURY
   4062  ffec				  -	      .byte	%00010010	; NEWCENTURY
   4063  ffec				  -
   4064  ffec				  -			;byte %00000000 ; NEWCENTURY
   4065  ffec				  -
   4066  ffec				  -	      .byte	%01111100	; NEWCENTURY
   4067  ffec				  -	      .byte	%00000010	; NEWCENTURY
   4068  ffec				  -	      .byte	%00000010	; NEWCENTURY
   4069  ffec				  -	      .byte	%00000010	; NEWCENTURY
   4070  ffec				  -	      .byte	%01111100	; NEWCENTURY
   4071  ffec				  -	      .byte	%01000000	; NEWCENTURY
   4072  ffec				  -	      .byte	%01000000	; NEWCENTURY
   4073  ffec				  -	      .byte	%01111000	; NEWCENTURY
   4074  ffec				  -
   4075  ffec				  -			;byte %00000000 ; NEWCENTURY
   4076  ffec				  -
   4077  ffec				  -	      .byte	%00111100	; NEWCENTURY
   4078  ffec				  -	      .byte	%01000010	; NEWCENTURY
   4079  ffec				  -	      .byte	%01000010	; NEWCENTURY
   4080  ffec				  -	      .byte	%01000010	; NEWCENTURY
   4081  ffec				  -	      .byte	%01111100	; NEWCENTURY
   4082  ffec				  -	      .byte	%01000000	; NEWCENTURY
   4083  ffec				  -	      .byte	%01000000	; NEWCENTURY
   4084  ffec				  -	      .byte	%00110000	; NEWCENTURY
   4085  ffec				  -
   4086  ffec				  -			;byte %00000000 ; NEWCENTURY
   4087  ffec				  -
   4088  ffec				  -	      .byte	%00010000	; NEWCENTURY
   4089  ffec				  -	      .byte	%00010000	; NEWCENTURY
   4090  ffec				  -	      .byte	%00001000	; NEWCENTURY
   4091  ffec				  -	      .byte	%00001000	; NEWCENTURY
   4092  ffec				  -	      .byte	%00000100	; NEWCENTURY
   4093  ffec				  -	      .byte	%00000100	; NEWCENTURY
   4094  ffec				  -	      .byte	%00000010	; NEWCENTURY
   4095  ffec				  -	      .byte	%00011110	; NEWCENTURY
   4096  ffec				  -
   4097  ffec				  -			;byte %00000000 ; NEWCENTURY
   4098  ffec				  -
   4099  ffec				  -	      .byte	%00111100	; NEWCENTURY
   4100  ffec				  -	      .byte	%01000010	; NEWCENTURY
   4101  ffec				  -	      .byte	%01000010	; NEWCENTURY
   4102  ffec				  -	      .byte	%01000010	; NEWCENTURY
   4103  ffec				  -	      .byte	%00111100	; NEWCENTURY
   4104  ffec				  -	      .byte	%00100100	; NEWCENTURY
   4105  ffec				  -	      .byte	%00100100	; NEWCENTURY
   4106  ffec				  -	      .byte	%00011000	; NEWCENTURY
   4107  ffec				  -
   4108  ffec				  -			;byte %00000000 ; NEWCENTURY
   4109  ffec				  -
   4110  ffec				  -	      .byte	%00111100	; NEWCENTURY
   4111  ffec				  -	      .byte	%00000010	; NEWCENTURY
   4112  ffec				  -	      .byte	%00000010	; NEWCENTURY
   4113  ffec				  -	      .byte	%00000010	; NEWCENTURY
   4114  ffec				  -	      .byte	%00001110	; NEWCENTURY
   4115  ffec				  -	      .byte	%00010010	; NEWCENTURY
   4116  ffec				  -	      .byte	%00010010	; NEWCENTURY
   4117  ffec				  -	      .byte	%00001100	; NEWCENTURY
   4118  ffec				  -
   4119  ffec				  -	      ifconst	fontcharsHEX
   4120  ffec				  -LENHEX     =	48
   4121  ffec				  -
   4122  ffec				  -			;byte %00000000 ; NEWCENTURY
   4123  ffec				  -
   4124  ffec				  -	      .byte	%01000010	; NEWCENTURY
   4125  ffec				  -	      .byte	%01000010	; NEWCENTURY
   4126  ffec				  -	      .byte	%01000010	; NEWCENTURY
   4127  ffec				  -	      .byte	%01000010	; NEWCENTURY
   4128  ffec				  -	      .byte	%01111100	; NEWCENTURY
   4129  ffec				  -	      .byte	%01000100	; NEWCENTURY
   4130  ffec				  -	      .byte	%01000100	; NEWCENTURY
   4131  ffec				  -	      .byte	%00111000	; NEWCENTURY
   4132  ffec				  -
   4133  ffec				  -			;byte %00000000 ; NEWCENTURY
   4134  ffec				  -
   4135  ffec				  -	      .byte	%01111100	; NEWCENTURY
   4136  ffec				  -	      .byte	%01000010	; NEWCENTURY
   4137  ffec				  -	      .byte	%01000010	; NEWCENTURY
   4138  ffec				  -	      .byte	%01000010	; NEWCENTURY
   4139  ffec				  -	      .byte	%01111100	; NEWCENTURY
   4140  ffec				  -	      .byte	%01000100	; NEWCENTURY
   4141  ffec				  -	      .byte	%01000100	; NEWCENTURY
   4142  ffec				  -	      .byte	%01111000	; NEWCENTURY
   4143  ffec				  -
   4144  ffec				  -			;byte %00000000 ; NEWCENTURY
   4145  ffec				  -
   4146  ffec				  -	      .byte	%00111100	; NEWCENTURY
   4147  ffec				  -	      .byte	%01000010	; NEWCENTURY
   4148  ffec				  -	      .byte	%01000000	; NEWCENTURY
   4149  ffec				  -	      .byte	%01000000	; NEWCENTURY
   4150  ffec				  -	      .byte	%01000000	; NEWCENTURY
   4151  ffec				  -	      .byte	%01000000	; NEWCENTURY
   4152  ffec				  -	      .byte	%01000000	; NEWCENTURY
   4153  ffec				  -	      .byte	%00111000	; NEWCENTURY
   4154  ffec				  -
   4155  ffec				  -			;byte %00000000 ; NEWCENTURY
   4156  ffec				  -
   4157  ffec				  -	      .byte	%01111100	; NEWCENTURY
   4158  ffec				  -	      .byte	%01000010	; NEWCENTURY
   4159  ffec				  -	      .byte	%01000010	; NEWCENTURY
   4160  ffec				  -	      .byte	%01000010	; NEWCENTURY
   4161  ffec				  -	      .byte	%01000010	; NEWCENTURY
   4162  ffec				  -	      .byte	%01000100	; NEWCENTURY
   4163  ffec				  -	      .byte	%01000100	; NEWCENTURY
   4164  ffec				  -	      .byte	%01111000	; NEWCENTURY
   4165  ffec				  -
   4166  ffec				  -			;byte %00000000 ; NEWCENTURY
   4167  ffec				  -
   4168  ffec				  -	      .byte	%01111110	; NEWCENTURY
   4169  ffec				  -	      .byte	%01000000	; NEWCENTURY
   4170  ffec				  -	      .byte	%01000000	; NEWCENTURY
   4171  ffec				  -	      .byte	%01000000	; NEWCENTURY
   4172  ffec				  -	      .byte	%01111100	; NEWCENTURY
   4173  ffec				  -	      .byte	%01000000	; NEWCENTURY
   4174  ffec				  -	      .byte	%01000000	; NEWCENTURY
   4175  ffec				  -	      .byte	%01111000	; NEWCENTURY
   4176  ffec				  -
   4177  ffec				  -			;byte %00000000 ; NEWCENTURY
   4178  ffec				  -
   4179  ffec				  -	      .byte	%01000000	; NEWCENTURY
   4180  ffec				  -	      .byte	%01000000	; NEWCENTURY
   4181  ffec				  -	      .byte	%01000000	; NEWCENTURY
   4182  ffec				  -	      .byte	%01000000	; NEWCENTURY
   4183  ffec				  -	      .byte	%01111100	; NEWCENTURY
   4184  ffec				  -	      .byte	%01000000	; NEWCENTURY
   4185  ffec				  -	      .byte	%01000000	; NEWCENTURY
   4186  ffec				  -	      .byte	%01111000	; NEWCENTURY
   4187  ffec				  -
   4188  ffec				  -			;byte %00000000 ; NEWCENTURY
   4189  ffec				  -			;byte %00000000 ; NEWCENTURY
   4190  ffec				  -			;byte %00000000 ; NEWCENTURY
   4191  ffec				  -			;byte %00000000 ; NEWCENTURY
   4192  ffec				  -
   4193  ffec				  -	      else
   4194  ffec				  -LENHEX     =	0
   4195  ffec				  -	      endif		; fontcharsHEX 
   4196  ffec					      endif		; NEWCENTURY
   4197  ffec
   4198  ffec				  -	      if	fontstyle == WHIMSEY
   4199  ffec				  -LENDEC     =	80
   4200  ffec				  -			;byte %00000000 ; WHIMSEY
   4201  ffec				  -
   4202  ffec				  -	      .byte	%00111100	; WHIMSEY
   4203  ffec				  -	      .byte	%01111110	; WHIMSEY
   4204  ffec				  -	      .byte	%01111110	; WHIMSEY
   4205  ffec				  -	      .byte	%01111110	; WHIMSEY
   4206  ffec				  -	      .byte	%01110110	; WHIMSEY
   4207  ffec				  -	      .byte	%01110110	; WHIMSEY
   4208  ffec				  -	      .byte	%01110110	; WHIMSEY
   4209  ffec				  -	      .byte	%00111100	; WHIMSEY
   4210  ffec				  -
   4211  ffec				  -			;byte %00000000 ; WHIMSEY
   4212  ffec				  -
   4213  ffec				  -	      .byte	%01111110	; WHIMSEY
   4214  ffec				  -	      .byte	%01111110	; WHIMSEY
   4215  ffec				  -	      .byte	%01111110	; WHIMSEY
   4216  ffec				  -	      .byte	%00011000	; WHIMSEY
   4217  ffec				  -	      .byte	%00011000	; WHIMSEY
   4218  ffec				  -	      .byte	%00011000	; WHIMSEY
   4219  ffec				  -	      .byte	%01111000	; WHIMSEY
   4220  ffec				  -	      .byte	%00011000	; WHIMSEY
   4221  ffec				  -
   4222  ffec				  -			;byte %00000000 ; WHIMSEY
   4223  ffec				  -
   4224  ffec				  -	      .byte	%01111110	; WHIMSEY
   4225  ffec				  -	      .byte	%01111110	; WHIMSEY
   4226  ffec				  -	      .byte	%01111110	; WHIMSEY
   4227  ffec				  -	      .byte	%01111000	; WHIMSEY
   4228  ffec				  -	      .byte	%00111100	; WHIMSEY
   4229  ffec				  -	      .byte	%00001110	; WHIMSEY
   4230  ffec				  -	      .byte	%01100110	; WHIMSEY
   4231  ffec				  -	      .byte	%00111100	; WHIMSEY
   4232  ffec				  -
   4233  ffec				  -			;byte %00000000 ; WHIMSEY
   4234  ffec				  -
   4235  ffec				  -	      .byte	%00111100	; WHIMSEY
   4236  ffec				  -	      .byte	%01111110	; WHIMSEY
   4237  ffec				  -	      .byte	%01111110	; WHIMSEY
   4238  ffec				  -	      .byte	%01101110	; WHIMSEY
   4239  ffec				  -	      .byte	%00001110	; WHIMSEY
   4240  ffec				  -	      .byte	%00111100	; WHIMSEY
   4241  ffec				  -	      .byte	%00011100	; WHIMSEY
   4242  ffec				  -	      .byte	%01111110	; WHIMSEY
   4243  ffec				  -
   4244  ffec				  -			;byte %00000000 ; WHIMSEY
   4245  ffec				  -
   4246  ffec				  -	      .byte	%00011100	; WHIMSEY
   4247  ffec				  -	      .byte	%00011100	; WHIMSEY
   4248  ffec				  -	      .byte	%01111110	; WHIMSEY
   4249  ffec				  -	      .byte	%01011100	; WHIMSEY
   4250  ffec				  -	      .byte	%01011100	; WHIMSEY
   4251  ffec				  -	      .byte	%00011100	; WHIMSEY
   4252  ffec				  -	      .byte	%00011100	; WHIMSEY
   4253  ffec				  -	      .byte	%00011100	; WHIMSEY
   4254  ffec				  -
   4255  ffec				  -			;byte %00000000 ; WHIMSEY
   4256  ffec				  -
   4257  ffec				  -	      .byte	%00111100	; WHIMSEY
   4258  ffec				  -	      .byte	%01111110	; WHIMSEY
   4259  ffec				  -	      .byte	%01111110	; WHIMSEY
   4260  ffec				  -	      .byte	%01101110	; WHIMSEY
   4261  ffec				  -	      .byte	%00001110	; WHIMSEY
   4262  ffec				  -	      .byte	%01111100	; WHIMSEY
   4263  ffec				  -	      .byte	%01110000	; WHIMSEY
   4264  ffec				  -	      .byte	%01111110	; WHIMSEY
   4265  ffec				  -
   4266  ffec				  -			;byte %00000000 ; WHIMSEY
   4267  ffec				  -
   4268  ffec				  -	      .byte	%00111100	; WHIMSEY
   4269  ffec				  -	      .byte	%01111110	; WHIMSEY
   4270  ffec				  -	      .byte	%01111110	; WHIMSEY
   4271  ffec				  -	      .byte	%01110110	; WHIMSEY
   4272  ffec				  -	      .byte	%01110110	; WHIMSEY
   4273  ffec				  -	      .byte	%01111100	; WHIMSEY
   4274  ffec				  -	      .byte	%01110000	; WHIMSEY
   4275  ffec				  -	      .byte	%00111110	; WHIMSEY
   4276  ffec				  -
   4277  ffec				  -			;byte %00000000 ; WHIMSEY
   4278  ffec				  -
   4279  ffec				  -	      .byte	%01111000	; WHIMSEY
   4280  ffec				  -	      .byte	%01111000	; WHIMSEY
   4281  ffec				  -	      .byte	%01111000	; WHIMSEY
   4282  ffec				  -	      .byte	%00111100	; WHIMSEY
   4283  ffec				  -	      .byte	%00011100	; WHIMSEY
   4284  ffec				  -	      .byte	%00001110	; WHIMSEY
   4285  ffec				  -	      .byte	%00001110	; WHIMSEY
   4286  ffec				  -	      .byte	%01111110	; WHIMSEY
   4287  ffec				  -
   4288  ffec				  -			;byte %00000000 ; WHIMSEY
   4289  ffec				  -
   4290  ffec				  -	      .byte	%00111100	; WHIMSEY
   4291  ffec				  -	      .byte	%01111110	; WHIMSEY
   4292  ffec				  -	      .byte	%01111110	; WHIMSEY
   4293  ffec				  -	      .byte	%01110110	; WHIMSEY
   4294  ffec				  -	      .byte	%01110110	; WHIMSEY
   4295  ffec				  -	      .byte	%00111100	; WHIMSEY
   4296  ffec				  -	      .byte	%01110110	; WHIMSEY
   4297  ffec				  -	      .byte	%00111100	; WHIMSEY
   4298  ffec				  -
   4299  ffec				  -			;byte %00000000 ; WHIMSEY
   4300  ffec				  -
   4301  ffec				  -	      .byte	%00111100	; WHIMSEY
   4302  ffec				  -	      .byte	%01111110	; WHIMSEY
   4303  ffec				  -	      .byte	%01111110	; WHIMSEY
   4304  ffec				  -	      .byte	%01110110	; WHIMSEY
   4305  ffec				  -	      .byte	%00000110	; WHIMSEY
   4306  ffec				  -	      .byte	%00111110	; WHIMSEY
   4307  ffec				  -	      .byte	%01110110	; WHIMSEY
   4308  ffec				  -	      .byte	%00111100	; WHIMSEY
   4309  ffec				  -
   4310  ffec				  -	      ifconst	fontcharsHEX
   4311  ffec				  -LENHEX     =	48
   4312  ffec				  -
   4313  ffec				  -			;byte %00000000 ; WHIMSEY
   4314  ffec				  -
   4315  ffec				  -	      .byte	%01110110	; WHIMSEY
   4316  ffec				  -	      .byte	%01110110	; WHIMSEY
   4317  ffec				  -	      .byte	%01111110	; WHIMSEY
   4318  ffec				  -	      .byte	%01111110	; WHIMSEY
   4319  ffec				  -	      .byte	%01111110	; WHIMSEY
   4320  ffec				  -	      .byte	%01110110	; WHIMSEY
   4321  ffec				  -	      .byte	%01110110	; WHIMSEY
   4322  ffec				  -	      .byte	%00111100	; WHIMSEY
   4323  ffec				  -
   4324  ffec				  -			;byte %00000000 ; WHIMSEY
   4325  ffec				  -
   4326  ffec				  -	      .byte	%01111100	; WHIMSEY
   4327  ffec				  -	      .byte	%01111110	; WHIMSEY
   4328  ffec				  -	      .byte	%01111110	; WHIMSEY
   4329  ffec				  -	      .byte	%01110110	; WHIMSEY
   4330  ffec				  -	      .byte	%01110110	; WHIMSEY
   4331  ffec				  -	      .byte	%01111100	; WHIMSEY
   4332  ffec				  -	      .byte	%01110110	; WHIMSEY
   4333  ffec				  -	      .byte	%01111100	; WHIMSEY
   4334  ffec				  -
   4335  ffec				  -			;byte %00000000 ; WHIMSEY
   4336  ffec				  -
   4337  ffec				  -	      .byte	%00111100	; WHIMSEY
   4338  ffec				  -	      .byte	%01111110	; WHIMSEY
   4339  ffec				  -	      .byte	%01111110	; WHIMSEY
   4340  ffec				  -	      .byte	%01110110	; WHIMSEY
   4341  ffec				  -	      .byte	%01110000	; WHIMSEY
   4342  ffec				  -	      .byte	%01110000	; WHIMSEY
   4343  ffec				  -	      .byte	%01110110	; WHIMSEY
   4344  ffec				  -	      .byte	%00111100	; WHIMSEY
   4345  ffec				  -
   4346  ffec				  -			;byte %00000000 ; WHIMSEY
   4347  ffec				  -
   4348  ffec				  -	      .byte	%01111100	; WHIMSEY
   4349  ffec				  -	      .byte	%01111110	; WHIMSEY
   4350  ffec				  -	      .byte	%01111110	; WHIMSEY
   4351  ffec				  -	      .byte	%01111110	; WHIMSEY
   4352  ffec				  -	      .byte	%01110110	; WHIMSEY
   4353  ffec				  -	      .byte	%01110110	; WHIMSEY
   4354  ffec				  -	      .byte	%01110110	; WHIMSEY
   4355  ffec				  -	      .byte	%01111100	; WHIMSEY
   4356  ffec				  -
   4357  ffec				  -			;byte %00000000 ; WHIMSEY
   4358  ffec				  -
   4359  ffec				  -	      .byte	%01111110	; WHIMSEY
   4360  ffec				  -	      .byte	%01111110	; WHIMSEY
   4361  ffec				  -	      .byte	%01111110	; WHIMSEY
   4362  ffec				  -	      .byte	%01110000	; WHIMSEY
   4363  ffec				  -	      .byte	%01110000	; WHIMSEY
   4364  ffec				  -	      .byte	%01111100	; WHIMSEY
   4365  ffec				  -	      .byte	%01110000	; WHIMSEY
   4366  ffec				  -	      .byte	%01111100	; WHIMSEY
   4367  ffec				  -
   4368  ffec				  -			;byte %00000000 ; WHIMSEY
   4369  ffec				  -
   4370  ffec				  -	      .byte	%01110000	; WHIMSEY
   4371  ffec				  -	      .byte	%01110000	; WHIMSEY
   4372  ffec				  -	      .byte	%01110000	; WHIMSEY
   4373  ffec				  -	      .byte	%01110000	; WHIMSEY
   4374  ffec				  -	      .byte	%01110000	; WHIMSEY
   4375  ffec				  -	      .byte	%01111100	; WHIMSEY
   4376  ffec				  -	      .byte	%01110000	; WHIMSEY
   4377  ffec				  -	      .byte	%01111100	; WHIMSEY
   4378  ffec				  -
   4379  ffec				  -			;byte %00000000 ; WHIMSEY
   4380  ffec				  -			;byte %00000000 ; WHIMSEY
   4381  ffec				  -			;byte %00000000 ; WHIMSEY
   4382  ffec				  -			;byte %00000000 ; WHIMSEY
   4383  ffec				  -
   4384  ffec				  -	      else
   4385  ffec				  -LENHEX     =	0
   4386  ffec				  -	      endif		; fontcharsHEX
   4387  ffec				  -
   4388  ffec					      endif		; WHIMSEY
   4389  ffec
   4390  ffec				  -	      if	fontstyle == ALARMCLOCK
   4391  ffec				  -LENDEC     =	80
   4392  ffec				  -
   4393  ffec				  -			;byte %00000000 ; ALARMCLOCK
   4394  ffec				  -
   4395  ffec				  -	      .byte	%00111100	; ALARMCLOCK
   4396  ffec				  -	      .byte	%01000010	; ALARMCLOCK
   4397  ffec				  -	      .byte	%01000010	; ALARMCLOCK
   4398  ffec				  -	      .byte	%01000010	; ALARMCLOCK
   4399  ffec				  -	      .byte	%00000000	; ALARMCLOCK
   4400  ffec				  -	      .byte	%01000010	; ALARMCLOCK
   4401  ffec				  -	      .byte	%01000010	; ALARMCLOCK
   4402  ffec				  -	      .byte	%00111100	; ALARMCLOCK
   4403  ffec				  -
   4404  ffec				  -			;byte %00000000 ; ALARMCLOCK
   4405  ffec				  -
   4406  ffec				  -	      .byte	%00000000	; ALARMCLOCK
   4407  ffec				  -	      .byte	%00000010	; ALARMCLOCK
   4408  ffec				  -	      .byte	%00000010	; ALARMCLOCK
   4409  ffec				  -	      .byte	%00000010	; ALARMCLOCK
   4410  ffec				  -	      .byte	%00000000	; ALARMCLOCK
   4411  ffec				  -	      .byte	%00000010	; ALARMCLOCK
   4412  ffec				  -	      .byte	%00000010	; ALARMCLOCK
   4413  ffec				  -	      .byte	%00000000	; ALARMCLOCK
   4414  ffec				  -
   4415  ffec				  -			;byte %00000000 ; ALARMCLOCK
   4416  ffec				  -
   4417  ffec				  -	      .byte	%00111100	; ALARMCLOCK
   4418  ffec				  -	      .byte	%01000000	; ALARMCLOCK
   4419  ffec				  -	      .byte	%01000000	; ALARMCLOCK
   4420  ffec				  -	      .byte	%01000000	; ALARMCLOCK
   4421  ffec				  -	      .byte	%00111100	; ALARMCLOCK
   4422  ffec				  -	      .byte	%00000010	; ALARMCLOCK
   4423  ffec				  -	      .byte	%00000010	; ALARMCLOCK
   4424  ffec				  -	      .byte	%00111100	; ALARMCLOCK
   4425  ffec				  -
   4426  ffec				  -			;byte %00000000 ; ALARMCLOCK
   4427  ffec				  -
   4428  ffec				  -	      .byte	%00111100	; ALARMCLOCK
   4429  ffec				  -	      .byte	%00000010	; ALARMCLOCK
   4430  ffec				  -	      .byte	%00000010	; ALARMCLOCK
   4431  ffec				  -	      .byte	%00000010	; ALARMCLOCK
   4432  ffec				  -	      .byte	%00111100	; ALARMCLOCK
   4433  ffec				  -	      .byte	%00000010	; ALARMCLOCK
   4434  ffec				  -	      .byte	%00000010	; ALARMCLOCK
   4435  ffec				  -	      .byte	%00111100	; ALARMCLOCK
   4436  ffec				  -
   4437  ffec				  -			;byte %00000000 ; ALARMCLOCK
   4438  ffec				  -
   4439  ffec				  -	      .byte	%00000000	; ALARMCLOCK
   4440  ffec				  -	      .byte	%00000010	; ALARMCLOCK
   4441  ffec				  -	      .byte	%00000010	; ALARMCLOCK
   4442  ffec				  -	      .byte	%00000010	; ALARMCLOCK
   4443  ffec				  -	      .byte	%00111100	; ALARMCLOCK
   4444  ffec				  -	      .byte	%01000010	; ALARMCLOCK
   4445  ffec				  -	      .byte	%01000010	; ALARMCLOCK
   4446  ffec				  -	      .byte	%00000000	; ALARMCLOCK
   4447  ffec				  -
   4448  ffec				  -			;byte %00000000 ; ALARMCLOCK
   4449  ffec				  -
   4450  ffec				  -	      .byte	%00111100	; ALARMCLOCK
   4451  ffec				  -	      .byte	%00000010	; ALARMCLOCK
   4452  ffec				  -	      .byte	%00000010	; ALARMCLOCK
   4453  ffec				  -	      .byte	%00000010	; ALARMCLOCK
   4454  ffec				  -	      .byte	%00111100	; ALARMCLOCK
   4455  ffec				  -	      .byte	%01000000	; ALARMCLOCK
   4456  ffec				  -	      .byte	%01000000	; ALARMCLOCK
   4457  ffec				  -	      .byte	%00111100	; ALARMCLOCK
   4458  ffec				  -
   4459  ffec				  -			;byte %00000000 ; ALARMCLOCK
   4460  ffec				  -
   4461  ffec				  -	      .byte	%00111100	; ALARMCLOCK
   4462  ffec				  -	      .byte	%01000010	; ALARMCLOCK
   4463  ffec				  -	      .byte	%01000010	; ALARMCLOCK
   4464  ffec				  -	      .byte	%01000010	; ALARMCLOCK
   4465  ffec				  -	      .byte	%00111100	; ALARMCLOCK
   4466  ffec				  -	      .byte	%01000000	; ALARMCLOCK
   4467  ffec				  -	      .byte	%01000000	; ALARMCLOCK
   4468  ffec				  -	      .byte	%00111100	; ALARMCLOCK
   4469  ffec				  -
   4470  ffec				  -			;byte %00000000 ; ALARMCLOCK
   4471  ffec				  -
   4472  ffec				  -	      .byte	%00000000	; ALARMCLOCK
   4473  ffec				  -	      .byte	%00000010	; ALARMCLOCK
   4474  ffec				  -	      .byte	%00000010	; ALARMCLOCK
   4475  ffec				  -	      .byte	%00000010	; ALARMCLOCK
   4476  ffec				  -	      .byte	%00000000	; ALARMCLOCK
   4477  ffec				  -	      .byte	%00000010	; ALARMCLOCK
   4478  ffec				  -	      .byte	%00000010	; ALARMCLOCK
   4479  ffec				  -	      .byte	%00111100	; ALARMCLOCK
   4480  ffec				  -
   4481  ffec				  -			;byte %00000000 ; ALARMCLOCK
   4482  ffec				  -
   4483  ffec				  -	      .byte	%00111100	; ALARMCLOCK
   4484  ffec				  -	      .byte	%01000010	; ALARMCLOCK
   4485  ffec				  -	      .byte	%01000010	; ALARMCLOCK
   4486  ffec				  -	      .byte	%01000010	; ALARMCLOCK
   4487  ffec				  -	      .byte	%00111100	; ALARMCLOCK
   4488  ffec				  -	      .byte	%01000010	; ALARMCLOCK
   4489  ffec				  -	      .byte	%01000010	; ALARMCLOCK
   4490  ffec				  -	      .byte	%00111100	; ALARMCLOCK
   4491  ffec				  -
   4492  ffec				  -			;byte %00000000 ; ALARMCLOCK
   4493  ffec				  -
   4494  ffec				  -	      .byte	%00111100	; ALARMCLOCK
   4495  ffec				  -	      .byte	%00000010	; ALARMCLOCK
   4496  ffec				  -	      .byte	%00000010	; ALARMCLOCK
   4497  ffec				  -	      .byte	%00000010	; ALARMCLOCK
   4498  ffec				  -	      .byte	%00111100	; ALARMCLOCK
   4499  ffec				  -	      .byte	%01000010	; ALARMCLOCK
   4500  ffec				  -	      .byte	%01000010	; ALARMCLOCK
   4501  ffec				  -	      .byte	%00111100	; ALARMCLOCK
   4502  ffec				  -
   4503  ffec				  -
   4504  ffec				  -	      ifconst	fontcharsHEX
   4505  ffec				  -LENHEX     =	48
   4506  ffec				  -			;byte %00000000 ; ALARMCLOCK
   4507  ffec				  -
   4508  ffec				  -
   4509  ffec				  -	      .byte	%00000000	; ALARMCLOCK
   4510  ffec				  -	      .byte	%01000010	; ALARMCLOCK
   4511  ffec				  -	      .byte	%01000010	; ALARMCLOCK
   4512  ffec				  -	      .byte	%01000010	; ALARMCLOCK
   4513  ffec				  -	      .byte	%00111100	; ALARMCLOCK
   4514  ffec				  -	      .byte	%01000010	; ALARMCLOCK
   4515  ffec				  -	      .byte	%01000010	; ALARMCLOCK
   4516  ffec				  -	      .byte	%00111100	; ALARMCLOCK
   4517  ffec				  -
   4518  ffec				  -			;byte %00000000 ; ALARMCLOCK
   4519  ffec				  -
   4520  ffec				  -	      .byte	%00111100	; ALARMCLOCK
   4521  ffec				  -	      .byte	%01000010	; ALARMCLOCK
   4522  ffec				  -	      .byte	%01000010	; ALARMCLOCK
   4523  ffec				  -	      .byte	%01000010	; ALARMCLOCK
   4524  ffec				  -	      .byte	%00111100	; ALARMCLOCK
   4525  ffec				  -	      .byte	%01000000	; ALARMCLOCK
   4526  ffec				  -	      .byte	%01000000	; ALARMCLOCK
   4527  ffec				  -	      .byte	%00000000	; ALARMCLOCK
   4528  ffec				  -
   4529  ffec				  -			;byte %00000000 ; ALARMCLOCK
   4530  ffec				  -
   4531  ffec				  -	      .byte	%00111100	; ALARMCLOCK
   4532  ffec				  -	      .byte	%01000000	; ALARMCLOCK
   4533  ffec				  -	      .byte	%01000000	; ALARMCLOCK
   4534  ffec				  -	      .byte	%01000000	; ALARMCLOCK
   4535  ffec				  -	      .byte	%00000000	; ALARMCLOCK
   4536  ffec				  -	      .byte	%01000000	; ALARMCLOCK
   4537  ffec				  -	      .byte	%01000000	; ALARMCLOCK
   4538  ffec				  -	      .byte	%00111100	; ALARMCLOCK
   4539  ffec				  -
   4540  ffec				  -			;byte %00000000 ; ALARMCLOCK
   4541  ffec				  -
   4542  ffec				  -	      .byte	%00111100	; ALARMCLOCK
   4543  ffec				  -	      .byte	%01000010	; ALARMCLOCK
   4544  ffec				  -	      .byte	%01000010	; ALARMCLOCK
   4545  ffec				  -	      .byte	%01000010	; ALARMCLOCK
   4546  ffec				  -	      .byte	%00111100	; ALARMCLOCK
   4547  ffec				  -	      .byte	%00000010	; ALARMCLOCK
   4548  ffec				  -	      .byte	%00000010	; ALARMCLOCK
   4549  ffec				  -	      .byte	%00000000	; ALARMCLOCK
   4550  ffec				  -
   4551  ffec				  -			;byte %00000000 ; ALARMCLOCK
   4552  ffec				  -
   4553  ffec				  -	      .byte	%00111100	; ALARMCLOCK
   4554  ffec				  -	      .byte	%01000000	; ALARMCLOCK
   4555  ffec				  -	      .byte	%01000000	; ALARMCLOCK
   4556  ffec				  -	      .byte	%01000000	; ALARMCLOCK
   4557  ffec				  -	      .byte	%00111100	; ALARMCLOCK
   4558  ffec				  -	      .byte	%01000000	; ALARMCLOCK
   4559  ffec				  -	      .byte	%01000000	; ALARMCLOCK
   4560  ffec				  -	      .byte	%00111100	; ALARMCLOCK
   4561  ffec				  -
   4562  ffec				  -			;byte %00000000 ; ALARMCLOCK
   4563  ffec				  -
   4564  ffec				  -	      .byte	%00000000	; ALARMCLOCK
   4565  ffec				  -	      .byte	%01000000	; ALARMCLOCK
   4566  ffec				  -	      .byte	%01000000	; ALARMCLOCK
   4567  ffec				  -	      .byte	%01000000	; ALARMCLOCK
   4568  ffec				  -	      .byte	%00111100	; ALARMCLOCK
   4569  ffec				  -	      .byte	%01000000	; ALARMCLOCK
   4570  ffec				  -	      .byte	%01000000	; ALARMCLOCK
   4571  ffec				  -	      .byte	%00111100	; ALARMCLOCK
   4572  ffec				  -
   4573  ffec				  -			;byte %00000000 ; ALARMCLOCK
   4574  ffec				  -			;byte %00000000 ; ALARMCLOCK
   4575  ffec				  -			;byte %00000000 ; ALARMCLOCK
   4576  ffec				  -			;byte %00000000 ; ALARMCLOCK
   4577  ffec				  -
   4578  ffec				  -	      else
   4579  ffec				  -LENHEX     =	0
   4580  ffec				  -	      endif		; fontcharsHEX
   4581  ffec					      endif		; ALARMCLOCK
   4582  ffec
   4583  ffec				  -	      if	fontstyle == HANDWRITTEN
   4584  ffec				  -LENDEC     =	80
   4585  ffec				  -
   4586  ffec				  -			;byte %00000000 ; HANDWRITTEN
   4587  ffec				  -
   4588  ffec				  -	      .byte	%00110000	; HANDWRITTEN
   4589  ffec				  -	      .byte	%01001000	; HANDWRITTEN
   4590  ffec				  -	      .byte	%01001000	; HANDWRITTEN
   4591  ffec				  -	      .byte	%01001000	; HANDWRITTEN
   4592  ffec				  -	      .byte	%00100100	; HANDWRITTEN
   4593  ffec				  -	      .byte	%00100100	; HANDWRITTEN
   4594  ffec				  -	      .byte	%00010010	; HANDWRITTEN
   4595  ffec				  -	      .byte	%00001100	; HANDWRITTEN
   4596  ffec				  -
   4597  ffec				  -			;byte %00000000 ; HANDWRITTEN
   4598  ffec				  -
   4599  ffec				  -	      .byte	%00010000	; HANDWRITTEN
   4600  ffec				  -	      .byte	%00010000	; HANDWRITTEN
   4601  ffec				  -	      .byte	%00010000	; HANDWRITTEN
   4602  ffec				  -	      .byte	%00001000	; HANDWRITTEN
   4603  ffec				  -	      .byte	%00001000	; HANDWRITTEN
   4604  ffec				  -	      .byte	%00001000	; HANDWRITTEN
   4605  ffec				  -	      .byte	%00000100	; HANDWRITTEN
   4606  ffec				  -	      .byte	%00000100	; HANDWRITTEN
   4607  ffec				  -
   4608  ffec				  -			;byte %00000000 ; HANDWRITTEN
   4609  ffec				  -
   4610  ffec				  -	      .byte	%01110000	; HANDWRITTEN
   4611  ffec				  -	      .byte	%01001100	; HANDWRITTEN
   4612  ffec				  -	      .byte	%01000000	; HANDWRITTEN
   4613  ffec				  -	      .byte	%00100000	; HANDWRITTEN
   4614  ffec				  -	      .byte	%00011000	; HANDWRITTEN
   4615  ffec				  -	      .byte	%00000100	; HANDWRITTEN
   4616  ffec				  -	      .byte	%00100010	; HANDWRITTEN
   4617  ffec				  -	      .byte	%00011100	; HANDWRITTEN
   4618  ffec				  -
   4619  ffec				  -			;byte %00000000 ; HANDWRITTEN
   4620  ffec				  -
   4621  ffec				  -	      .byte	%00110000	; HANDWRITTEN
   4622  ffec				  -	      .byte	%01001000	; HANDWRITTEN
   4623  ffec				  -	      .byte	%00000100	; HANDWRITTEN
   4624  ffec				  -	      .byte	%00000100	; HANDWRITTEN
   4625  ffec				  -	      .byte	%00011000	; HANDWRITTEN
   4626  ffec				  -	      .byte	%00000100	; HANDWRITTEN
   4627  ffec				  -	      .byte	%00100010	; HANDWRITTEN
   4628  ffec				  -	      .byte	%00011100	; HANDWRITTEN
   4629  ffec				  -
   4630  ffec				  -			;byte %00000000 ; HANDWRITTEN
   4631  ffec				  -
   4632  ffec				  -	      .byte	%00010000	; HANDWRITTEN
   4633  ffec				  -	      .byte	%00010000	; HANDWRITTEN
   4634  ffec				  -	      .byte	%00001000	; HANDWRITTEN
   4635  ffec				  -	      .byte	%01111000	; HANDWRITTEN
   4636  ffec				  -	      .byte	%01000100	; HANDWRITTEN
   4637  ffec				  -	      .byte	%00100100	; HANDWRITTEN
   4638  ffec				  -	      .byte	%00010010	; HANDWRITTEN
   4639  ffec				  -	      .byte	%00000010	; HANDWRITTEN
   4640  ffec				  -
   4641  ffec				  -			;byte %00000000 ; HANDWRITTEN
   4642  ffec				  -
   4643  ffec				  -	      .byte	%00110000	; HANDWRITTEN
   4644  ffec				  -	      .byte	%01001000	; HANDWRITTEN
   4645  ffec				  -	      .byte	%00000100	; HANDWRITTEN
   4646  ffec				  -	      .byte	%00000100	; HANDWRITTEN
   4647  ffec				  -	      .byte	%00011000	; HANDWRITTEN
   4648  ffec				  -	      .byte	%00100000	; HANDWRITTEN
   4649  ffec				  -	      .byte	%00010010	; HANDWRITTEN
   4650  ffec				  -	      .byte	%00001100	; HANDWRITTEN
   4651  ffec				  -
   4652  ffec				  -			;byte %00000000 ; HANDWRITTEN
   4653  ffec				  -
   4654  ffec				  -	      .byte	%00010000	; HANDWRITTEN
   4655  ffec				  -	      .byte	%00101000	; HANDWRITTEN
   4656  ffec				  -	      .byte	%00100100	; HANDWRITTEN
   4657  ffec				  -	      .byte	%00100100	; HANDWRITTEN
   4658  ffec				  -	      .byte	%00011000	; HANDWRITTEN
   4659  ffec				  -	      .byte	%00010000	; HANDWRITTEN
   4660  ffec				  -	      .byte	%00001000	; HANDWRITTEN
   4661  ffec				  -	      .byte	%00000110	; HANDWRITTEN
   4662  ffec				  -
   4663  ffec				  -			;byte %00000000 ; HANDWRITTEN
   4664  ffec				  -
   4665  ffec				  -	      .byte	%00010000	; HANDWRITTEN
   4666  ffec				  -	      .byte	%00010000	; HANDWRITTEN
   4667  ffec				  -	      .byte	%00010000	; HANDWRITTEN
   4668  ffec				  -	      .byte	%00001000	; HANDWRITTEN
   4669  ffec				  -	      .byte	%00000100	; HANDWRITTEN
   4670  ffec				  -	      .byte	%00000100	; HANDWRITTEN
   4671  ffec				  -	      .byte	%00110010	; HANDWRITTEN
   4672  ffec				  -	      .byte	%00001110	; HANDWRITTEN
   4673  ffec				  -
   4674  ffec				  -			;byte %00000000 ; HANDWRITTEN
   4675  ffec				  -
   4676  ffec				  -	      .byte	%00110000	; HANDWRITTEN
   4677  ffec				  -	      .byte	%01001000	; HANDWRITTEN
   4678  ffec				  -	      .byte	%01000100	; HANDWRITTEN
   4679  ffec				  -	      .byte	%00100100	; HANDWRITTEN
   4680  ffec				  -	      .byte	%00011100	; HANDWRITTEN
   4681  ffec				  -	      .byte	%00010010	; HANDWRITTEN
   4682  ffec				  -	      .byte	%00001010	; HANDWRITTEN
   4683  ffec				  -	      .byte	%00000110	; HANDWRITTEN
   4684  ffec				  -
   4685  ffec				  -			;byte %00000000 ; HANDWRITTEN
   4686  ffec				  -
   4687  ffec				  -	      .byte	%00010000	; HANDWRITTEN
   4688  ffec				  -	      .byte	%00010000	; HANDWRITTEN
   4689  ffec				  -	      .byte	%00001000	; HANDWRITTEN
   4690  ffec				  -	      .byte	%00001000	; HANDWRITTEN
   4691  ffec				  -	      .byte	%00011100	; HANDWRITTEN
   4692  ffec				  -	      .byte	%00100100	; HANDWRITTEN
   4693  ffec				  -	      .byte	%00010010	; HANDWRITTEN
   4694  ffec				  -	      .byte	%00001100	; HANDWRITTEN
   4695  ffec				  -
   4696  ffec				  -	      ifconst	fontcharsHEX
   4697  ffec				  -LENHEX     =	48
   4698  ffec				  -
   4699  ffec				  -			;byte %00000000 ; HANDWRITTEN
   4700  ffec				  -
   4701  ffec				  -	      .byte	%00110110	; HANDWRITTEN
   4702  ffec				  -	      .byte	%01001000	; HANDWRITTEN
   4703  ffec				  -	      .byte	%01001000	; HANDWRITTEN
   4704  ffec				  -	      .byte	%01001000	; HANDWRITTEN
   4705  ffec				  -	      .byte	%00100100	; HANDWRITTEN
   4706  ffec				  -	      .byte	%00100100	; HANDWRITTEN
   4707  ffec				  -	      .byte	%00010010	; HANDWRITTEN
   4708  ffec				  -	      .byte	%00001110	; HANDWRITTEN
   4709  ffec				  -
   4710  ffec				  -			;byte %00000000 ; HANDWRITTEN
   4711  ffec				  -
   4712  ffec				  -	      .byte	%11110000	; HANDWRITTEN
   4713  ffec				  -	      .byte	%01001000	; HANDWRITTEN
   4714  ffec				  -	      .byte	%01000100	; HANDWRITTEN
   4715  ffec				  -	      .byte	%00100100	; HANDWRITTEN
   4716  ffec				  -	      .byte	%00111100	; HANDWRITTEN
   4717  ffec				  -	      .byte	%00010010	; HANDWRITTEN
   4718  ffec				  -	      .byte	%00010010	; HANDWRITTEN
   4719  ffec				  -	      .byte	%00001100	; HANDWRITTEN
   4720  ffec				  -
   4721  ffec				  -			;byte %00000000 ; HANDWRITTEN
   4722  ffec				  -
   4723  ffec				  -	      .byte	%00110000	; HANDWRITTEN
   4724  ffec				  -	      .byte	%01001000	; HANDWRITTEN
   4725  ffec				  -	      .byte	%01001000	; HANDWRITTEN
   4726  ffec				  -	      .byte	%01000000	; HANDWRITTEN
   4727  ffec				  -	      .byte	%00100000	; HANDWRITTEN
   4728  ffec				  -	      .byte	%00100100	; HANDWRITTEN
   4729  ffec				  -	      .byte	%00010100	; HANDWRITTEN
   4730  ffec				  -	      .byte	%00001000	; HANDWRITTEN
   4731  ffec				  -
   4732  ffec				  -			;byte %00000000 ; HANDWRITTEN
   4733  ffec				  -
   4734  ffec				  -	      .byte	%01111000	; HANDWRITTEN
   4735  ffec				  -	      .byte	%01000100	; HANDWRITTEN
   4736  ffec				  -	      .byte	%01000100	; HANDWRITTEN
   4737  ffec				  -	      .byte	%00100100	; HANDWRITTEN
   4738  ffec				  -	      .byte	%00100010	; HANDWRITTEN
   4739  ffec				  -	      .byte	%00010010	; HANDWRITTEN
   4740  ffec				  -	      .byte	%00010010	; HANDWRITTEN
   4741  ffec				  -	      .byte	%00001100	; HANDWRITTEN
   4742  ffec				  -
   4743  ffec				  -			;byte %00000000 ; HANDWRITTEN
   4744  ffec				  -
   4745  ffec				  -	      .byte	%00110000	; HANDWRITTEN
   4746  ffec				  -	      .byte	%01001000	; HANDWRITTEN
   4747  ffec				  -	      .byte	%01000000	; HANDWRITTEN
   4748  ffec				  -	      .byte	%00100000	; HANDWRITTEN
   4749  ffec				  -	      .byte	%00011000	; HANDWRITTEN
   4750  ffec				  -	      .byte	%00010000	; HANDWRITTEN
   4751  ffec				  -	      .byte	%00010010	; HANDWRITTEN
   4752  ffec				  -	      .byte	%00001100	; HANDWRITTEN
   4753  ffec				  -
   4754  ffec				  -			;byte %00000000 ; HANDWRITTEN
   4755  ffec				  -
   4756  ffec				  -	      .byte	%01000000	; HANDWRITTEN
   4757  ffec				  -	      .byte	%01000000	; HANDWRITTEN
   4758  ffec				  -	      .byte	%01000000	; HANDWRITTEN
   4759  ffec				  -	      .byte	%00100000	; HANDWRITTEN
   4760  ffec				  -	      .byte	%00111000	; HANDWRITTEN
   4761  ffec				  -	      .byte	%00010000	; HANDWRITTEN
   4762  ffec				  -	      .byte	%00010010	; HANDWRITTEN
   4763  ffec				  -	      .byte	%00001100	; HANDWRITTEN
   4764  ffec				  -
   4765  ffec				  -			;byte %00000000 ; HANDWRITTEN
   4766  ffec				  -			;byte %00000000 ; HANDWRITTEN
   4767  ffec				  -			;byte %00000000 ; HANDWRITTEN
   4768  ffec				  -			;byte %00000000 ; HANDWRITTEN
   4769  ffec				  -
   4770  ffec				  -	      else
   4771  ffec				  -LENHEX     =	0
   4772  ffec				  -	      endif		; fontcharsHEX
   4773  ffec					      endif		; HANDWRITTEN
   4774  ffec
   4775  ffec				  -	      if	fontstyle == INTERRUPTED
   4776  ffec				  -LENDEC     =	80
   4777  ffec				  -
   4778  ffec				  -			;byte %00000000 ; INTERRUPTED
   4779  ffec				  -
   4780  ffec				  -	      .byte	%00110100	; INTERRUPTED
   4781  ffec				  -	      .byte	%01100110	; INTERRUPTED
   4782  ffec				  -	      .byte	%01100110	; INTERRUPTED
   4783  ffec				  -	      .byte	%01100110	; INTERRUPTED
   4784  ffec				  -	      .byte	%01100110	; INTERRUPTED
   4785  ffec				  -	      .byte	%01100110	; INTERRUPTED
   4786  ffec				  -	      .byte	%01100110	; INTERRUPTED
   4787  ffec				  -	      .byte	%00110100	; INTERRUPTED
   4788  ffec				  -
   4789  ffec				  -			;byte %00000000 ; INTERRUPTED
   4790  ffec				  -
   4791  ffec				  -	      .byte	%00111100	; INTERRUPTED
   4792  ffec				  -	      .byte	%00000000	; INTERRUPTED
   4793  ffec				  -	      .byte	%00011000	; INTERRUPTED
   4794  ffec				  -	      .byte	%00011000	; INTERRUPTED
   4795  ffec				  -	      .byte	%00011000	; INTERRUPTED
   4796  ffec				  -	      .byte	%00011000	; INTERRUPTED
   4797  ffec				  -	      .byte	%00011000	; INTERRUPTED
   4798  ffec				  -	      .byte	%00111000	; INTERRUPTED
   4799  ffec				  -
   4800  ffec				  -			;byte %00000000 ; INTERRUPTED
   4801  ffec				  -
   4802  ffec				  -	      .byte	%01101110	; INTERRUPTED
   4803  ffec				  -	      .byte	%01100000	; INTERRUPTED
   4804  ffec				  -	      .byte	%00110000	; INTERRUPTED
   4805  ffec				  -	      .byte	%00011000	; INTERRUPTED
   4806  ffec				  -	      .byte	%00001100	; INTERRUPTED
   4807  ffec				  -	      .byte	%00000110	; INTERRUPTED
   4808  ffec				  -	      .byte	%01000110	; INTERRUPTED
   4809  ffec				  -	      .byte	%00111100	; INTERRUPTED
   4810  ffec				  -
   4811  ffec				  -			;byte %00000000 ; INTERRUPTED
   4812  ffec				  -
   4813  ffec				  -	      .byte	%01111100	; INTERRUPTED
   4814  ffec				  -	      .byte	%00000110	; INTERRUPTED
   4815  ffec				  -	      .byte	%00000110	; INTERRUPTED
   4816  ffec				  -	      .byte	%00000110	; INTERRUPTED
   4817  ffec				  -	      .byte	%01110110	; INTERRUPTED
   4818  ffec				  -	      .byte	%00000110	; INTERRUPTED
   4819  ffec				  -	      .byte	%00000110	; INTERRUPTED
   4820  ffec				  -	      .byte	%01110100	; INTERRUPTED
   4821  ffec				  -
   4822  ffec				  -			;byte %00000000 ; INTERRUPTED
   4823  ffec				  -
   4824  ffec				  -	      .byte	%00000110	; INTERRUPTED
   4825  ffec				  -	      .byte	%00000110	; INTERRUPTED
   4826  ffec				  -	      .byte	%00000110	; INTERRUPTED
   4827  ffec				  -	      .byte	%00000110	; INTERRUPTED
   4828  ffec				  -	      .byte	%01110110	; INTERRUPTED
   4829  ffec				  -	      .byte	%01100110	; INTERRUPTED
   4830  ffec				  -	      .byte	%01100110	; INTERRUPTED
   4831  ffec				  -	      .byte	%01100110	; INTERRUPTED
   4832  ffec				  -
   4833  ffec				  -			;byte %00000000 ; INTERRUPTED
   4834  ffec				  -
   4835  ffec				  -	      .byte	%01111100	; INTERRUPTED
   4836  ffec				  -	      .byte	%00000110	; INTERRUPTED
   4837  ffec				  -	      .byte	%00000110	; INTERRUPTED
   4838  ffec				  -	      .byte	%00000110	; INTERRUPTED
   4839  ffec				  -	      .byte	%01111100	; INTERRUPTED
   4840  ffec				  -	      .byte	%01100000	; INTERRUPTED
   4841  ffec				  -	      .byte	%01100000	; INTERRUPTED
   4842  ffec				  -	      .byte	%01101110	; INTERRUPTED
   4843  ffec				  -
   4844  ffec				  -			;byte %00000000 ; INTERRUPTED
   4845  ffec				  -
   4846  ffec				  -	      .byte	%00101100	; INTERRUPTED
   4847  ffec				  -	      .byte	%01100110	; INTERRUPTED
   4848  ffec				  -	      .byte	%01100110	; INTERRUPTED
   4849  ffec				  -	      .byte	%01100110	; INTERRUPTED
   4850  ffec				  -	      .byte	%01101100	; INTERRUPTED
   4851  ffec				  -	      .byte	%01100000	; INTERRUPTED
   4852  ffec				  -	      .byte	%00110000	; INTERRUPTED
   4853  ffec				  -	      .byte	%00011100	; INTERRUPTED
   4854  ffec				  -
   4855  ffec				  -			;byte %00000000 ; INTERRUPTED
   4856  ffec				  -
   4857  ffec				  -	      .byte	%00011000	; INTERRUPTED
   4858  ffec				  -	      .byte	%00011000	; INTERRUPTED
   4859  ffec				  -	      .byte	%00011000	; INTERRUPTED
   4860  ffec				  -	      .byte	%00011100	; INTERRUPTED
   4861  ffec				  -	      .byte	%00001110	; INTERRUPTED
   4862  ffec				  -	      .byte	%00000110	; INTERRUPTED
   4863  ffec				  -	      .byte	%00000000	; INTERRUPTED
   4864  ffec				  -	      .byte	%01111110	; INTERRUPTED
   4865  ffec				  -
   4866  ffec				  -			;byte %00000000 ; INTERRUPTED
   4867  ffec				  -
   4868  ffec				  -	      .byte	%00110100	; INTERRUPTED
   4869  ffec				  -	      .byte	%01100110	; INTERRUPTED
   4870  ffec				  -	      .byte	%01100110	; INTERRUPTED
   4871  ffec				  -	      .byte	%01100110	; INTERRUPTED
   4872  ffec				  -	      .byte	%00110100	; INTERRUPTED
   4873  ffec				  -	      .byte	%01100110	; INTERRUPTED
   4874  ffec				  -	      .byte	%01100110	; INTERRUPTED
   4875  ffec				  -	      .byte	%00110100	; INTERRUPTED
   4876  ffec				  -
   4877  ffec				  -			;byte %00000000 ; INTERRUPTED
   4878  ffec				  -
   4879  ffec				  -	      .byte	%00111000	; INTERRUPTED
   4880  ffec				  -	      .byte	%00001100	; INTERRUPTED
   4881  ffec				  -	      .byte	%00000110	; INTERRUPTED
   4882  ffec				  -	      .byte	%00110110	; INTERRUPTED
   4883  ffec				  -	      .byte	%01100110	; INTERRUPTED
   4884  ffec				  -	      .byte	%01100110	; INTERRUPTED
   4885  ffec				  -	      .byte	%01100110	; INTERRUPTED
   4886  ffec				  -	      .byte	%00110100	; INTERRUPTED
   4887  ffec				  -
   4888  ffec				  -	      ifconst	fontcharsHEX
   4889  ffec				  -LENHEX     =	48
   4890  ffec				  -
   4891  ffec				  -			;byte %00000000 ; INTERRUPTED
   4892  ffec				  -
   4893  ffec				  -	      .byte	%01100110	; INTERRUPTED
   4894  ffec				  -	      .byte	%01100110	; INTERRUPTED
   4895  ffec				  -	      .byte	%01100110	; INTERRUPTED
   4896  ffec				  -	      .byte	%01100110	; INTERRUPTED
   4897  ffec				  -	      .byte	%01110110	; INTERRUPTED
   4898  ffec				  -	      .byte	%01100110	; INTERRUPTED
   4899  ffec				  -	      .byte	%01100110	; INTERRUPTED
   4900  ffec				  -	      .byte	%00111100	; INTERRUPTED
   4901  ffec				  -
   4902  ffec				  -			;byte %00000000 ; INTERRUPTED
   4903  ffec				  -
   4904  ffec				  -	      .byte	%01110100	; INTERRUPTED
   4905  ffec				  -	      .byte	%01100110	; INTERRUPTED
   4906  ffec				  -	      .byte	%01100110	; INTERRUPTED
   4907  ffec				  -	      .byte	%01100110	; INTERRUPTED
   4908  ffec				  -	      .byte	%01110100	; INTERRUPTED
   4909  ffec				  -	      .byte	%01100110	; INTERRUPTED
   4910  ffec				  -	      .byte	%01100110	; INTERRUPTED
   4911  ffec				  -	      .byte	%01110100	; INTERRUPTED
   4912  ffec				  -
   4913  ffec				  -			;byte %00000000 ; INTERRUPTED
   4914  ffec				  -
   4915  ffec				  -	      .byte	%00101100	; INTERRUPTED
   4916  ffec				  -	      .byte	%01100110	; INTERRUPTED
   4917  ffec				  -	      .byte	%01100000	; INTERRUPTED
   4918  ffec				  -	      .byte	%01100000	; INTERRUPTED
   4919  ffec				  -	      .byte	%01100000	; INTERRUPTED
   4920  ffec				  -	      .byte	%01100000	; INTERRUPTED
   4921  ffec				  -	      .byte	%01100110	; INTERRUPTED
   4922  ffec				  -	      .byte	%00101100	; INTERRUPTED
   4923  ffec				  -
   4924  ffec				  -			;byte %00000000 ; INTERRUPTED
   4925  ffec				  -
   4926  ffec				  -	      .byte	%01111100	; INTERRUPTED
   4927  ffec				  -	      .byte	%01100110	; INTERRUPTED
   4928  ffec				  -	      .byte	%01100110	; INTERRUPTED
   4929  ffec				  -	      .byte	%01100110	; INTERRUPTED
   4930  ffec				  -	      .byte	%01100110	; INTERRUPTED
   4931  ffec				  -	      .byte	%01100110	; INTERRUPTED
   4932  ffec				  -	      .byte	%01100110	; INTERRUPTED
   4933  ffec				  -	      .byte	%01101100	; INTERRUPTED
   4934  ffec				  -
   4935  ffec				  -			;byte %00000000 ; INTERRUPTED
   4936  ffec				  -
   4937  ffec				  -	      .byte	%01111110	; INTERRUPTED
   4938  ffec				  -	      .byte	%01100000	; INTERRUPTED
   4939  ffec				  -	      .byte	%01100000	; INTERRUPTED
   4940  ffec				  -	      .byte	%01100000	; INTERRUPTED
   4941  ffec				  -	      .byte	%01101110	; INTERRUPTED
   4942  ffec				  -	      .byte	%01100000	; INTERRUPTED
   4943  ffec				  -	      .byte	%01100000	; INTERRUPTED
   4944  ffec				  -	      .byte	%01101110	; INTERRUPTED
   4945  ffec				  -
   4946  ffec				  -			;byte %00000000 ; INTERRUPTED
   4947  ffec				  -
   4948  ffec				  -	      .byte	%01100000	; INTERRUPTED
   4949  ffec				  -	      .byte	%01100000	; INTERRUPTED
   4950  ffec				  -	      .byte	%01100000	; INTERRUPTED
   4951  ffec				  -	      .byte	%01100000	; INTERRUPTED
   4952  ffec				  -	      .byte	%01101110	; INTERRUPTED
   4953  ffec				  -	      .byte	%01100000	; INTERRUPTED
   4954  ffec				  -	      .byte	%01100000	; INTERRUPTED
   4955  ffec				  -	      .byte	%01101110	; INTERRUPTED
   4956  ffec				  -
   4957  ffec				  -			;byte %00000000 ; INTERRUPTED
   4958  ffec				  -			;byte %00000000 ; INTERRUPTED
   4959  ffec				  -			;byte %00000000 ; INTERRUPTED
   4960  ffec				  -			;byte %00000000 ; INTERRUPTED
   4961  ffec				  -
   4962  ffec				  -	      else
   4963  ffec				  -LENHEX     =	0
   4964  ffec				  -	      endif		; fontcharsHEX
   4965  ffec					      endif		; INTERRUPTED
   4966  ffec
   4967  ffec
   4968  ffec				  -	      if	fontstyle == TINY
   4969  ffec				  -LENDEC     =	80
   4970  ffec				  -
   4971  ffec				  -			;byte %00000000 ; TINY
   4972  ffec				  -
   4973  ffec				  -	      .byte	%00000000	; TINY
   4974  ffec				  -	      .byte	%00111000	; TINY
   4975  ffec				  -	      .byte	%00101000	; TINY
   4976  ffec				  -	      .byte	%00101000	; TINY
   4977  ffec				  -	      .byte	%00101000	; TINY
   4978  ffec				  -	      .byte	%00111000	; TINY
   4979  ffec				  -	      .byte	%00000000	; TINY
   4980  ffec				  -	      .byte	%00000000	; TINY
   4981  ffec				  -
   4982  ffec				  -			;byte %00000000 ; TINY
   4983  ffec				  -
   4984  ffec				  -	      .byte	%00000000	; TINY
   4985  ffec				  -	      .byte	%00010000	; TINY
   4986  ffec				  -	      .byte	%00010000	; TINY
   4987  ffec				  -	      .byte	%00010000	; TINY
   4988  ffec				  -	      .byte	%00010000	; TINY
   4989  ffec				  -	      .byte	%00010000	; TINY
   4990  ffec				  -	      .byte	%00000000	; TINY
   4991  ffec				  -	      .byte	%00000000	; TINY
   4992  ffec				  -
   4993  ffec				  -			;byte %00000000 ; TINY
   4994  ffec				  -
   4995  ffec				  -	      .byte	%00000000	; TINY
   4996  ffec				  -	      .byte	%00111000	; TINY
   4997  ffec				  -	      .byte	%00100000	; TINY
   4998  ffec				  -	      .byte	%00111000	; TINY
   4999  ffec				  -	      .byte	%00001000	; TINY
   5000  ffec				  -	      .byte	%00111000	; TINY
   5001  ffec				  -	      .byte	%00000000	; TINY
   5002  ffec				  -	      .byte	%00000000	; TINY
   5003  ffec				  -
   5004  ffec				  -			;byte %00000000 ; TINY
   5005  ffec				  -
   5006  ffec				  -	      .byte	%00000000	; TINY
   5007  ffec				  -	      .byte	%00111000	; TINY
   5008  ffec				  -	      .byte	%00001000	; TINY
   5009  ffec				  -	      .byte	%00111000	; TINY
   5010  ffec				  -	      .byte	%00001000	; TINY
   5011  ffec				  -	      .byte	%00111000	; TINY
   5012  ffec				  -	      .byte	%00000000	; TINY
   5013  ffec				  -	      .byte	%00000000	; TINY
   5014  ffec				  -
   5015  ffec				  -			;byte %00000000 ; TINY
   5016  ffec				  -
   5017  ffec				  -	      .byte	%00000000	; TINY
   5018  ffec				  -	      .byte	%00001000	; TINY
   5019  ffec				  -	      .byte	%00001000	; TINY
   5020  ffec				  -	      .byte	%00111000	; TINY
   5021  ffec				  -	      .byte	%00101000	; TINY
   5022  ffec				  -	      .byte	%00101000	; TINY
   5023  ffec				  -	      .byte	%00000000	; TINY
   5024  ffec				  -	      .byte	%00000000	; TINY
   5025  ffec				  -
   5026  ffec				  -			;byte %00000000 ; TINY
   5027  ffec				  -
   5028  ffec				  -	      .byte	%00000000	; TINY
   5029  ffec				  -	      .byte	%00111000	; TINY
   5030  ffec				  -	      .byte	%00001000	; TINY
   5031  ffec				  -	      .byte	%00111000	; TINY
   5032  ffec				  -	      .byte	%00100000	; TINY
   5033  ffec				  -	      .byte	%00111000	; TINY
   5034  ffec				  -	      .byte	%00000000	; TINY
   5035  ffec				  -	      .byte	%00000000	; TINY
   5036  ffec				  -
   5037  ffec				  -			;byte %00000000 ; TINY
   5038  ffec				  -
   5039  ffec				  -	      .byte	%00000000	; TINY
   5040  ffec				  -	      .byte	%00111000	; TINY
   5041  ffec				  -	      .byte	%00101000	; TINY
   5042  ffec				  -	      .byte	%00111000	; TINY
   5043  ffec				  -	      .byte	%00100000	; TINY
   5044  ffec				  -	      .byte	%00111000	; TINY
   5045  ffec				  -	      .byte	%00000000	; TINY
   5046  ffec				  -	      .byte	%00000000	; TINY
   5047  ffec				  -
   5048  ffec				  -			;byte %00000000 ; TINY
   5049  ffec				  -
   5050  ffec				  -	      .byte	%00000000	; TINY
   5051  ffec				  -	      .byte	%00001000	; TINY
   5052  ffec				  -	      .byte	%00001000	; TINY
   5053  ffec				  -	      .byte	%00001000	; TINY
   5054  ffec				  -	      .byte	%00001000	; TINY
   5055  ffec				  -	      .byte	%00111000	; TINY
   5056  ffec				  -	      .byte	%00000000	; TINY
   5057  ffec				  -	      .byte	%00000000	; TINY
   5058  ffec				  -
   5059  ffec				  -			;byte %00000000 ; TINY
   5060  ffec				  -
   5061  ffec				  -	      .byte	%00000000	; TINY
   5062  ffec				  -	      .byte	%00111000	; TINY
   5063  ffec				  -	      .byte	%00101000	; TINY
   5064  ffec				  -	      .byte	%00111000	; TINY
   5065  ffec				  -	      .byte	%00101000	; TINY
   5066  ffec				  -	      .byte	%00111000	; TINY
   5067  ffec				  -	      .byte	%00000000	; TINY
   5068  ffec				  -	      .byte	%00000000	; TINY
   5069  ffec				  -
   5070  ffec				  -			;byte %00000000 ; TINY
   5071  ffec				  -
   5072  ffec				  -	      .byte	%00000000	; TINY
   5073  ffec				  -	      .byte	%00001000	; TINY
   5074  ffec				  -	      .byte	%00001000	; TINY
   5075  ffec				  -	      .byte	%00111000	; TINY
   5076  ffec				  -	      .byte	%00101000	; TINY
   5077  ffec				  -	      .byte	%00111000	; TINY
   5078  ffec				  -	      .byte	%00000000	; TINY
   5079  ffec				  -	      .byte	%00000000	; TINY
   5080  ffec				  -
   5081  ffec				  -	      ifconst	fontcharsHEX
   5082  ffec				  -LENHEX     =	48
   5083  ffec				  -
   5084  ffec				  -			;byte %00000000 ; TINY
   5085  ffec				  -
   5086  ffec				  -	      .byte	%00000000	; TINY
   5087  ffec				  -	      .byte	%00101000	; TINY
   5088  ffec				  -	      .byte	%00101000	; TINY
   5089  ffec				  -	      .byte	%00111000	; TINY
   5090  ffec				  -	      .byte	%00101000	; TINY
   5091  ffec				  -	      .byte	%00111000	; TINY
   5092  ffec				  -	      .byte	%00000000	; TINY
   5093  ffec				  -	      .byte	%00000000	; TINY
   5094  ffec				  -
   5095  ffec				  -			;byte %00000000 ; TINY
   5096  ffec				  -
   5097  ffec				  -	      .byte	%00000000	; TINY
   5098  ffec				  -	      .byte	%00110000	; TINY
   5099  ffec				  -	      .byte	%00101000	; TINY
   5100  ffec				  -	      .byte	%00110000	; TINY
   5101  ffec				  -	      .byte	%00101000	; TINY
   5102  ffec				  -	      .byte	%00110000	; TINY
   5103  ffec				  -	      .byte	%00000000	; TINY
   5104  ffec				  -	      .byte	%00000000	; TINY
   5105  ffec				  -
   5106  ffec				  -			;byte %00000000 ; TINY
   5107  ffec				  -
   5108  ffec				  -	      .byte	%00000000	; TINY
   5109  ffec				  -	      .byte	%00111000	; TINY
   5110  ffec				  -	      .byte	%00100000	; TINY
   5111  ffec				  -	      .byte	%00100000	; TINY
   5112  ffec				  -	      .byte	%00100000	; TINY
   5113  ffec				  -	      .byte	%00111000	; TINY
   5114  ffec				  -	      .byte	%00000000	; TINY
   5115  ffec				  -	      .byte	%00000000	; TINY
   5116  ffec				  -
   5117  ffec				  -			;byte %00000000 ; TINY
   5118  ffec				  -
   5119  ffec				  -	      .byte	%00000000	; TINY
   5120  ffec				  -	      .byte	%00110000	; TINY
   5121  ffec				  -	      .byte	%00101000	; TINY
   5122  ffec				  -	      .byte	%00101000	; TINY
   5123  ffec				  -	      .byte	%00101000	; TINY
   5124  ffec				  -	      .byte	%00110000	; TINY
   5125  ffec				  -	      .byte	%00000000	; TINY
   5126  ffec				  -	      .byte	%00000000	; TINY
   5127  ffec				  -
   5128  ffec				  -			;byte %00000000 ; TINY
   5129  ffec				  -
   5130  ffec				  -	      .byte	%00000000	; TINY
   5131  ffec				  -	      .byte	%00111000	; TINY
   5132  ffec				  -	      .byte	%00100000	; TINY
   5133  ffec				  -	      .byte	%00111000	; TINY
   5134  ffec				  -	      .byte	%00100000	; TINY
   5135  ffec				  -	      .byte	%00111000	; TINY
   5136  ffec				  -	      .byte	%00000000	; TINY
   5137  ffec				  -	      .byte	%00000000	; TINY
   5138  ffec				  -
   5139  ffec				  -			;byte %00000000 ; TINY
   5140  ffec				  -
   5141  ffec				  -	      .byte	%00000000	; TINY
   5142  ffec				  -	      .byte	%00100000	; TINY
   5143  ffec				  -	      .byte	%00100000	; TINY
   5144  ffec				  -	      .byte	%00111000	; TINY
   5145  ffec				  -	      .byte	%00100000	; TINY
   5146  ffec				  -	      .byte	%00111000	; TINY
   5147  ffec				  -	      .byte	%00000000	; TINY
   5148  ffec				  -	      .byte	%00000000	; TINY
   5149  ffec				  -
   5150  ffec				  -			;byte %00000000 ; TINY
   5151  ffec				  -			;byte %00000000 ; TINY
   5152  ffec				  -			;byte %00000000 ; TINY
   5153  ffec				  -			;byte %00000000 ; TINY
   5154  ffec				  -
   5155  ffec				  -	      else
   5156  ffec				  -LENHEX     =	0
   5157  ffec				  -
   5158  ffec				  -	      endif		; fontcharsHEX
   5159  ffec					      endif		; TINY
   5160  ffec
   5161  ffec				  -	      if	fontstyle == RETROPUTER
   5162  ffec				  -LENDEC     =	80
   5163  ffec				  -
   5164  ffec				  -			;byte %00000000 ; RETROPUTER
   5165  ffec				  -
   5166  ffec				  -	      .byte	%01111110	; RETROPUTER
   5167  ffec				  -	      .byte	%01000110	; RETROPUTER
   5168  ffec				  -	      .byte	%01000110	; RETROPUTER
   5169  ffec				  -	      .byte	%01000110	; RETROPUTER
   5170  ffec				  -	      .byte	%01100010	; RETROPUTER
   5171  ffec				  -	      .byte	%01100010	; RETROPUTER
   5172  ffec				  -	      .byte	%01100010	; RETROPUTER
   5173  ffec				  -	      .byte	%01111110	; RETROPUTER
   5174  ffec				  -
   5175  ffec				  -			;byte %00000000 ; RETROPUTER
   5176  ffec				  -
   5177  ffec				  -	      .byte	%00111000	; RETROPUTER
   5178  ffec				  -	      .byte	%00111000	; RETROPUTER
   5179  ffec				  -	      .byte	%00111000	; RETROPUTER
   5180  ffec				  -	      .byte	%00111000	; RETROPUTER
   5181  ffec				  -	      .byte	%00011000	; RETROPUTER
   5182  ffec				  -	      .byte	%00011000	; RETROPUTER
   5183  ffec				  -	      .byte	%00011000	; RETROPUTER
   5184  ffec				  -	      .byte	%00011000	; RETROPUTER
   5185  ffec				  -
   5186  ffec				  -			;byte %00000000 ; RETROPUTER
   5187  ffec				  -
   5188  ffec				  -	      .byte	%01111110	; RETROPUTER
   5189  ffec				  -	      .byte	%01100000	; RETROPUTER
   5190  ffec				  -	      .byte	%01100000	; RETROPUTER
   5191  ffec				  -	      .byte	%01100000	; RETROPUTER
   5192  ffec				  -	      .byte	%00111110	; RETROPUTER
   5193  ffec				  -	      .byte	%00000010	; RETROPUTER
   5194  ffec				  -	      .byte	%01000010	; RETROPUTER
   5195  ffec				  -	      .byte	%01111110	; RETROPUTER
   5196  ffec				  -
   5197  ffec				  -			;byte %00000000 ; RETROPUTER
   5198  ffec				  -
   5199  ffec				  -	      .byte	%01111110	; RETROPUTER
   5200  ffec				  -	      .byte	%01000110	; RETROPUTER
   5201  ffec				  -	      .byte	%00000110	; RETROPUTER
   5202  ffec				  -	      .byte	%00000110	; RETROPUTER
   5203  ffec				  -	      .byte	%00111110	; RETROPUTER
   5204  ffec				  -	      .byte	%00000010	; RETROPUTER
   5205  ffec				  -	      .byte	%01000010	; RETROPUTER
   5206  ffec				  -	      .byte	%01111110	; RETROPUTER
   5207  ffec				  -
   5208  ffec				  -			;byte %00000000 ; RETROPUTER
   5209  ffec				  -
   5210  ffec				  -	      .byte	%00001100	; RETROPUTER
   5211  ffec				  -	      .byte	%00001100	; RETROPUTER
   5212  ffec				  -	      .byte	%00001100	; RETROPUTER
   5213  ffec				  -	      .byte	%01111110	; RETROPUTER
   5214  ffec				  -	      .byte	%01000100	; RETROPUTER
   5215  ffec				  -	      .byte	%01000100	; RETROPUTER
   5216  ffec				  -	      .byte	%01000100	; RETROPUTER
   5217  ffec				  -	      .byte	%00000100	; RETROPUTER
   5218  ffec				  -
   5219  ffec				  -			;byte %00000000 ; RETROPUTER
   5220  ffec				  -
   5221  ffec				  -	      .byte	%01111110	; RETROPUTER
   5222  ffec				  -	      .byte	%01000110	; RETROPUTER
   5223  ffec				  -	      .byte	%00000110	; RETROPUTER
   5224  ffec				  -	      .byte	%00000110	; RETROPUTER
   5225  ffec				  -	      .byte	%01111100	; RETROPUTER
   5226  ffec				  -	      .byte	%01000000	; RETROPUTER
   5227  ffec				  -	      .byte	%01000000	; RETROPUTER
   5228  ffec				  -	      .byte	%01111110	; RETROPUTER
   5229  ffec				  -
   5230  ffec				  -			;byte %00000000 ; RETROPUTER
   5231  ffec				  -
   5232  ffec				  -	      .byte	%01111110	; RETROPUTER
   5233  ffec				  -	      .byte	%01000110	; RETROPUTER
   5234  ffec				  -	      .byte	%01000110	; RETROPUTER
   5235  ffec				  -	      .byte	%01000110	; RETROPUTER
   5236  ffec				  -	      .byte	%01111100	; RETROPUTER
   5237  ffec				  -	      .byte	%01000000	; RETROPUTER
   5238  ffec				  -	      .byte	%01000010	; RETROPUTER
   5239  ffec				  -	      .byte	%01111110	; RETROPUTER
   5240  ffec				  -
   5241  ffec				  -			;byte %00000000 ; RETROPUTER
   5242  ffec				  -
   5243  ffec				  -	      .byte	%00001100	; RETROPUTER
   5244  ffec				  -	      .byte	%00001100	; RETROPUTER
   5245  ffec				  -	      .byte	%00001100	; RETROPUTER
   5246  ffec				  -	      .byte	%00001100	; RETROPUTER
   5247  ffec				  -	      .byte	%00000100	; RETROPUTER
   5248  ffec				  -	      .byte	%00000010	; RETROPUTER
   5249  ffec				  -	      .byte	%01000010	; RETROPUTER
   5250  ffec				  -	      .byte	%01111110	; RETROPUTER
   5251  ffec				  -
   5252  ffec				  -			;byte %00000000 ; RETROPUTER
   5253  ffec				  -
   5254  ffec				  -	      .byte	%01111110	; RETROPUTER
   5255  ffec				  -	      .byte	%01000110	; RETROPUTER
   5256  ffec				  -	      .byte	%01000110	; RETROPUTER
   5257  ffec				  -	      .byte	%01000110	; RETROPUTER
   5258  ffec				  -	      .byte	%01111110	; RETROPUTER
   5259  ffec				  -	      .byte	%01000010	; RETROPUTER
   5260  ffec				  -	      .byte	%01000010	; RETROPUTER
   5261  ffec				  -	      .byte	%01111110	; RETROPUTER
   5262  ffec				  -
   5263  ffec				  -			;byte %00000000 ; RETROPUTER
   5264  ffec				  -
   5265  ffec				  -	      .byte	%00000110	; RETROPUTER
   5266  ffec				  -	      .byte	%00000110	; RETROPUTER
   5267  ffec				  -	      .byte	%00000110	; RETROPUTER
   5268  ffec				  -	      .byte	%00000010	; RETROPUTER
   5269  ffec				  -	      .byte	%01111110	; RETROPUTER
   5270  ffec				  -	      .byte	%01000010	; RETROPUTER
   5271  ffec				  -	      .byte	%01000010	; RETROPUTER
   5272  ffec				  -	      .byte	%01111110	; RETROPUTER
   5273  ffec				  -
   5274  ffec				  -	      ifconst	fontcharsHEX
   5275  ffec				  -LENHEX     =	48
   5276  ffec				  -
   5277  ffec				  -			;byte %00000000  ; RETROPUTER
   5278  ffec				  -
   5279  ffec				  -	      .byte	%01100010	; RETROPUTER
   5280  ffec				  -	      .byte	%01100010	; RETROPUTER
   5281  ffec				  -	      .byte	%01100010	; RETROPUTER
   5282  ffec				  -	      .byte	%01000010	; RETROPUTER
   5283  ffec				  -	      .byte	%01111110	; RETROPUTER
   5284  ffec				  -	      .byte	%01000010	; RETROPUTER
   5285  ffec				  -	      .byte	%01000010	; RETROPUTER
   5286  ffec				  -	      .byte	%01111110	; RETROPUTER
   5287  ffec				  -
   5288  ffec				  -			;byte %00000000 ; RETROPUTER
   5289  ffec				  -
   5290  ffec				  -	      .byte	%01111110	; RETROPUTER
   5291  ffec				  -	      .byte	%01100010	; RETROPUTER
   5292  ffec				  -	      .byte	%01100010	; RETROPUTER
   5293  ffec				  -	      .byte	%01000010	; RETROPUTER
   5294  ffec				  -	      .byte	%01111100	; RETROPUTER
   5295  ffec				  -	      .byte	%01000010	; RETROPUTER
   5296  ffec				  -	      .byte	%01000010	; RETROPUTER
   5297  ffec				  -	      .byte	%01111110	; RETROPUTER
   5298  ffec				  -
   5299  ffec				  -			;byte %00000000 ; RETROPUTER
   5300  ffec				  -
   5301  ffec				  -	      .byte	%01111110	; RETROPUTER
   5302  ffec				  -	      .byte	%01100010	; RETROPUTER
   5303  ffec				  -	      .byte	%01100010	; RETROPUTER
   5304  ffec				  -	      .byte	%01100000	; RETROPUTER
   5305  ffec				  -	      .byte	%01000000	; RETROPUTER
   5306  ffec				  -	      .byte	%01000000	; RETROPUTER
   5307  ffec				  -	      .byte	%01000010	; RETROPUTER
   5308  ffec				  -	      .byte	%01111110	; RETROPUTER
   5309  ffec				  -
   5310  ffec				  -			;byte %00000000 ; RETROPUTER
   5311  ffec				  -
   5312  ffec				  -	      .byte	%01111100	; RETROPUTER
   5313  ffec				  -	      .byte	%01100010	; RETROPUTER
   5314  ffec				  -	      .byte	%01100010	; RETROPUTER
   5315  ffec				  -	      .byte	%01100010	; RETROPUTER
   5316  ffec				  -	      .byte	%01000010	; RETROPUTER
   5317  ffec				  -	      .byte	%01000010	; RETROPUTER
   5318  ffec				  -	      .byte	%01000010	; RETROPUTER
   5319  ffec				  -	      .byte	%01111100	; RETROPUTER
   5320  ffec				  -
   5321  ffec				  -			;byte %00000000 ; RETROPUTER
   5322  ffec				  -
   5323  ffec				  -	      .byte	%01111110	; RETROPUTER
   5324  ffec				  -	      .byte	%01100010	; RETROPUTER
   5325  ffec				  -	      .byte	%01100000	; RETROPUTER
   5326  ffec				  -	      .byte	%01000000	; RETROPUTER
   5327  ffec				  -	      .byte	%01111100	; RETROPUTER
   5328  ffec				  -	      .byte	%01000000	; RETROPUTER
   5329  ffec				  -	      .byte	%01000010	; RETROPUTER
   5330  ffec				  -	      .byte	%01111110	; RETROPUTER
   5331  ffec				  -
   5332  ffec				  -			;byte %00000000 ; RETROPUTER
   5333  ffec				  -
   5334  ffec				  -	      .byte	%01100000	; RETROPUTER
   5335  ffec				  -	      .byte	%01100000	; RETROPUTER
   5336  ffec				  -	      .byte	%01100000	; RETROPUTER
   5337  ffec				  -	      .byte	%01000000	; RETROPUTER
   5338  ffec				  -	      .byte	%01111100	; RETROPUTER
   5339  ffec				  -	      .byte	%01000000	; RETROPUTER
   5340  ffec				  -	      .byte	%01000010	; RETROPUTER
   5341  ffec				  -	      .byte	%01111110	; RETROPUTER
   5342  ffec				  -
   5343  ffec				  -			;byte %00000000 ; RETROPUTER
   5344  ffec				  -			;byte %00000000 ; RETROPUTER
   5345  ffec				  -			;byte %00000000 ; RETROPUTER
   5346  ffec				  -			;byte %00000000 ; RETROPUTER
   5347  ffec				  -
   5348  ffec				  -	      else
   5349  ffec				  -LENHEX     =	0
   5350  ffec				  -	      endif		; fontcharsHEX
   5351  ffec					      endif		; RETROPUTER
   5352  ffec
   5353  ffec				  -	      if	fontstyle == CURVES
   5354  ffec				  -
   5355  ffec				  -LENDEC     =	80
   5356  ffec				  -
   5357  ffec				  -			;byte %00000000 ; CURVES
   5358  ffec				  -
   5359  ffec				  -	      .byte	%00111100	; CURVES
   5360  ffec				  -	      .byte	%01111110	; CURVES
   5361  ffec				  -	      .byte	%01100110	; CURVES
   5362  ffec				  -	      .byte	%01100110	; CURVES
   5363  ffec				  -	      .byte	%01100110	; CURVES
   5364  ffec				  -	      .byte	%01100110	; CURVES
   5365  ffec				  -	      .byte	%01111110	; CURVES
   5366  ffec				  -	      .byte	%00111100	; CURVES
   5367  ffec				  -
   5368  ffec				  -			;byte %00000000 ; CURVES
   5369  ffec				  -
   5370  ffec				  -	      .byte	%00011000	; CURVES
   5371  ffec				  -	      .byte	%00011000	; CURVES
   5372  ffec				  -	      .byte	%00011000	; CURVES
   5373  ffec				  -	      .byte	%00011000	; CURVES
   5374  ffec				  -	      .byte	%00011000	; CURVES
   5375  ffec				  -	      .byte	%00011000	; CURVES
   5376  ffec				  -	      .byte	%01111000	; CURVES
   5377  ffec				  -	      .byte	%01110000	; CURVES
   5378  ffec				  -
   5379  ffec				  -			;byte %00000000 ; CURVES
   5380  ffec				  -
   5381  ffec				  -	      .byte	%01111110	; CURVES
   5382  ffec				  -	      .byte	%01111110	; CURVES
   5383  ffec				  -	      .byte	%01100000	; CURVES
   5384  ffec				  -	      .byte	%01111100	; CURVES
   5385  ffec				  -	      .byte	%00111110	; CURVES
   5386  ffec				  -	      .byte	%00000110	; CURVES
   5387  ffec				  -	      .byte	%01111110	; CURVES
   5388  ffec				  -	      .byte	%01111100	; CURVES
   5389  ffec				  -
   5390  ffec				  -			;byte %00000000 ; CURVES
   5391  ffec				  -
   5392  ffec				  -	      .byte	%01111100	; CURVES
   5393  ffec				  -	      .byte	%01111110	; CURVES
   5394  ffec				  -	      .byte	%00001110	; CURVES
   5395  ffec				  -	      .byte	%00111100	; CURVES
   5396  ffec				  -	      .byte	%00111100	; CURVES
   5397  ffec				  -	      .byte	%00001110	; CURVES
   5398  ffec				  -	      .byte	%01111110	; CURVES
   5399  ffec				  -	      .byte	%01111100	; CURVES
   5400  ffec				  -
   5401  ffec				  -			;byte %00000000 ; CURVES
   5402  ffec				  -
   5403  ffec				  -	      .byte	%00000110	; CURVES
   5404  ffec				  -	      .byte	%00000110	; CURVES
   5405  ffec				  -	      .byte	%00111110	; CURVES
   5406  ffec				  -	      .byte	%01111110	; CURVES
   5407  ffec				  -	      .byte	%01100110	; CURVES
   5408  ffec				  -	      .byte	%01100110	; CURVES
   5409  ffec				  -	      .byte	%01100110	; CURVES
   5410  ffec				  -	      .byte	%01100110	; CURVES
   5411  ffec				  -
   5412  ffec				  -			;byte %00000000 ; CURVES
   5413  ffec				  -
   5414  ffec				  -	      .byte	%01111100	; CURVES
   5415  ffec				  -	      .byte	%01111110	; CURVES
   5416  ffec				  -	      .byte	%00000110	; CURVES
   5417  ffec				  -	      .byte	%01111110	; CURVES
   5418  ffec				  -	      .byte	%01111100	; CURVES
   5419  ffec				  -	      .byte	%01100000	; CURVES
   5420  ffec				  -	      .byte	%01111110	; CURVES
   5421  ffec				  -	      .byte	%01111110	; CURVES
   5422  ffec				  -
   5423  ffec				  -			;byte %00000000 ; CURVES
   5424  ffec				  -
   5425  ffec				  -	      .byte	%00111100	; CURVES
   5426  ffec				  -	      .byte	%01111110	; CURVES
   5427  ffec				  -	      .byte	%01100110	; CURVES
   5428  ffec				  -	      .byte	%01111110	; CURVES
   5429  ffec				  -	      .byte	%01111100	; CURVES
   5430  ffec				  -	      .byte	%01100000	; CURVES
   5431  ffec				  -	      .byte	%01111110	; CURVES
   5432  ffec				  -	      .byte	%00111110	; CURVES
   5433  ffec				  -
   5434  ffec				  -			;byte %00000000 ; CURVES
   5435  ffec				  -
   5436  ffec				  -	      .byte	%00000110	; CURVES
   5437  ffec				  -	      .byte	%00000110	; CURVES
   5438  ffec				  -	      .byte	%00000110	; CURVES
   5439  ffec				  -	      .byte	%00000110	; CURVES
   5440  ffec				  -	      .byte	%00000110	; CURVES
   5441  ffec				  -	      .byte	%01100110	; CURVES
   5442  ffec				  -	      .byte	%01111110	; CURVES
   5443  ffec				  -	      .byte	%00111100	; CURVES
   5444  ffec				  -
   5445  ffec				  -			;byte %00000000 ; CURVES
   5446  ffec				  -
   5447  ffec				  -	      .byte	%00111100	; CURVES
   5448  ffec				  -	      .byte	%01111110	; CURVES
   5449  ffec				  -	      .byte	%01100110	; CURVES
   5450  ffec				  -	      .byte	%01111110	; CURVES
   5451  ffec				  -	      .byte	%00111100	; CURVES
   5452  ffec				  -	      .byte	%01100110	; CURVES
   5453  ffec				  -	      .byte	%01111110	; CURVES
   5454  ffec				  -	      .byte	%00111100	; CURVES
   5455  ffec				  -
   5456  ffec				  -			;byte %00000000 ; CURVES
   5457  ffec				  -
   5458  ffec				  -	      .byte	%01111100	; CURVES
   5459  ffec				  -	      .byte	%01111110	; CURVES
   5460  ffec				  -	      .byte	%00000110	; CURVES
   5461  ffec				  -	      .byte	%00111110	; CURVES
   5462  ffec				  -	      .byte	%01111110	; CURVES
   5463  ffec				  -	      .byte	%01100110	; CURVES
   5464  ffec				  -	      .byte	%01111110	; CURVES
   5465  ffec				  -	      .byte	%00111100	; CURVES
   5466  ffec				  -
   5467  ffec				  -	      ifconst	fontcharsHEX
   5468  ffec				  -LENHEX     =	48
   5469  ffec				  -
   5470  ffec				  -			;byte %00000000 ; CURVES
   5471  ffec				  -
   5472  ffec				  -	      .byte	%01100110	; CURVES
   5473  ffec				  -	      .byte	%01100110	; CURVES
   5474  ffec				  -	      .byte	%01111110	; CURVES
   5475  ffec				  -	      .byte	%01111110	; CURVES
   5476  ffec				  -	      .byte	%01100110	; CURVES
   5477  ffec				  -	      .byte	%01100110	; CURVES
   5478  ffec				  -	      .byte	%01111110	; CURVES
   5479  ffec				  -	      .byte	%00111100	; CURVES
   5480  ffec				  -
   5481  ffec				  -			;byte %00000000 ; CURVES
   5482  ffec				  -
   5483  ffec				  -	      .byte	%01111100	; CURVES
   5484  ffec				  -	      .byte	%01111110	; CURVES
   5485  ffec				  -	      .byte	%01100110	; CURVES
   5486  ffec				  -	      .byte	%01111110	; CURVES
   5487  ffec				  -	      .byte	%01111100	; CURVES
   5488  ffec				  -	      .byte	%01100110	; CURVES
   5489  ffec				  -	      .byte	%01111110	; CURVES
   5490  ffec				  -	      .byte	%01111100	; CURVES
   5491  ffec				  -
   5492  ffec				  -			;byte %00000000 ; CURVES
   5493  ffec				  -
   5494  ffec				  -	      .byte	%00111110	; CURVES
   5495  ffec				  -	      .byte	%01111110	; CURVES
   5496  ffec				  -	      .byte	%01100000	; CURVES
   5497  ffec				  -	      .byte	%01100000	; CURVES
   5498  ffec				  -	      .byte	%01100000	; CURVES
   5499  ffec				  -	      .byte	%01100000	; CURVES
   5500  ffec				  -	      .byte	%01111110	; CURVES
   5501  ffec				  -	      .byte	%00111110	; CURVES
   5502  ffec				  -
   5503  ffec				  -			;byte %00000000 ; CURVES
   5504  ffec				  -
   5505  ffec				  -	      .byte	%01111100	; CURVES
   5506  ffec				  -	      .byte	%01111110	; CURVES
   5507  ffec				  -	      .byte	%01100110	; CURVES
   5508  ffec				  -	      .byte	%01100110	; CURVES
   5509  ffec				  -	      .byte	%01100110	; CURVES
   5510  ffec				  -	      .byte	%01100110	; CURVES
   5511  ffec				  -	      .byte	%01111110	; CURVES
   5512  ffec				  -	      .byte	%01111100	; CURVES
   5513  ffec				  -
   5514  ffec				  -			;byte %00000000 ; CURVES
   5515  ffec				  -
   5516  ffec				  -	      .byte	%00111110	; CURVES
   5517  ffec				  -	      .byte	%01111110	; CURVES
   5518  ffec				  -	      .byte	%01100000	; CURVES
   5519  ffec				  -	      .byte	%01111100	; CURVES
   5520  ffec				  -	      .byte	%01111100	; CURVES
   5521  ffec				  -	      .byte	%01100000	; CURVES
   5522  ffec				  -	      .byte	%01111110	; CURVES
   5523  ffec				  -	      .byte	%00111110	; CURVES
   5524  ffec				  -
   5525  ffec				  -			;byte %00000000 ; CURVES
   5526  ffec				  -
   5527  ffec				  -	      .byte	%01100000	; CURVES
   5528  ffec				  -	      .byte	%01100000	; CURVES
   5529  ffec				  -	      .byte	%01100000	; CURVES
   5530  ffec				  -	      .byte	%01111100	; CURVES
   5531  ffec				  -	      .byte	%01111100	; CURVES
   5532  ffec				  -	      .byte	%01100000	; CURVES
   5533  ffec				  -	      .byte	%01111110	; CURVES
   5534  ffec				  -	      .byte	%00111110	; CURVES
   5535  ffec				  -
   5536  ffec				  -			;byte %00000000 ; CURVES
   5537  ffec				  -			;byte %00000000 ; CURVES
   5538  ffec				  -			;byte %00000000 ; CURVES
   5539  ffec				  -			;byte %00000000 ; CURVES
   5540  ffec				  -
   5541  ffec				  -	      else
   5542  ffec				  -LENHEX     =	0
   5543  ffec				  -	      endif		; fontcharsHEX 
   5544  ffec					      endif		; CURVES
   5545  ffec
   5546  ffec
   5547  ffec				  -	      if	fontstyle == HUSKY
   5548  ffec				  -
   5549  ffec				  -LENDEC     =	80
   5550  ffec				  -
   5551  ffec				  -			;byte %00000000 ; HUSKY
   5552  ffec				  -
   5553  ffec				  -	      .byte	%01111100	; HUSKY
   5554  ffec				  -	      .byte	%11111110	; HUSKY
   5555  ffec				  -	      .byte	%11101110	; HUSKY
   5556  ffec				  -	      .byte	%11101110	; HUSKY
   5557  ffec				  -	      .byte	%11101110	; HUSKY
   5558  ffec				  -	      .byte	%11101110	; HUSKY
   5559  ffec				  -	      .byte	%11111110	; HUSKY
   5560  ffec				  -	      .byte	%01111100	; HUSKY
   5561  ffec				  -
   5562  ffec				  -			;byte %00000000 ; HUSKY
   5563  ffec				  -
   5564  ffec				  -	      .byte	%00111000	; HUSKY
   5565  ffec				  -	      .byte	%00111000	; HUSKY
   5566  ffec				  -	      .byte	%00111000	; HUSKY
   5567  ffec				  -	      .byte	%00111000	; HUSKY
   5568  ffec				  -	      .byte	%00111000	; HUSKY
   5569  ffec				  -	      .byte	%00111000	; HUSKY
   5570  ffec				  -	      .byte	%00111000	; HUSKY
   5571  ffec				  -	      .byte	%00111000	; HUSKY
   5572  ffec				  -
   5573  ffec				  -			;byte %00000000 ; HUSKY
   5574  ffec				  -
   5575  ffec				  -	      .byte	%11111110	; HUSKY
   5576  ffec				  -	      .byte	%11111110	; HUSKY
   5577  ffec				  -	      .byte	%11100000	; HUSKY
   5578  ffec				  -	      .byte	%11111100	; HUSKY
   5579  ffec				  -	      .byte	%01111110	; HUSKY
   5580  ffec				  -	      .byte	%00001110	; HUSKY
   5581  ffec				  -	      .byte	%11111110	; HUSKY
   5582  ffec				  -	      .byte	%11111100	; HUSKY
   5583  ffec				  -
   5584  ffec				  -			;byte %00000000 ; HUSKY
   5585  ffec				  -
   5586  ffec				  -	      .byte	%11111100	; HUSKY
   5587  ffec				  -	      .byte	%11111110	; HUSKY
   5588  ffec				  -	      .byte	%00001110	; HUSKY
   5589  ffec				  -	      .byte	%11111100	; HUSKY
   5590  ffec				  -	      .byte	%11111100	; HUSKY
   5591  ffec				  -	      .byte	%00001110	; HUSKY
   5592  ffec				  -	      .byte	%11111110	; HUSKY
   5593  ffec				  -	      .byte	%11111100	; HUSKY
   5594  ffec				  -
   5595  ffec				  -			;byte %00000000 ; HUSKY
   5596  ffec				  -
   5597  ffec				  -	      .byte	%00011100	; HUSKY
   5598  ffec				  -	      .byte	%00011100	; HUSKY
   5599  ffec				  -	      .byte	%11111110	; HUSKY
   5600  ffec				  -	      .byte	%11111110	; HUSKY
   5601  ffec				  -	      .byte	%11011100	; HUSKY
   5602  ffec				  -	      .byte	%11011100	; HUSKY
   5603  ffec				  -	      .byte	%00011100	; HUSKY
   5604  ffec				  -	      .byte	%00011100	; HUSKY
   5605  ffec				  -
   5606  ffec				  -			;byte %00000000 ; HUSKY
   5607  ffec				  -
   5608  ffec				  -	      .byte	%11111100	; HUSKY
   5609  ffec				  -	      .byte	%11111110	; HUSKY
   5610  ffec				  -	      .byte	%00001110	; HUSKY
   5611  ffec				  -	      .byte	%11111110	; HUSKY
   5612  ffec				  -	      .byte	%11111100	; HUSKY
   5613  ffec				  -	      .byte	%11100000	; HUSKY
   5614  ffec				  -	      .byte	%11111110	; HUSKY
   5615  ffec				  -	      .byte	%11111110	; HUSKY
   5616  ffec				  -
   5617  ffec				  -			;byte %00000000 ; HUSKY
   5618  ffec				  -
   5619  ffec				  -	      .byte	%01111100	; HUSKY
   5620  ffec				  -	      .byte	%11111110	; HUSKY
   5621  ffec				  -	      .byte	%11101110	; HUSKY
   5622  ffec				  -	      .byte	%11111110	; HUSKY
   5623  ffec				  -	      .byte	%11111100	; HUSKY
   5624  ffec				  -	      .byte	%11100000	; HUSKY
   5625  ffec				  -	      .byte	%11111110	; HUSKY
   5626  ffec				  -	      .byte	%01111110	; HUSKY
   5627  ffec				  -
   5628  ffec				  -			;byte %00000000 ; HUSKY
   5629  ffec				  -
   5630  ffec				  -	      .byte	%00111000	; HUSKY
   5631  ffec				  -	      .byte	%00111000	; HUSKY
   5632  ffec				  -	      .byte	%00111000	; HUSKY
   5633  ffec				  -	      .byte	%00111000	; HUSKY
   5634  ffec				  -	      .byte	%00011100	; HUSKY
   5635  ffec				  -	      .byte	%00001110	; HUSKY
   5636  ffec				  -	      .byte	%11111110	; HUSKY
   5637  ffec				  -	      .byte	%11111110	; HUSKY
   5638  ffec				  -
   5639  ffec				  -			;byte %00000000 ; HUSKY
   5640  ffec				  -
   5641  ffec				  -	      .byte	%01111100	; HUSKY
   5642  ffec				  -	      .byte	%11111110	; HUSKY
   5643  ffec				  -	      .byte	%11101110	; HUSKY
   5644  ffec				  -	      .byte	%11111110	; HUSKY
   5645  ffec				  -	      .byte	%01111100	; HUSKY
   5646  ffec				  -	      .byte	%11101110	; HUSKY
   5647  ffec				  -	      .byte	%11111110	; HUSKY
   5648  ffec				  -	      .byte	%01111100	; HUSKY
   5649  ffec				  -
   5650  ffec				  -			;byte %00000000 ; HUSKY
   5651  ffec				  -
   5652  ffec				  -	      .byte	%11111100	; HUSKY
   5653  ffec				  -	      .byte	%11111110	; HUSKY
   5654  ffec				  -	      .byte	%00001110	; HUSKY
   5655  ffec				  -	      .byte	%01111110	; HUSKY
   5656  ffec				  -	      .byte	%11111110	; HUSKY
   5657  ffec				  -	      .byte	%11101110	; HUSKY
   5658  ffec				  -	      .byte	%11111110	; HUSKY
   5659  ffec				  -	      .byte	%01111100	; HUSKY
   5660  ffec				  -
   5661  ffec				  -	      ifconst	fontcharsHEX
   5662  ffec				  -LENHEX     =	48
   5663  ffec				  -
   5664  ffec				  -			;byte %00000000 ; HUSKY
   5665  ffec				  -
   5666  ffec				  -	      .byte	%11101110	; HUSKY
   5667  ffec				  -	      .byte	%11101110	; HUSKY
   5668  ffec				  -	      .byte	%11111110	; HUSKY
   5669  ffec				  -	      .byte	%11111110	; HUSKY
   5670  ffec				  -	      .byte	%11101110	; HUSKY
   5671  ffec				  -	      .byte	%11111110	; HUSKY
   5672  ffec				  -	      .byte	%01111100	; HUSKY
   5673  ffec				  -	      .byte	%00111000	; HUSKY
   5674  ffec				  -
   5675  ffec				  -			;byte %00000000 ; HUSKY
   5676  ffec				  -
   5677  ffec				  -	      .byte	%11111100	; HUSKY
   5678  ffec				  -	      .byte	%11111110	; HUSKY
   5679  ffec				  -	      .byte	%11101110	; HUSKY
   5680  ffec				  -	      .byte	%11111110	; HUSKY
   5681  ffec				  -	      .byte	%11111100	; HUSKY
   5682  ffec				  -	      .byte	%11101110	; HUSKY
   5683  ffec				  -	      .byte	%11111110	; HUSKY
   5684  ffec				  -	      .byte	%11111100	; HUSKY
   5685  ffec				  -
   5686  ffec				  -			;byte %00000000 ; HUSKY
   5687  ffec				  -
   5688  ffec				  -	      .byte	%01111110	; HUSKY
   5689  ffec				  -	      .byte	%11111110	; HUSKY
   5690  ffec				  -	      .byte	%11110000	; HUSKY
   5691  ffec				  -	      .byte	%11100000	; HUSKY
   5692  ffec				  -	      .byte	%11100000	; HUSKY
   5693  ffec				  -	      .byte	%11110000	; HUSKY
   5694  ffec				  -	      .byte	%11111110	; HUSKY
   5695  ffec				  -	      .byte	%01111110	; HUSKY
   5696  ffec				  -
   5697  ffec				  -			;byte %00000000 ; HUSKY
   5698  ffec				  -
   5699  ffec				  -	      .byte	%11111000	; HUSKY
   5700  ffec				  -	      .byte	%11111100	; HUSKY
   5701  ffec				  -	      .byte	%11111110	; HUSKY
   5702  ffec				  -	      .byte	%11101110	; HUSKY
   5703  ffec				  -	      .byte	%11101110	; HUSKY
   5704  ffec				  -	      .byte	%11111110	; HUSKY
   5705  ffec				  -	      .byte	%11111100	; HUSKY
   5706  ffec				  -	      .byte	%11111000	; HUSKY
   5707  ffec				  -
   5708  ffec				  -			;byte %00000000 ; HUSKY
   5709  ffec				  -
   5710  ffec				  -	      .byte	%11111110	; HUSKY
   5711  ffec				  -	      .byte	%11111110	; HUSKY
   5712  ffec				  -	      .byte	%11100000	; HUSKY
   5713  ffec				  -	      .byte	%11111110	; HUSKY
   5714  ffec				  -	      .byte	%11111110	; HUSKY
   5715  ffec				  -	      .byte	%11100000	; HUSKY
   5716  ffec				  -	      .byte	%11111110	; HUSKY
   5717  ffec				  -	      .byte	%11111110	; HUSKY
   5718  ffec				  -
   5719  ffec				  -			;byte %00000000 ; HUSKY
   5720  ffec				  -
   5721  ffec				  -	      .byte	%11100000	; HUSKY
   5722  ffec				  -	      .byte	%11100000	; HUSKY
   5723  ffec				  -	      .byte	%11100000	; HUSKY
   5724  ffec				  -	      .byte	%11111110	; HUSKY
   5725  ffec				  -	      .byte	%11111110	; HUSKY
   5726  ffec				  -	      .byte	%11100000	; HUSKY
   5727  ffec				  -	      .byte	%11111110	; HUSKY
   5728  ffec				  -	      .byte	%11111110	; HUSKY
   5729  ffec				  -
   5730  ffec				  -			;byte %00000000 ; HUSKY
   5731  ffec				  -			;byte %00000000 ; HUSKY
   5732  ffec				  -			;byte %00000000 ; HUSKY
   5733  ffec				  -			;byte %00000000 ; HUSKY
   5734  ffec				  -
   5735  ffec				  -	      else
   5736  ffec				  -LENHEX     =	0
   5737  ffec				  -	      endif		; fontcharsHEX 
   5738  ffec					      endif		; HUSKY
   5739  ffec
   5740  ffec
   5741  ffec				  -	      if	fontstyle == SNAKE
   5742  ffec				  -
   5743  ffec				  -LENDEC     =	80
   5744  ffec				  -
   5745  ffec				  -			;byte %00000000 ; SNAKE
   5746  ffec				  -
   5747  ffec				  -	      .byte	%01111110	; SNAKE
   5748  ffec				  -	      .byte	%01000010	; SNAKE
   5749  ffec				  -	      .byte	%01000010	; SNAKE
   5750  ffec				  -	      .byte	%01000010	; SNAKE
   5751  ffec				  -	      .byte	%01000010	; SNAKE
   5752  ffec				  -	      .byte	%01000010	; SNAKE
   5753  ffec				  -	      .byte	%01000010	; SNAKE
   5754  ffec				  -	      .byte	%01111110	; SNAKE
   5755  ffec				  -
   5756  ffec				  -			;byte %00000000 ; SNAKE
   5757  ffec				  -
   5758  ffec				  -	      .byte	%00111000	; SNAKE
   5759  ffec				  -	      .byte	%00101000	; SNAKE
   5760  ffec				  -	      .byte	%00001000	; SNAKE
   5761  ffec				  -	      .byte	%00001000	; SNAKE
   5762  ffec				  -	      .byte	%00001000	; SNAKE
   5763  ffec				  -	      .byte	%00001000	; SNAKE
   5764  ffec				  -	      .byte	%00001000	; SNAKE
   5765  ffec				  -	      .byte	%00111000	; SNAKE
   5766  ffec				  -
   5767  ffec				  -			;byte %00000000 ; SNAKE
   5768  ffec				  -
   5769  ffec				  -	      .byte	%01111110	; SNAKE
   5770  ffec				  -	      .byte	%01000010	; SNAKE
   5771  ffec				  -	      .byte	%01000110	; SNAKE
   5772  ffec				  -	      .byte	%01000000	; SNAKE
   5773  ffec				  -	      .byte	%01111110	; SNAKE
   5774  ffec				  -	      .byte	%00000010	; SNAKE
   5775  ffec				  -	      .byte	%01000010	; SNAKE
   5776  ffec				  -	      .byte	%01111110	; SNAKE
   5777  ffec				  -
   5778  ffec				  -			;byte %00000000 ; SNAKE
   5779  ffec				  -
   5780  ffec				  -	      .byte	%01111110	; SNAKE
   5781  ffec				  -	      .byte	%01000010	; SNAKE
   5782  ffec				  -	      .byte	%01100010	; SNAKE
   5783  ffec				  -	      .byte	%00000010	; SNAKE
   5784  ffec				  -	      .byte	%01111110	; SNAKE
   5785  ffec				  -	      .byte	%00000010	; SNAKE
   5786  ffec				  -	      .byte	%01000010	; SNAKE
   5787  ffec				  -	      .byte	%01111110	; SNAKE
   5788  ffec				  -
   5789  ffec				  -			;byte %00000000 ; SNAKE
   5790  ffec				  -
   5791  ffec				  -	      .byte	%00001110	; SNAKE
   5792  ffec				  -	      .byte	%00001010	; SNAKE
   5793  ffec				  -	      .byte	%00000010	; SNAKE
   5794  ffec				  -	      .byte	%01111110	; SNAKE
   5795  ffec				  -	      .byte	%01000010	; SNAKE
   5796  ffec				  -	      .byte	%01000010	; SNAKE
   5797  ffec				  -	      .byte	%01000010	; SNAKE
   5798  ffec				  -	      .byte	%01100110	; SNAKE
   5799  ffec				  -
   5800  ffec				  -			;byte %00000000 ; SNAKE
   5801  ffec				  -
   5802  ffec				  -	      .byte	%01111110	; SNAKE
   5803  ffec				  -	      .byte	%01000010	; SNAKE
   5804  ffec				  -	      .byte	%01100010	; SNAKE
   5805  ffec				  -	      .byte	%00000010	; SNAKE
   5806  ffec				  -	      .byte	%01111110	; SNAKE
   5807  ffec				  -	      .byte	%01000000	; SNAKE
   5808  ffec				  -	      .byte	%01000010	; SNAKE
   5809  ffec				  -	      .byte	%01111110	; SNAKE
   5810  ffec				  -
   5811  ffec				  -			;byte %00000000 ; SNAKE
   5812  ffec				  -
   5813  ffec				  -	      .byte	%01111110	; SNAKE
   5814  ffec				  -	      .byte	%01000010	; SNAKE
   5815  ffec				  -	      .byte	%01000010	; SNAKE
   5816  ffec				  -	      .byte	%01111110	; SNAKE
   5817  ffec				  -	      .byte	%01000000	; SNAKE
   5818  ffec				  -	      .byte	%01000110	; SNAKE
   5819  ffec				  -	      .byte	%01000010	; SNAKE
   5820  ffec				  -	      .byte	%01111110	; SNAKE
   5821  ffec				  -
   5822  ffec				  -			;byte %00000000 ; SNAKE
   5823  ffec				  -
   5824  ffec				  -	      .byte	%00000110	; SNAKE
   5825  ffec				  -	      .byte	%00000010	; SNAKE
   5826  ffec				  -	      .byte	%00000010	; SNAKE
   5827  ffec				  -	      .byte	%00000010	; SNAKE
   5828  ffec				  -	      .byte	%00000010	; SNAKE
   5829  ffec				  -	      .byte	%01100010	; SNAKE
   5830  ffec				  -	      .byte	%01000010	; SNAKE
   5831  ffec				  -	      .byte	%01111110	; SNAKE
   5832  ffec				  -
   5833  ffec				  -			;byte %00000000 ; SNAKE
   5834  ffec				  -
   5835  ffec				  -	      .byte	%01111110	; SNAKE
   5836  ffec				  -	      .byte	%01000010	; SNAKE
   5837  ffec				  -	      .byte	%01000010	; SNAKE
   5838  ffec				  -	      .byte	%01000010	; SNAKE
   5839  ffec				  -	      .byte	%01111110	; SNAKE
   5840  ffec				  -	      .byte	%01000010	; SNAKE
   5841  ffec				  -	      .byte	%01000010	; SNAKE
   5842  ffec				  -	      .byte	%01111110	; SNAKE
   5843  ffec				  -
   5844  ffec				  -			;byte %00000000 ; SNAKE
   5845  ffec				  -
   5846  ffec				  -	      .byte	%00001110	; SNAKE
   5847  ffec				  -	      .byte	%00001010	; SNAKE
   5848  ffec				  -	      .byte	%00000010	; SNAKE
   5849  ffec				  -	      .byte	%00000010	; SNAKE
   5850  ffec				  -	      .byte	%01111110	; SNAKE
   5851  ffec				  -	      .byte	%01000010	; SNAKE
   5852  ffec				  -	      .byte	%01000010	; SNAKE
   5853  ffec				  -	      .byte	%01111110	; SNAKE
   5854  ffec				  -
   5855  ffec				  -
   5856  ffec				  -	      ifconst	fontcharsHEX
   5857  ffec				  -LENHEX     =	48
   5858  ffec				  -
   5859  ffec				  -			;byte %00000000 ; SNAKE
   5860  ffec				  -
   5861  ffec				  -	      .byte	%01100110	; SNAKE
   5862  ffec				  -	      .byte	%01000010	; SNAKE
   5863  ffec				  -	      .byte	%01000010	; SNAKE
   5864  ffec				  -	      .byte	%01000010	; SNAKE
   5865  ffec				  -	      .byte	%01111110	; SNAKE
   5866  ffec				  -	      .byte	%01000010	; SNAKE
   5867  ffec				  -	      .byte	%01000010	; SNAKE
   5868  ffec				  -	      .byte	%01111110	; SNAKE
   5869  ffec				  -
   5870  ffec				  -			;byte %00000000 ; SNAKE
   5871  ffec				  -
   5872  ffec				  -	      .byte	%01111110	; SNAKE
   5873  ffec				  -	      .byte	%01000010	; SNAKE
   5874  ffec				  -	      .byte	%01000010	; SNAKE
   5875  ffec				  -	      .byte	%01000110	; SNAKE
   5876  ffec				  -	      .byte	%01111100	; SNAKE
   5877  ffec				  -	      .byte	%01000110	; SNAKE
   5878  ffec				  -	      .byte	%01000010	; SNAKE
   5879  ffec				  -	      .byte	%01111110	; SNAKE
   5880  ffec				  -
   5881  ffec				  -			;byte %00000000 ; SNAKE
   5882  ffec				  -
   5883  ffec				  -	      .byte	%01111110	; SNAKE
   5884  ffec				  -	      .byte	%01000010	; SNAKE
   5885  ffec				  -	      .byte	%01000110	; SNAKE
   5886  ffec				  -	      .byte	%01000000	; SNAKE
   5887  ffec				  -	      .byte	%01000000	; SNAKE
   5888  ffec				  -	      .byte	%01000110	; SNAKE
   5889  ffec				  -	      .byte	%01000010	; SNAKE
   5890  ffec				  -	      .byte	%01111110	; SNAKE
   5891  ffec				  -
   5892  ffec				  -			;byte %00000000 ; SNAKE
   5893  ffec				  -
   5894  ffec				  -	      .byte	%01111100	; SNAKE
   5895  ffec				  -	      .byte	%01000110	; SNAKE
   5896  ffec				  -	      .byte	%01000010	; SNAKE
   5897  ffec				  -	      .byte	%01000010	; SNAKE
   5898  ffec				  -	      .byte	%01000010	; SNAKE
   5899  ffec				  -	      .byte	%01000010	; SNAKE
   5900  ffec				  -	      .byte	%01000110	; SNAKE
   5901  ffec				  -	      .byte	%01111100	; SNAKE
   5902  ffec				  -
   5903  ffec				  -			;byte %00000000 ; SNAKE
   5904  ffec				  -
   5905  ffec				  -	      .byte	%01111110	; SNAKE
   5906  ffec				  -	      .byte	%01000010	; SNAKE
   5907  ffec				  -	      .byte	%01000110	; SNAKE
   5908  ffec				  -	      .byte	%01000000	; SNAKE
   5909  ffec				  -	      .byte	%01111000	; SNAKE
   5910  ffec				  -	      .byte	%01000000	; SNAKE
   5911  ffec				  -	      .byte	%01000010	; SNAKE
   5912  ffec				  -	      .byte	%01111110	; SNAKE
   5913  ffec				  -
   5914  ffec				  -			;byte %00000000 ; SNAKE
   5915  ffec				  -
   5916  ffec				  -	      .byte	%01000000	; SNAKE
   5917  ffec				  -	      .byte	%01000000	; SNAKE
   5918  ffec				  -	      .byte	%01000000	; SNAKE
   5919  ffec				  -	      .byte	%01000000	; SNAKE
   5920  ffec				  -	      .byte	%01111000	; SNAKE
   5921  ffec				  -	      .byte	%01000000	; SNAKE
   5922  ffec				  -	      .byte	%01000010	; SNAKE
   5923  ffec				  -	      .byte	%01111110	; SNAKE
   5924  ffec				  -
   5925  ffec				  -			;byte %00000000 ; SNAKE
   5926  ffec				  -			;byte %00000000 ; SNAKE
   5927  ffec				  -			;byte %00000000 ; SNAKE
   5928  ffec				  -			;byte %00000000 ; SNAKE
   5929  ffec				  -
   5930  ffec				  -	      else
   5931  ffec				  -LENHEX     =	0
   5932  ffec				  -	      endif		; fontcharsHEX 
   5933  ffec					      endif		; SNAKE
   5934  ffec
   5935  ffec				  -	      if	fontstyle == PLOK
   5936  ffec				  -LENDEC     =	80
   5937  ffec				  -
   5938  ffec				  -			;byte %00000000 ; PLOK
   5939  ffec				  -
   5940  ffec				  -	      .byte	%00000000	; PLOK
   5941  ffec				  -	      .byte	%00111000	; PLOK
   5942  ffec				  -	      .byte	%01100100	; PLOK
   5943  ffec				  -	      .byte	%01100010	; PLOK
   5944  ffec				  -	      .byte	%01100010	; PLOK
   5945  ffec				  -	      .byte	%00110110	; PLOK
   5946  ffec				  -	      .byte	%00011100	; PLOK
   5947  ffec				  -	      .byte	%00000000	; PLOK
   5948  ffec				  -
   5949  ffec				  -			;byte %00000000 ; PLOK
   5950  ffec				  -
   5951  ffec				  -	      .byte	%00000000	; PLOK
   5952  ffec				  -	      .byte	%00010000	; PLOK
   5953  ffec				  -	      .byte	%00011100	; PLOK
   5954  ffec				  -	      .byte	%00011100	; PLOK
   5955  ffec				  -	      .byte	%00011000	; PLOK
   5956  ffec				  -	      .byte	%00111000	; PLOK
   5957  ffec				  -	      .byte	%00011000	; PLOK
   5958  ffec				  -	      .byte	%00000000	; PLOK
   5959  ffec				  -
   5960  ffec				  -			;byte %00000000 ; PLOK
   5961  ffec				  -
   5962  ffec				  -	      .byte	%00000000	; PLOK
   5963  ffec				  -	      .byte	%00001110	; PLOK
   5964  ffec				  -	      .byte	%01111110	; PLOK
   5965  ffec				  -	      .byte	%00011000	; PLOK
   5966  ffec				  -	      .byte	%00001100	; PLOK
   5967  ffec				  -	      .byte	%00000110	; PLOK
   5968  ffec				  -	      .byte	%00111100	; PLOK
   5969  ffec				  -	      .byte	%00000000	; PLOK
   5970  ffec				  -
   5971  ffec				  -			;byte %00000000 ; PLOK
   5972  ffec				  -
   5973  ffec				  -	      .byte	%00000000	; PLOK
   5974  ffec				  -	      .byte	%00111100	; PLOK
   5975  ffec				  -	      .byte	%01101110	; PLOK
   5976  ffec				  -	      .byte	%00001110	; PLOK
   5977  ffec				  -	      .byte	%00011100	; PLOK
   5978  ffec				  -	      .byte	%00000110	; PLOK
   5979  ffec				  -	      .byte	%01111100	; PLOK
   5980  ffec				  -	      .byte	%00000000	; PLOK
   5981  ffec				  -
   5982  ffec				  -			;byte %00000000 ; PLOK
   5983  ffec				  -
   5984  ffec				  -	      .byte	%00000000	; PLOK
   5985  ffec				  -	      .byte	%00011000	; PLOK
   5986  ffec				  -	      .byte	%01111110	; PLOK
   5987  ffec				  -	      .byte	%01101100	; PLOK
   5988  ffec				  -	      .byte	%00100100	; PLOK
   5989  ffec				  -	      .byte	%00110000	; PLOK
   5990  ffec				  -	      .byte	%00110000	; PLOK
   5991  ffec				  -	      .byte	%00000000	; PLOK
   5992  ffec				  -
   5993  ffec				  -			;byte %00000000 ; PLOK
   5994  ffec				  -
   5995  ffec				  -	      .byte	%00000000	; PLOK
   5996  ffec				  -	      .byte	%00111100	; PLOK
   5997  ffec				  -	      .byte	%01001110	; PLOK
   5998  ffec				  -	      .byte	%00011100	; PLOK
   5999  ffec				  -	      .byte	%01100000	; PLOK
   6000  ffec				  -	      .byte	%01111100	; PLOK
   6001  ffec				  -	      .byte	%00011100	; PLOK
   6002  ffec				  -	      .byte	%00000000	; PLOK
   6003  ffec				  -
   6004  ffec				  -			;byte %00000000 ; PLOK
   6005  ffec				  -
   6006  ffec				  -	      .byte	%00000000	; PLOK
   6007  ffec				  -	      .byte	%00111100	; PLOK
   6008  ffec				  -	      .byte	%01000110	; PLOK
   6009  ffec				  -	      .byte	%01101100	; PLOK
   6010  ffec				  -	      .byte	%01110000	; PLOK
   6011  ffec				  -	      .byte	%00111000	; PLOK
   6012  ffec				  -	      .byte	%00010000	; PLOK
   6013  ffec				  -	      .byte	%00000000	; PLOK
   6014  ffec				  -
   6015  ffec				  -			;byte %00000000 ; PLOK
   6016  ffec				  -
   6017  ffec				  -	      .byte	%00000000	; PLOK
   6018  ffec				  -	      .byte	%00111100	; PLOK
   6019  ffec				  -	      .byte	%00011100	; PLOK
   6020  ffec				  -	      .byte	%00001100	; PLOK
   6021  ffec				  -	      .byte	%00000110	; PLOK
   6022  ffec				  -	      .byte	%01111110	; PLOK
   6023  ffec				  -	      .byte	%00110000	; PLOK
   6024  ffec				  -	      .byte	%00000000	; PLOK
   6025  ffec				  -
   6026  ffec				  -			;byte %00000000 ; PLOK
   6027  ffec				  -
   6028  ffec				  -	      .byte	%00000000	; PLOK
   6029  ffec				  -	      .byte	%00111100	; PLOK
   6030  ffec				  -	      .byte	%01001110	; PLOK
   6031  ffec				  -	      .byte	%01101110	; PLOK
   6032  ffec				  -	      .byte	%00111100	; PLOK
   6033  ffec				  -	      .byte	%01100100	; PLOK
   6034  ffec				  -	      .byte	%00111000	; PLOK
   6035  ffec				  -	      .byte	%00000000	; PLOK
   6036  ffec				  -
   6037  ffec				  -			;byte %00000000 ; PLOK
   6038  ffec				  -
   6039  ffec				  -	      .byte	%00000000	; PLOK
   6040  ffec				  -	      .byte	%00011000	; PLOK
   6041  ffec				  -	      .byte	%00001100	; PLOK
   6042  ffec				  -	      .byte	%00011100	; PLOK
   6043  ffec				  -	      .byte	%00100110	; PLOK
   6044  ffec				  -	      .byte	%01001110	; PLOK
   6045  ffec				  -	      .byte	%00111100	; PLOK
   6046  ffec				  -	      .byte	%00000000	; PLOK
   6047  ffec				  -
   6048  ffec				  -	      ifconst	fontcharsHEX
   6049  ffec				  -LENHEX     =	48
   6050  ffec				  -
   6051  ffec				  -			;byte %00000000 ; PLOK
   6052  ffec				  -
   6053  ffec				  -	      .byte	%00000000	; PLOK
   6054  ffec				  -	      .byte	%01100010	; PLOK
   6055  ffec				  -	      .byte	%01100110	; PLOK
   6056  ffec				  -	      .byte	%01111110	; PLOK
   6057  ffec				  -	      .byte	%00101100	; PLOK
   6058  ffec				  -	      .byte	%00101000	; PLOK
   6059  ffec				  -	      .byte	%00110000	; PLOK
   6060  ffec				  -	      .byte	%00000000	; PLOK
   6061  ffec				  -
   6062  ffec				  -			;byte %00000000 ; PLOK
   6063  ffec				  -
   6064  ffec				  -	      .byte	%00000000	; PLOK
   6065  ffec				  -	      .byte	%01111100	; PLOK
   6066  ffec				  -	      .byte	%00110010	; PLOK
   6067  ffec				  -	      .byte	%00110110	; PLOK
   6068  ffec				  -	      .byte	%00111100	; PLOK
   6069  ffec				  -	      .byte	%00110110	; PLOK
   6070  ffec				  -	      .byte	%01111100	; PLOK
   6071  ffec				  -	      .byte	%00000000	; PLOK
   6072  ffec				  -
   6073  ffec				  -			;byte %00000000 ; PLOK
   6074  ffec				  -
   6075  ffec				  -	      .byte	%00000000	; PLOK
   6076  ffec				  -	      .byte	%00111100	; PLOK
   6077  ffec				  -	      .byte	%01100110	; PLOK
   6078  ffec				  -	      .byte	%01100000	; PLOK
   6079  ffec				  -	      .byte	%01100100	; PLOK
   6080  ffec				  -	      .byte	%00101110	; PLOK
   6081  ffec				  -	      .byte	%00011100	; PLOK
   6082  ffec				  -	      .byte	%00000000	; PLOK
   6083  ffec				  -
   6084  ffec				  -			;byte %00000000 ; PLOK
   6085  ffec				  -
   6086  ffec				  -	      .byte	%00000000	; PLOK
   6087  ffec				  -	      .byte	%01111100	; PLOK
   6088  ffec				  -	      .byte	%00110010	; PLOK
   6089  ffec				  -	      .byte	%00110010	; PLOK
   6090  ffec				  -	      .byte	%00110110	; PLOK
   6091  ffec				  -	      .byte	%01111100	; PLOK
   6092  ffec				  -	      .byte	%01111000	; PLOK
   6093  ffec				  -	      .byte	%00000000	; PLOK
   6094  ffec				  -
   6095  ffec				  -			;byte %00000000 ; PLOK
   6096  ffec				  -
   6097  ffec				  -	      .byte	%00000000	; PLOK
   6098  ffec				  -	      .byte	%01111110	; PLOK
   6099  ffec				  -	      .byte	%00110000	; PLOK
   6100  ffec				  -	      .byte	%00111000	; PLOK
   6101  ffec				  -	      .byte	%00111100	; PLOK
   6102  ffec				  -	      .byte	%00110000	; PLOK
   6103  ffec				  -	      .byte	%01111110	; PLOK
   6104  ffec				  -	      .byte	%00000000	; PLOK
   6105  ffec				  -
   6106  ffec				  -			;byte %00000000 ; PLOK
   6107  ffec				  -
   6108  ffec				  -	      .byte	%00000000	; PLOK
   6109  ffec				  -	      .byte	%01100000	; PLOK
   6110  ffec				  -	      .byte	%01100000	; PLOK
   6111  ffec				  -	      .byte	%00111000	; PLOK
   6112  ffec				  -	      .byte	%00100000	; PLOK
   6113  ffec				  -	      .byte	%01111110	; PLOK
   6114  ffec				  -	      .byte	%00011100	; PLOK
   6115  ffec				  -	      .byte	%00000000	; PLOK
   6116  ffec				  -
   6117  ffec				  -			;byte %00000000 ; PLOK
   6118  ffec				  -			;byte %00000000 ; PLOK
   6119  ffec				  -			;byte %00000000 ; PLOK
   6120  ffec				  -			;byte %00000000 ; PLOK
   6121  ffec				  -
   6122  ffec				  -
   6123  ffec				  -	      else
   6124  ffec				  -LENHEX     =	0
   6125  ffec				  -	      endif		; fontcharsHEX
   6126  ffec					      endif		; PLOK
   6127  ffec
   6128  ffec
   6129  ffec
   6130  ffec				  -	      if	fontstyle == SQUISH
   6131  ffec				  -
   6132  ffec				  -LENDEC     =	80
   6133  ffec				  -
   6134  ffec				  -			;byte %00000000 ; SQUISH
   6135  ffec				  -
   6136  ffec				  -	      .byte	%00111100	; SQUISH
   6137  ffec				  -	      .byte	%01100110	; SQUISH
   6138  ffec				  -	      .byte	%01100110	; SQUISH
   6139  ffec				  -	      .byte	%01100110	; SQUISH
   6140  ffec				  -	      .byte	%00111100	; SQUISH
   6141  ffec				  -	      .byte	%00000000	; SQUISH
   6142  ffec				  -	      .byte	%00000000	; SQUISH
   6143  ffec				  -	      .byte	%00000000	; SQUISH
   6144  ffec				  -
   6145  ffec				  -			;byte %00000000 ; SQUISH
   6146  ffec				  -
   6147  ffec				  -	      .byte	%01111110	; SQUISH
   6148  ffec				  -	      .byte	%00011000	; SQUISH
   6149  ffec				  -	      .byte	%00011000	; SQUISH
   6150  ffec				  -	      .byte	%00111000	; SQUISH
   6151  ffec				  -	      .byte	%00011000	; SQUISH
   6152  ffec				  -	      .byte	%00000000	; SQUISH
   6153  ffec				  -	      .byte	%00000000	; SQUISH
   6154  ffec				  -	      .byte	%00000000	; SQUISH
   6155  ffec				  -
   6156  ffec				  -			;byte %00000000 ; SQUISH
   6157  ffec				  -
   6158  ffec				  -	      .byte	%01111110	; SQUISH
   6159  ffec				  -	      .byte	%01100000	; SQUISH
   6160  ffec				  -	      .byte	%00111100	; SQUISH
   6161  ffec				  -	      .byte	%00000110	; SQUISH
   6162  ffec				  -	      .byte	%01111100	; SQUISH
   6163  ffec				  -	      .byte	%00000000	; SQUISH
   6164  ffec				  -	      .byte	%00000000	; SQUISH
   6165  ffec				  -	      .byte	%00000000	; SQUISH
   6166  ffec				  -
   6167  ffec				  -			;byte %00000000 ; SQUISH
   6168  ffec				  -
   6169  ffec				  -	      .byte	%01111100	; SQUISH
   6170  ffec				  -	      .byte	%00000110	; SQUISH
   6171  ffec				  -	      .byte	%00011100	; SQUISH
   6172  ffec				  -	      .byte	%00000110	; SQUISH
   6173  ffec				  -	      .byte	%01111100	; SQUISH
   6174  ffec				  -	      .byte	%00000000	; SQUISH
   6175  ffec				  -	      .byte	%00000000	; SQUISH
   6176  ffec				  -	      .byte	%00000000	; SQUISH
   6177  ffec				  -
   6178  ffec				  -			;byte %00000000 ; SQUISH
   6179  ffec				  -
   6180  ffec				  -	      .byte	%00001100	; SQUISH
   6181  ffec				  -	      .byte	%01111110	; SQUISH
   6182  ffec				  -	      .byte	%01001100	; SQUISH
   6183  ffec				  -	      .byte	%00101100	; SQUISH
   6184  ffec				  -	      .byte	%00011100	; SQUISH
   6185  ffec				  -	      .byte	%00000000	; SQUISH
   6186  ffec				  -	      .byte	%00000000	; SQUISH
   6187  ffec				  -	      .byte	%00000000	; SQUISH
   6188  ffec				  -
   6189  ffec				  -			;byte %00000000 ; SQUISH
   6190  ffec				  -
   6191  ffec				  -	      .byte	%01111100	; SQUISH
   6192  ffec				  -	      .byte	%00000110	; SQUISH
   6193  ffec				  -	      .byte	%00111100	; SQUISH
   6194  ffec				  -	      .byte	%01100000	; SQUISH
   6195  ffec				  -	      .byte	%01111110	; SQUISH
   6196  ffec				  -	      .byte	%00000000	; SQUISH
   6197  ffec				  -	      .byte	%00000000	; SQUISH
   6198  ffec				  -	      .byte	%00000000	; SQUISH
   6199  ffec				  -
   6200  ffec				  -			;byte %00000000 ; SQUISH
   6201  ffec				  -
   6202  ffec				  -	      .byte	%00111100	; SQUISH
   6203  ffec				  -	      .byte	%01100110	; SQUISH
   6204  ffec				  -	      .byte	%01111100	; SQUISH
   6205  ffec				  -	      .byte	%01100000	; SQUISH
   6206  ffec				  -	      .byte	%00111100	; SQUISH
   6207  ffec				  -	      .byte	%00000000	; SQUISH
   6208  ffec				  -	      .byte	%00000000	; SQUISH
   6209  ffec				  -	      .byte	%00000000	; SQUISH
   6210  ffec				  -
   6211  ffec				  -			;byte %00000000 ; SQUISH
   6212  ffec				  -
   6213  ffec				  -	      .byte	%00110000	; SQUISH
   6214  ffec				  -	      .byte	%00011000	; SQUISH
   6215  ffec				  -	      .byte	%00001100	; SQUISH
   6216  ffec				  -	      .byte	%00000110	; SQUISH
   6217  ffec				  -	      .byte	%01111110	; SQUISH
   6218  ffec				  -	      .byte	%00000000	; SQUISH
   6219  ffec				  -	      .byte	%00000000	; SQUISH
   6220  ffec				  -	      .byte	%00000000	; SQUISH
   6221  ffec				  -
   6222  ffec				  -			;byte %00000000 ; SQUISH
   6223  ffec				  -
   6224  ffec				  -	      .byte	%00111100	; SQUISH
   6225  ffec				  -	      .byte	%01100110	; SQUISH
   6226  ffec				  -	      .byte	%00111100	; SQUISH
   6227  ffec				  -	      .byte	%01100110	; SQUISH
   6228  ffec				  -	      .byte	%00111100	; SQUISH
   6229  ffec				  -	      .byte	%00000000	; SQUISH
   6230  ffec				  -	      .byte	%00000000	; SQUISH
   6231  ffec				  -	      .byte	%00000000	; SQUISH
   6232  ffec				  -
   6233  ffec				  -			;byte %00000000 ; SQUISH
   6234  ffec				  -
   6235  ffec				  -	      .byte	%00111100	; SQUISH
   6236  ffec				  -	      .byte	%00000110	; SQUISH
   6237  ffec				  -	      .byte	%00111110	; SQUISH
   6238  ffec				  -	      .byte	%01100110	; SQUISH
   6239  ffec				  -	      .byte	%00111100	; SQUISH
   6240  ffec				  -	      .byte	%00000000	; SQUISH
   6241  ffec				  -	      .byte	%00000000	; SQUISH
   6242  ffec				  -	      .byte	%00000000	; SQUISH
   6243  ffec				  -
   6244  ffec				  -			;byte %00000000 ; SQUISH
   6245  ffec				  -
   6246  ffec				  -	      ifconst	fontcharsHEX
   6247  ffec				  -LENHEX     =	48
   6248  ffec				  -
   6249  ffec				  -	      .byte	%01100110	; SQUISH
   6250  ffec				  -	      .byte	%01100110	; SQUISH
   6251  ffec				  -	      .byte	%01111110	; SQUISH
   6252  ffec				  -	      .byte	%01100110	; SQUISH
   6253  ffec				  -	      .byte	%00111100	; SQUISH
   6254  ffec				  -	      .byte	%00000000	; SQUISH
   6255  ffec				  -	      .byte	%00000000	; SQUISH
   6256  ffec				  -	      .byte	%00000000	; SQUISH
   6257  ffec				  -
   6258  ffec				  -			;byte %00000000 ; SQUISH
   6259  ffec				  -
   6260  ffec				  -	      .byte	%01111100	; SQUISH
   6261  ffec				  -	      .byte	%01100110	; SQUISH
   6262  ffec				  -	      .byte	%01111100	; SQUISH
   6263  ffec				  -	      .byte	%01100110	; SQUISH
   6264  ffec				  -	      .byte	%01111100	; SQUISH
   6265  ffec				  -	      .byte	%00000000	; SQUISH
   6266  ffec				  -	      .byte	%00000000	; SQUISH
   6267  ffec				  -	      .byte	%00000000	; SQUISH
   6268  ffec				  -
   6269  ffec				  -			;byte %00000000 ; SQUISH
   6270  ffec				  -
   6271  ffec				  -	      .byte	%00111100	; SQUISH
   6272  ffec				  -	      .byte	%01100110	; SQUISH
   6273  ffec				  -	      .byte	%01100000	; SQUISH
   6274  ffec				  -	      .byte	%01100110	; SQUISH
   6275  ffec				  -	      .byte	%00111100	; SQUISH
   6276  ffec				  -	      .byte	%00000000	; SQUISH
   6277  ffec				  -	      .byte	%00000000	; SQUISH
   6278  ffec				  -	      .byte	%00000000	; SQUISH
   6279  ffec				  -
   6280  ffec				  -			;byte %00000000 ; SQUISH
   6281  ffec				  -
   6282  ffec				  -	      .byte	%01111100	; SQUISH
   6283  ffec				  -	      .byte	%01100110	; SQUISH
   6284  ffec				  -	      .byte	%01100110	; SQUISH
   6285  ffec				  -	      .byte	%01100110	; SQUISH
   6286  ffec				  -	      .byte	%01111100	; SQUISH
   6287  ffec				  -	      .byte	%00000000	; SQUISH
   6288  ffec				  -	      .byte	%00000000	; SQUISH
   6289  ffec				  -	      .byte	%00000000	; SQUISH
   6290  ffec				  -
   6291  ffec				  -			;byte %00000000 ; SQUISH
   6292  ffec				  -
   6293  ffec				  -	      .byte	%01111110	; SQUISH
   6294  ffec				  -	      .byte	%01100000	; SQUISH
   6295  ffec				  -	      .byte	%01111100	; SQUISH
   6296  ffec				  -	      .byte	%01100000	; SQUISH
   6297  ffec				  -	      .byte	%01111110	; SQUISH
   6298  ffec				  -	      .byte	%00000000	; SQUISH
   6299  ffec				  -	      .byte	%00000000	; SQUISH
   6300  ffec				  -	      .byte	%00000000	; SQUISH
   6301  ffec				  -
   6302  ffec				  -			;byte %00000000 ; SQUISH
   6303  ffec				  -
   6304  ffec				  -	      .byte	%01100000	; SQUISH
   6305  ffec				  -	      .byte	%01100000	; SQUISH
   6306  ffec				  -	      .byte	%01111100	; SQUISH
   6307  ffec				  -	      .byte	%01100000	; SQUISH
   6308  ffec				  -	      .byte	%01111110	; SQUISH
   6309  ffec				  -	      .byte	%00000000	; SQUISH
   6310  ffec				  -	      .byte	%00000000	; SQUISH
   6311  ffec				  -	      .byte	%00000000	; SQUISH
   6312  ffec				  -
   6313  ffec				  -			;byte %00000000 ; SQUISH
   6314  ffec				  -			;byte %00000000 ; SQUISH
   6315  ffec				  -			;byte %00000000 ; SQUISH
   6316  ffec				  -			;byte %00000000 ; SQUISH
   6317  ffec				  -
   6318  ffec				  -	      else
   6319  ffec				  -LENHEX     =	0
   6320  ffec				  -	      endif		; fontcharsHEX 
   6321  ffec					      endif		; SQUISH
   6322  ffec
   6323  ffec
   6324  ffec
   6325  ffec
   6326  ffec
   6327  ffec
   6328  ffec				  -	      if	fontstyle == NOFONT
   6329  ffec				  -LENDEC     =	0
   6330  ffec				  -LENHEX     =	0
   6331  ffec					      endif		; NOFONT
   6332  ffec
   6333  ffec
   6334  ffec							; ### any characters that aren't font specific follow... 
   6335  ffec
   6336  ffec				  -	      ifconst	fontcharSPACE
   6337  ffec				  -LENSPACE   =	8
   6338  ffec				  -			;byte %00000000 ; SYMBOLS
   6339  ffec				  -
   6340  ffec				  -	      .byte	%00000000	; SYMBOLS
   6341  ffec				  -	      .byte	%00000000	; SYMBOLS
   6342  ffec				  -	      .byte	%00000000	; SYMBOLS
   6343  ffec				  -	      .byte	%00000000	; SYMBOLS
   6344  ffec				  -	      .byte	%00000000	; SYMBOLS
   6345  ffec				  -	      .byte	%00000000	; SYMBOLS
   6346  ffec				  -	      .byte	%00000000	; SYMBOLS
   6347  ffec				  -	      .byte	%00000000	; SYMBOLS
   6348  ffec				  -
   6349  ffec				  -			;byte %00000000 ; SYMBOLS
   6350  ffec					      else
   6351  ffec		       00 00	   LENSPACE   =	0
   6352  ffec					      endif		; fontcharSPACE
   6353  ffec
   6354  ffec				  -	      ifconst	fontcharDOLLAR
   6355  ffec				  -LENDOLLAR  =	8
   6356  ffec				  -			;byte %00000000 ; SYMBOLS
   6357  ffec				  -
   6358  ffec				  -	      .byte	%00000000	; SYMBOLS
   6359  ffec				  -	      .byte	%00010000	; SYMBOLS
   6360  ffec				  -	      .byte	%01111100	; SYMBOLS
   6361  ffec				  -	      .byte	%00010010	; SYMBOLS
   6362  ffec				  -	      .byte	%01111100	; SYMBOLS
   6363  ffec				  -	      .byte	%10010000	; SYMBOLS
   6364  ffec				  -	      .byte	%01111100	; SYMBOLS
   6365  ffec				  -	      .byte	%00010000	; SYMBOLS
   6366  ffec				  -
   6367  ffec				  -			;byte %00000000 ; SYMBOLS
   6368  ffec				  -
   6369  ffec					      else
   6370  ffec		       00 00	   LENDOLLAR  =	0
   6371  ffec					      endif		; fontcharDOLLAR
   6372  ffec
   6373  ffec				  -	      ifconst	fontcharPOUND
   6374  ffec				  -LENPOUND   =	8
   6375  ffec				  -			;byte %00000000 ; SYMBOLS
   6376  ffec				  -
   6377  ffec				  -	      .byte	%01111110	; SYMBOLS
   6378  ffec				  -	      .byte	%01000000	; SYMBOLS
   6379  ffec				  -	      .byte	%00100000	; SYMBOLS
   6380  ffec				  -	      .byte	%00100000	; SYMBOLS
   6381  ffec				  -	      .byte	%01111000	; SYMBOLS
   6382  ffec				  -	      .byte	%00100000	; SYMBOLS
   6383  ffec				  -	      .byte	%00100010	; SYMBOLS
   6384  ffec				  -	      .byte	%00011100	; SYMBOLS
   6385  ffec				  -
   6386  ffec				  -			;byte %00000000 ; SYMBOLS
   6387  ffec				  -
   6388  ffec					      else
   6389  ffec		       00 00	   LENPOUND   =	0
   6390  ffec					      endif		; fontcharPOUND
   6391  ffec
   6392  ffec
   6393  ffec				  -	      ifconst	fontcharMRHAPPY
   6394  ffec				  -LENMRHAPPY =	8
   6395  ffec				  -			;byte %00000000 ; SYMBOLS
   6396  ffec				  -
   6397  ffec				  -	      .byte	%00111100	; SYMBOLS
   6398  ffec				  -	      .byte	%01100110	; SYMBOLS
   6399  ffec				  -	      .byte	%01011010	; SYMBOLS
   6400  ffec				  -	      .byte	%01111110	; SYMBOLS
   6401  ffec				  -	      .byte	%01111110	; SYMBOLS
   6402  ffec				  -	      .byte	%01011010	; SYMBOLS
   6403  ffec				  -	      .byte	%01111110	; SYMBOLS
   6404  ffec				  -	      .byte	%00111100	; SYMBOLS
   6405  ffec				  -
   6406  ffec				  -			;byte %00000000 ; SYMBOLS
   6407  ffec				  -
   6408  ffec					      else
   6409  ffec		       00 00	   LENMRHAPPY =	0
   6410  ffec					      endif		; fontcharMRHAPPY
   6411  ffec
   6412  ffec				  -	      ifconst	fontcharMRSAD
   6413  ffec				  -LENMRSAD   =	8
   6414  ffec				  -			;byte %00000000 ; SYMBOLS
   6415  ffec				  -
   6416  ffec				  -	      .byte	%00111100	; SYMBOLS
   6417  ffec				  -	      .byte	%01011010	; SYMBOLS
   6418  ffec				  -	      .byte	%01100110	; SYMBOLS
   6419  ffec				  -	      .byte	%01111110	; SYMBOLS
   6420  ffec				  -	      .byte	%01111110	; SYMBOLS
   6421  ffec				  -	      .byte	%01011010	; SYMBOLS
   6422  ffec				  -	      .byte	%01111110	; SYMBOLS
   6423  ffec				  -	      .byte	%00111100	; SYMBOLS
   6424  ffec				  -
   6425  ffec				  -			;byte %00000000 ; SYMBOLS
   6426  ffec				  -
   6427  ffec					      else
   6428  ffec		       00 00	   LENMRSAD   =	0
   6429  ffec					      endif		; fontcharMRSAD
   6430  ffec
   6431  ffec
   6432  ffec				  -	      ifconst	fontcharCOPYRIGHT
   6433  ffec				  -LENCOPYRIGHT =	8
   6434  ffec				  -			;byte %00000000 ; SYMBOLS
   6435  ffec				  -
   6436  ffec				  -	      .byte	%00000000	; SYMBOLS
   6437  ffec				  -	      .byte	%00111000	; SYMBOLS
   6438  ffec				  -	      .byte	%01000100	; SYMBOLS
   6439  ffec				  -	      .byte	%10111010	; SYMBOLS
   6440  ffec				  -	      .byte	%10100010	; SYMBOLS
   6441  ffec				  -	      .byte	%10111010	; SYMBOLS
   6442  ffec				  -	      .byte	%01000100	; SYMBOLS
   6443  ffec				  -	      .byte	%00111000	; SYMBOLS
   6444  ffec				  -
   6445  ffec				  -			;byte %00000000 ; SYMBOLS
   6446  ffec				  -
   6447  ffec					      else
   6448  ffec		       00 00	   LENCOPYRIGHT =	0
   6449  ffec					      endif		; fontcharCOPYRIGHT
   6450  ffec
   6451  ffec
   6452  ffec				  -	      ifconst	fontcharFUJI
   6453  ffec				  -LENFUJI    =	16
   6454  ffec				  -
   6455  ffec				  -			;byte %00000000 ; ** these commented-out blanks are for the preview generation program
   6456  ffec				  -
   6457  ffec				  -	      .byte	%01110000	; SYMBOLS
   6458  ffec				  -	      .byte	%01111001	; SYMBOLS
   6459  ffec				  -	      .byte	%00011101	; SYMBOLS
   6460  ffec				  -	      .byte	%00001101	; SYMBOLS
   6461  ffec				  -	      .byte	%00001101	; SYMBOLS
   6462  ffec				  -	      .byte	%00001101	; SYMBOLS
   6463  ffec				  -	      .byte	%00001101	; SYMBOLS
   6464  ffec				  -	      .byte	%00000000	; SYMBOLS
   6465  ffec				  -
   6466  ffec				  -			;byte %00000000 ; SYMBOLS
   6467  ffec				  -
   6468  ffec				  -	      .byte	%00001110	; SYMBOLS
   6469  ffec				  -	      .byte	%10011110	; SYMBOLS
   6470  ffec				  -	      .byte	%10111000	; SYMBOLS
   6471  ffec				  -	      .byte	%10110000	; SYMBOLS
   6472  ffec				  -	      .byte	%10110000	; SYMBOLS
   6473  ffec				  -	      .byte	%10110000	; SYMBOLS
   6474  ffec				  -	      .byte	%10110000	; SYMBOLS
   6475  ffec				  -	      .byte	%00000000	; SYMBOLS
   6476  ffec				  -
   6477  ffec				  -			;byte %00000000 ; SYMBOLS
   6478  ffec				  -
   6479  ffec					      else
   6480  ffec		       00 00	   LENFUJI    =	0
   6481  ffec					      endif		; fontcharFUJI
   6482  ffec
   6483  ffec
   6484  ffec				  -	      ifconst	fontcharHEART
   6485  ffec				  -LENHEART   =	8
   6486  ffec				  -			;byte %00000000 ; SYMBOLS
   6487  ffec				  -
   6488  ffec				  -	      .byte	%00010000	; SYMBOLS
   6489  ffec				  -	      .byte	%00111000	; SYMBOLS
   6490  ffec				  -	      .byte	%01111100	; SYMBOLS
   6491  ffec				  -	      .byte	%01111100	; SYMBOLS
   6492  ffec				  -	      .byte	%11111110	; SYMBOLS
   6493  ffec				  -	      .byte	%11111110	; SYMBOLS
   6494  ffec				  -	      .byte	%11101110	; SYMBOLS
   6495  ffec				  -	      .byte	%01000100	; SYMBOLS
   6496  ffec				  -
   6497  ffec				  -			;byte %00000000 ; SYMBOLS
   6498  ffec				  -
   6499  ffec					      else
   6500  ffec		       00 00	   LENHEART   =	0
   6501  ffec					      endif		; fontcharHEART
   6502  ffec
   6503  ffec				  -	      ifconst	fontcharDIAMOND
   6504  ffec				  -LENDIAMOND =	8
   6505  ffec				  -			;byte %00000000 ; SYMBOLS
   6506  ffec				  -
   6507  ffec				  -	      .byte	%00010000	; SYMBOLS
   6508  ffec				  -	      .byte	%00111000	; SYMBOLS
   6509  ffec				  -	      .byte	%01111100	; SYMBOLS
   6510  ffec				  -	      .byte	%11111110	; SYMBOLS
   6511  ffec				  -	      .byte	%11111110	; SYMBOLS
   6512  ffec				  -	      .byte	%01111100	; SYMBOLS
   6513  ffec				  -	      .byte	%00111000	; SYMBOLS
   6514  ffec				  -	      .byte	%00010000	; SYMBOLS
   6515  ffec				  -
   6516  ffec				  -			;byte %00000000 ; SYMBOLS
   6517  ffec				  -
   6518  ffec					      else
   6519  ffec		       00 00	   LENDIAMOND =	0
   6520  ffec					      endif		; fontcharDIAMOND
   6521  ffec
   6522  ffec				  -	      ifconst	fontcharSPADE
   6523  ffec				  -LENSPADE   =	8
   6524  ffec				  -			;byte %00000000 ; SYMBOLS
   6525  ffec				  -
   6526  ffec				  -	      .byte	%00111000	; SYMBOLS
   6527  ffec				  -	      .byte	%00010000	; SYMBOLS
   6528  ffec				  -	      .byte	%01010100	; SYMBOLS
   6529  ffec				  -	      .byte	%11111110	; SYMBOLS
   6530  ffec				  -	      .byte	%11111110	; SYMBOLS
   6531  ffec				  -	      .byte	%01111100	; SYMBOLS
   6532  ffec				  -	      .byte	%00111000	; SYMBOLS
   6533  ffec				  -	      .byte	%00010000	; SYMBOLS
   6534  ffec				  -
   6535  ffec				  -			;byte %00000000 ; SYMBOLS
   6536  ffec				  -
   6537  ffec					      else
   6538  ffec		       00 00	   LENSPADE   =	0
   6539  ffec					      endif		; fontcharSPADE
   6540  ffec
   6541  ffec				  -	      ifconst	fontcharCLUB
   6542  ffec				  -LENCLUB    =	8
   6543  ffec				  -			;byte %00000000 ; SYMBOLS
   6544  ffec				  -
   6545  ffec				  -	      .byte	%00111000	; SYMBOLS
   6546  ffec				  -	      .byte	%00010000	; SYMBOLS
   6547  ffec				  -	      .byte	%11010110	; SYMBOLS
   6548  ffec				  -	      .byte	%11111110	; SYMBOLS
   6549  ffec				  -	      .byte	%11010110	; SYMBOLS
   6550  ffec				  -	      .byte	%00111000	; SYMBOLS
   6551  ffec				  -	      .byte	%00111000	; SYMBOLS
   6552  ffec				  -	      .byte	%00000000	; SYMBOLS
   6553  ffec				  -
   6554  ffec				  -			;byte %00000000 ; SYMBOLS
   6555  ffec				  -
   6556  ffec					      else
   6557  ffec		       00 00	   LENCLUB    =	0
   6558  ffec					      endif		; fontcharCLUB
   6559  ffec
   6560  ffec
   6561  ffec				  -	      ifconst	fontcharCOLON
   6562  ffec				  -LENCOLON   =	8
   6563  ffec				  -			;byte %00000000 ; SYMBOLS
   6564  ffec				  -
   6565  ffec				  -	      .byte	%00000000	; SYMBOLS
   6566  ffec				  -	      .byte	%00011000	; SYMBOLS
   6567  ffec				  -	      .byte	%00011000	; SYMBOLS
   6568  ffec				  -	      .byte	%00000000	; SYMBOLS
   6569  ffec				  -	      .byte	%00000000	; SYMBOLS
   6570  ffec				  -	      .byte	%00011000	; SYMBOLS
   6571  ffec				  -	      .byte	%00011000	; SYMBOLS
   6572  ffec				  -	      .byte	%00000000	; SYMBOLS
   6573  ffec				  -
   6574  ffec				  -			;byte %00000000 ; SYMBOLS
   6575  ffec				  -
   6576  ffec					      else
   6577  ffec		       00 00	   LENCOLON   =	0
   6578  ffec					      endif		; fontcharCOLON
   6579  ffec
   6580  ffec
   6581  ffec				  -	      ifconst	fontcharBLOCK
   6582  ffec				  -LENBLOCK   =	8
   6583  ffec				  -
   6584  ffec				  -			;byte %00000000 ; SYMBOLS
   6585  ffec				  -
   6586  ffec				  -	      .byte	%11111111	; SYMBOLS
   6587  ffec				  -	      .byte	%11111111	; SYMBOLS
   6588  ffec				  -	      .byte	%11111111	; SYMBOLS
   6589  ffec				  -	      .byte	%11111111	; SYMBOLS
   6590  ffec				  -	      .byte	%11111111	; SYMBOLS
   6591  ffec				  -	      .byte	%11111111	; SYMBOLS
   6592  ffec				  -	      .byte	%11111111	; SYMBOLS
   6593  ffec				  -	      .byte	%11111111	; SYMBOLS
   6594  ffec				  -
   6595  ffec				  -			;byte %00000000 ; SYMBOLS
   6596  ffec				  -
   6597  ffec					      else
   6598  ffec		       00 00	   LENBLOCK   =	0
   6599  ffec					      endif		; fontcharBLOCK
   6600  ffec
   6601  ffec				  -	      ifconst	fontcharUNDERLINE
   6602  ffec				  -LENUNDERLINE =	8
   6603  ffec				  -
   6604  ffec				  -			;byte %00000000 ; SYMBOLS
   6605  ffec				  -
   6606  ffec				  -	      .byte	%11111111	; SYMBOLS
   6607  ffec				  -	      .byte	%00000000	; SYMBOLS
   6608  ffec				  -	      .byte	%00000000	; SYMBOLS
   6609  ffec				  -	      .byte	%00000000	; SYMBOLS
   6610  ffec				  -	      .byte	%00000000	; SYMBOLS
   6611  ffec				  -	      .byte	%00000000	; SYMBOLS
   6612  ffec				  -	      .byte	%00000000	; SYMBOLS
   6613  ffec				  -	      .byte	%00000000	; SYMBOLS
   6614  ffec				  -
   6615  ffec				  -			;byte %00000000 ; SYMBOLS
   6616  ffec				  -
   6617  ffec					      else
   6618  ffec		       00 00	   LENUNDERLINE =	0
   6619  ffec					      endif		; fontcharUNDERLINE
   6620  ffec
   6621  ffec				  -	      ifconst	fontcharARISIDE
   6622  ffec				  -LENARISIDE =	8
   6623  ffec				  -			;byte %00000000 ; SYMBOLS
   6624  ffec				  -
   6625  ffec				  -	      .byte	%00000000	; SYMBOLS
   6626  ffec				  -	      .byte	%00101010	; SYMBOLS
   6627  ffec				  -	      .byte	%00101010	; SYMBOLS
   6628  ffec				  -	      .byte	%00101100	; SYMBOLS
   6629  ffec				  -	      .byte	%01111111	; SYMBOLS
   6630  ffec				  -	      .byte	%00110111	; SYMBOLS
   6631  ffec				  -	      .byte	%00000010	; SYMBOLS
   6632  ffec				  -	      .byte	%00000001	; SYMBOLS
   6633  ffec				  -
   6634  ffec				  -			;byte %00000000 ; SYMBOLS
   6635  ffec				  -
   6636  ffec					      else
   6637  ffec		       00 00	   LENARISIDE =	0
   6638  ffec					      endif		; fontcharARISIDE
   6639  ffec
   6640  ffec				  -	      ifconst	fontcharARIFACE
   6641  ffec				  -LENARIFACE =	8
   6642  ffec				  -			;byte %00000000 ; SYMBOLS
   6643  ffec				  -
   6644  ffec				  -	      .byte	%00001000	; SYMBOLS
   6645  ffec				  -	      .byte	%00011100	; SYMBOLS
   6646  ffec				  -	      .byte	%00111110	; SYMBOLS
   6647  ffec				  -	      .byte	%00101010	; SYMBOLS
   6648  ffec				  -	      .byte	%00011100	; SYMBOLS
   6649  ffec				  -	      .byte	%01010100	; SYMBOLS
   6650  ffec				  -	      .byte	%00100100	; SYMBOLS
   6651  ffec				  -	      .byte	%00000010	; SYMBOLS
   6652  ffec				  -
   6653  ffec				  -			;byte %00000000 ; SYMBOLS
   6654  ffec				  -
   6655  ffec				  -
   6656  ffec					      else
   6657  ffec		       00 00	   LENARIFACE =	0
   6658  ffec					      endif		; fontcharARIRACE
   6659  ffec
   6660  ffec							;byte %00000000 ; SYMBOLS
   6661  ffec							;byte %00000000 ; SYMBOLS
   6662  ffec							;byte %00000000 ; SYMBOLS
   6663  ffec							;byte %00000000 ; SYMBOLS
   6664  ffec
   6665  ffec				   scoretableend
   6666  ffec
   6667  ffec				  -	      ifconst	ROM2k
   6668  ffec				  -	      ORG	$F7FC
   6669  ffec					      else
   6670  ffec				  -	      ifconst	bankswitch
   6671  ffec				  -	      if	bankswitch == 8
   6672  ffec				  -	      ORG	$2FF4-bscode_length
   6673  ffec				  -	      RORG	$FFF4-bscode_length
   6674  ffec				  -	      endif
   6675  ffec				  -	      if	bankswitch == 16
   6676  ffec				  -	      ORG	$4FF4-bscode_length
   6677  ffec				  -	      RORG	$FFF4-bscode_length
   6678  ffec				  -	      endif
   6679  ffec				  -	      if	bankswitch == 32
   6680  ffec				  -	      ORG	$8FF4-bscode_length
   6681  ffec				  -	      RORG	$FFF4-bscode_length
   6682  ffec				  -	      endif
   6683  ffec					      else
   6684  fffc					      ORG	$FFFC
   6685  fffc					      endif
   6686  fffc					      endif
   6687  fffc							; Provided under the CC0 license. See the included LICENSE.txt for details.
   6688  fffc
   6689  fffc				  -	      ifconst	bankswitch
   6690  fffc				  -	      if	bankswitch == 8
   6691  fffc				  -	      ORG	$2FFC
   6692  fffc				  -	      RORG	$FFFC
   6693  fffc				  -	      endif
   6694  fffc				  -	      if	bankswitch == 16
   6695  fffc				  -	      ORG	$4FFC
   6696  fffc				  -	      RORG	$FFFC
   6697  fffc				  -	      endif
   6698  fffc				  -	      if	bankswitch == 32
   6699  fffc				  -	      ORG	$8FFC
   6700  fffc				  -	      RORG	$FFFC
   6701  fffc				  -	      endif
   6702  fffc				  -	      if	bankswitch == 64
   6703  fffc				  -	      ORG	$10FF0
   6704  fffc				  -	      RORG	$1FFF0
   6705  fffc				  -	      lda	$ffe0	; we use wasted space to assist stella with EF format auto-detection
   6706  fffc				  -	      ORG	$10FF8
   6707  fffc				  -	      RORG	$1FFF8
   6708  fffc				  -	      ifconst	superchip
   6709  fffc				  -	      .byte	"E","F","S","C"
   6710  fffc				  -	      else
   6711  fffc				  -	      .byte	"E","F","E","F"
   6712  fffc				  -	      endif
   6713  fffc				  -	      ORG	$10FFC
   6714  fffc				  -	      RORG	$1FFFC
   6715  fffc				  -	      endif
   6716  fffc					      else
   6717  fffc				  -	      ifconst	ROM2k
   6718  fffc				  -	      ORG	$F7FC
   6719  fffc					      else
   6720  fffc					      ORG	$FFFC
   6721  fffc					      endif
   6722  fffc					      endif
   6723  fffc		       00 f0		      .word.w	(start & $ffff)
   6724  fffe		       00 f0		      .word.w	(start & $ffff)
